address	titles	sample_titles
0000	8	BC's Quest for Tires; Chuck Norris - Super Kicks; Evolution
0001	6	BC's Quest for Tires; Boulder Dash; Chuck Norris - Super Kicks
0002	4	BC's Quest for Tires; Boulder Dash; Final Test Cartridge
0003	4	BC's Quest for Tires; Boulder Dash; Final Test Cartridge
0004	5	BC's Quest for Tires; Boulder Dash; Final Test Cartridge
0005	4	BC's Quest for Tires; Boulder Dash; Final Test Cartridge
0006	5	BC's Quest for Tires; Boulder Dash; Final Test Cartridge
0007	6	BC's Quest for Tires; Boulder Dash; Evolution
0008	6	BC's Quest for Tires; Boulder Dash; Evolution
0009	5	BC's Quest for Tires; Boulder Dash; Final Test Cartridge
000A	5	BC's Quest for Tires; Boulder Dash; Final Test Cartridge
000B	5	BC's Quest for Tires; Boulder Dash; Final Test Cartridge
000C	5	BC's Quest for Tires; Boulder Dash; Final Test Cartridge
000D	5	BC's Quest for Tires; Boulder Dash; Final Test Cartridge
000E	5	BC's Quest for Tires; Boulder Dash; Final Test Cartridge
000F	5	BC's Quest for Tires; Boulder Dash; Final Test Cartridge
0010	3	BC's Quest for Tires; Boulder Dash; Final Test Cartridge
0011	5	BC's Quest for Tires; Boulder Dash; Final Test Cartridge
0012	5	BC's Quest for Tires; Boulder Dash; Final Test Cartridge
0013	4	BC's Quest for Tires; Boulder Dash; Final Test Cartridge
0014	4	BC's Quest for Tires; Boulder Dash; Final Test Cartridge
0015	4	BC's Quest for Tires; Boulder Dash; Final Test Cartridge
0016	4	BC's Quest for Tires; Boulder Dash; Final Test Cartridge
0017	4	BC's Quest for Tires; Boulder Dash; Final Test Cartridge
0018	3	BC's Quest for Tires; Boulder Dash; Final Test Cartridge
0019	4	BC's Quest for Tires; Boulder Dash; Final Test Cartridge
001A	4	BC's Quest for Tires; Boulder Dash; Final Test Cartridge
001B	4	BC's Quest for Tires; Boulder Dash; Final Test Cartridge
001C	3	BC's Quest for Tires; Boulder Dash; Final Test Cartridge
001D	4	BC's Quest for Tires; Boulder Dash; Final Test Cartridge
001E	4	BC's Quest for Tires; Boulder Dash; Final Test Cartridge
001F	3	BC's Quest for Tires; Boulder Dash; Final Test Cartridge
0020	3	BC's Quest for Tires; Boulder Dash; Final Test Cartridge
0021	4	BC's Quest for Tires; Boulder Dash; Final Test Cartridge
0022	4	BC's Quest for Tires; Boulder Dash; Final Test Cartridge
0023	4	BC's Quest for Tires; Boulder Dash; Final Test Cartridge
0024	3	BC's Quest for Tires; Boulder Dash; Final Test Cartridge
0025	4	BC's Quest for Tires; Boulder Dash; Final Test Cartridge
0026	4	BC's Quest for Tires; Boulder Dash; Final Test Cartridge
0027	4	BC's Quest for Tires; Boulder Dash; Final Test Cartridge
0028	2	Boulder Dash; Final Test Cartridge
0029	3	Boulder Dash; Final Test Cartridge; Q-bert II
002A	3	Boulder Dash; Final Test Cartridge; Q-bert II
002B	4	Boulder Dash; Final Test Cartridge; Monkey Academy
002C	3	Boulder Dash; Final Test Cartridge; Monkey Academy
002D	3	Boulder Dash; Final Test Cartridge; Q-bert II
002E	3	Boulder Dash; Final Test Cartridge; Q-bert II
002F	3	Boulder Dash; Final Test Cartridge; Q-bert II
0030	2	Boulder Dash; Final Test Cartridge
0031	4	Boulder Dash; Final Test Cartridge; Monkey Academy
0032	4	Boulder Dash; Final Test Cartridge; Monkey Academy
0033	3	Boulder Dash; Final Test Cartridge; Q-bert II
0034	3	Boulder Dash; Final Test Cartridge; Q-bert II
0035	3	Boulder Dash; Final Test Cartridge; Q-bert II
0036	3	Boulder Dash; Final Test Cartridge; Q-bert II
0037	3	Boulder Dash; Final Test Cartridge; Q-bert II
0038	3	Boulder Dash; Final Test Cartridge; Q-bert II
0039	3	Boulder Dash; Final Test Cartridge; Q-bert II
003A	3	Boulder Dash; Final Test Cartridge; Q-bert II
003B	3	Boulder Dash; Final Test Cartridge; Q-bert II
003C	2	Boulder Dash; Final Test Cartridge
003D	3	Boulder Dash; Final Test Cartridge; Q-bert II
003E	2	Boulder Dash; Final Test Cartridge
003F	3	Boulder Dash; Final Test Cartridge; Q-bert II
0040	3	BC's Quest for Tires; Boulder Dash; Final Test Cartridge
0041	4	Boulder Dash; Final Test Cartridge; Pac-Man
0042	2	Boulder Dash; Final Test Cartridge
0043	3	Boulder Dash; Final Test Cartridge; Q-bert II
0044	2	Boulder Dash; Final Test Cartridge
0045	2	Boulder Dash; Final Test Cartridge
0046	2	Boulder Dash; Final Test Cartridge
0047	2	Boulder Dash; Final Test Cartridge
0048	2	Boulder Dash; Final Test Cartridge
0049	2	Boulder Dash; Final Test Cartridge
004A	2	Boulder Dash; Final Test Cartridge
004B	2	Boulder Dash; Final Test Cartridge
004C	2	Boulder Dash; Final Test Cartridge
004D	2	Boulder Dash; Final Test Cartridge
004E	2	Boulder Dash; Final Test Cartridge
004F	2	Boulder Dash; Final Test Cartridge
0050	3	Boulder Dash; Final Test Cartridge; Q-bert II
0051	3	Boulder Dash; Final Test Cartridge; Q-bert II
0052	2	Boulder Dash; Final Test Cartridge
0053	2	Boulder Dash; Final Test Cartridge
0054	3	Boulder Dash; Final Test Cartridge; Q-bert II
0055	3	Boulder Dash; Final Test Cartridge; Q-bert II
0056	4	Boulder Dash; Final Test Cartridge; Monkey Academy
0057	4	Boulder Dash; Final Test Cartridge; Monkey Academy
0058	2	Boulder Dash; Final Test Cartridge
0059	2	Boulder Dash; Final Test Cartridge
005A	2	Boulder Dash; Final Test Cartridge
005B	2	Boulder Dash; Final Test Cartridge
005C	3	Boulder Dash; Final Test Cartridge; Q-bert II
005D	2	Boulder Dash; Final Test Cartridge
005E	2	Boulder Dash; Final Test Cartridge
005F	2	Boulder Dash; Final Test Cartridge
0060	2	Boulder Dash; Final Test Cartridge
0061	2	Boulder Dash; Final Test Cartridge
0062	2	Boulder Dash; Final Test Cartridge
0063	2	Boulder Dash; Final Test Cartridge
0064	2	Boulder Dash; Final Test Cartridge
0065	2	Boulder Dash; Final Test Cartridge
0066	2	Boulder Dash; Final Test Cartridge
0067	2	Boulder Dash; Final Test Cartridge
0068	2	Boulder Dash; Final Test Cartridge
0069	10	Boulder Dash; Bump 'N' Jump; Fathom
006A	53	2010 - The Graphic Action Game; Alphabet Zoo; Amazing Bumpman
006B	54	2010 - The Graphic Action Game; Alphabet Zoo; Amazing Bumpman
006C	40	Boulder Dash; Brain Strainers; Cabbage Patch Kids Picture Show
006D	40	Boulder Dash; Brain Strainers; Cabbage Patch Kids Picture Show
006E	3	Boulder Dash; Final Test Cartridge; Monkey Academy
006F	4	Boulder Dash; Final Test Cartridge; Monkey Academy
0070	2	Boulder Dash; Final Test Cartridge
0071	2	Boulder Dash; Final Test Cartridge
0072	3	Boulder Dash; Final Test Cartridge; Q-bert II
0073	2	Boulder Dash; Final Test Cartridge
0074	2	Boulder Dash; Final Test Cartridge
0075	2	Boulder Dash; Final Test Cartridge
0076	3	Boulder Dash; Final Test Cartridge; Q-bert II
0077	2	Boulder Dash; Final Test Cartridge
0078	2	Boulder Dash; Final Test Cartridge
0079	2	Boulder Dash; Final Test Cartridge
007A	2	Boulder Dash; Final Test Cartridge
007B	2	Boulder Dash; Final Test Cartridge
007C	3	Boulder Dash; Final Test Cartridge; Q-bert II
007D	2	Boulder Dash; Final Test Cartridge
007E	2	Boulder Dash; Final Test Cartridge
007F	2	Boulder Dash; Final Test Cartridge
0080	3	Boulder Dash; Final Test Cartridge; Q-bert II
0081	2	Boulder Dash; Final Test Cartridge
0082	3	Boulder Dash; Final Test Cartridge; Q-bert II
0083	3	Boulder Dash; Final Test Cartridge; Q-bert II
0084	3	Boulder Dash; Final Test Cartridge; Q-bert II
0085	2	Boulder Dash; Final Test Cartridge
0086	2	Boulder Dash; Final Test Cartridge
0087	2	Boulder Dash; Final Test Cartridge
0088	3	Boulder Dash; Final Test Cartridge; Q-bert II
0089	2	Boulder Dash; Final Test Cartridge
008A	2	Boulder Dash; Final Test Cartridge
008B	3	Boulder Dash; Final Test Cartridge; Q-bert II
008C	3	Boulder Dash; Final Test Cartridge; Q-bert II
008D	2	Boulder Dash; Final Test Cartridge
008E	2	Boulder Dash; Final Test Cartridge
008F	3	Boulder Dash; Final Test Cartridge; Q-bert II
0090	2	Boulder Dash; Final Test Cartridge
0091	3	Boulder Dash; Final Test Cartridge; Q-bert II
0092	2	Boulder Dash; Final Test Cartridge
0093	3	Boulder Dash; Final Test Cartridge; Q-bert II
0094	2	Boulder Dash; Final Test Cartridge
0095	2	Boulder Dash; Final Test Cartridge
0096	3	Boulder Dash; Final Test Cartridge; Q-bert II
0097	2	Boulder Dash; Final Test Cartridge
0098	2	Boulder Dash; Final Test Cartridge
0099	2	Boulder Dash; Final Test Cartridge
009A	2	Boulder Dash; Final Test Cartridge
009B	3	Boulder Dash; Final Test Cartridge; Q-bert II
009C	3	Boulder Dash; Final Test Cartridge; Q-bert II
009D	2	Boulder Dash; Final Test Cartridge
009E	2	Boulder Dash; Final Test Cartridge
009F	3	Boulder Dash; Final Test Cartridge; Q-bert II
00A0	3	Boulder Dash; Final Test Cartridge; Q-bert II
00A1	2	Boulder Dash; Final Test Cartridge
00A2	3	Boulder Dash; Final Test Cartridge; Q-bert II
00A3	2	Boulder Dash; Final Test Cartridge
00A4	3	Boulder Dash; Final Test Cartridge; Q-bert II
00A5	2	Boulder Dash; Final Test Cartridge
00A6	2	Boulder Dash; Final Test Cartridge
00A7	2	Boulder Dash; Final Test Cartridge
00A8	2	Boulder Dash; Final Test Cartridge
00A9	2	Boulder Dash; Final Test Cartridge
00AA	2	Boulder Dash; Final Test Cartridge
00AB	2	Boulder Dash; Final Test Cartridge
00AC	3	Boulder Dash; Final Test Cartridge; Q-bert II
00AD	2	Boulder Dash; Final Test Cartridge
00AE	2	Boulder Dash; Final Test Cartridge
00AF	2	Boulder Dash; Final Test Cartridge
00B0	2	Boulder Dash; Final Test Cartridge
00B1	2	Boulder Dash; Final Test Cartridge
00B2	3	Boulder Dash; Final Test Cartridge; Q-bert II
00B3	3	Boulder Dash; Final Test Cartridge; Q-bert II
00B4	2	Boulder Dash; Final Test Cartridge
00B5	2	Boulder Dash; Final Test Cartridge
00B6	3	Boulder Dash; Final Test Cartridge; Q-bert II
00B7	2	Boulder Dash; Final Test Cartridge
00B8	3	Boulder Dash; Final Test Cartridge; Q-bert II
00B9	2	Boulder Dash; Final Test Cartridge
00BA	3	Boulder Dash; Final Test Cartridge; Q-bert II
00BB	3	Boulder Dash; Final Test Cartridge; Q-bert II
00BC	2	Boulder Dash; Final Test Cartridge
00BD	3	Boulder Dash; Final Test Cartridge; Q-bert II
00BE	2	Boulder Dash; Final Test Cartridge
00BF	2	Boulder Dash; Final Test Cartridge
00C0	2	Boulder Dash; Final Test Cartridge
00C1	2	Boulder Dash; Final Test Cartridge
00C2	3	Boulder Dash; Final Test Cartridge; Q-bert II
00C3	3	Boulder Dash; Final Test Cartridge; Q-bert II
00C4	2	Boulder Dash; Final Test Cartridge
00C5	2	Boulder Dash; Final Test Cartridge
00C6	3	Boulder Dash; Final Test Cartridge; Q-bert II
00C7	3	Boulder Dash; Final Test Cartridge; Q-bert II
00C8	3	Boulder Dash; Final Test Cartridge; Q-bert II
00C9	2	Boulder Dash; Final Test Cartridge
00CA	2	Boulder Dash; Final Test Cartridge
00CB	2	Boulder Dash; Final Test Cartridge
00CC	2	Boulder Dash; Final Test Cartridge
00CD	3	Boulder Dash; Final Test Cartridge; Q-bert II
00CE	2	Boulder Dash; Final Test Cartridge
00CF	3	Boulder Dash; Final Test Cartridge; Q-bert II
00D0	3	Boulder Dash; Final Test Cartridge; Q-bert II
00D1	2	Boulder Dash; Final Test Cartridge
00D2	3	Boulder Dash; Final Test Cartridge; Q-bert II
00D3	2	Boulder Dash; Final Test Cartridge
00D4	2	Boulder Dash; Final Test Cartridge
00D5	2	Boulder Dash; Final Test Cartridge
00D6	2	Boulder Dash; Final Test Cartridge
00D7	2	Boulder Dash; Final Test Cartridge
00D8	3	Boulder Dash; Final Test Cartridge; Q-bert II
00D9	3	Boulder Dash; Final Test Cartridge; Q-bert II
00DA	2	Boulder Dash; Final Test Cartridge
00DB	3	Boulder Dash; Final Test Cartridge; Q-bert II
00DC	2	Boulder Dash; Final Test Cartridge
00DD	3	Boulder Dash; Final Test Cartridge; Q-bert II
00DE	2	Boulder Dash; Final Test Cartridge
00DF	3	Boulder Dash; Final Test Cartridge; Q-bert II
00E0	3	Boulder Dash; Final Test Cartridge; Q-bert II
00E1	2	Boulder Dash; Final Test Cartridge
00E2	3	Boulder Dash; Final Test Cartridge; Q-bert II
00E3	2	Boulder Dash; Final Test Cartridge
00E4	3	Boulder Dash; Final Test Cartridge; Q-bert II
00E5	2	Boulder Dash; Final Test Cartridge
00E6	3	Boulder Dash; Final Test Cartridge; Q-bert II
00E7	2	Boulder Dash; Final Test Cartridge
00E8	3	Boulder Dash; Final Test Cartridge; Q-bert II
00E9	2	Boulder Dash; Final Test Cartridge
00EA	2	Boulder Dash; Final Test Cartridge
00EB	2	Boulder Dash; Final Test Cartridge
00EC	3	Boulder Dash; Final Test Cartridge; Q-bert II
00ED	2	Boulder Dash; Final Test Cartridge
00EE	3	Boulder Dash; Final Test Cartridge; Q-bert II
00EF	3	Boulder Dash; Final Test Cartridge; Q-bert II
00F0	3	Boulder Dash; Final Test Cartridge; Q-bert II
00F1	2	Boulder Dash; Final Test Cartridge
00F2	2	Boulder Dash; Final Test Cartridge
00F3	2	Boulder Dash; Final Test Cartridge
00F4	2	Boulder Dash; Final Test Cartridge
00F5	3	Boulder Dash; Final Test Cartridge; Q-bert II
00F6	2	Boulder Dash; Final Test Cartridge
00F7	2	Boulder Dash; Final Test Cartridge
00F8	2	Boulder Dash; Final Test Cartridge
00F9	2	Boulder Dash; Final Test Cartridge
00FA	2	Boulder Dash; Final Test Cartridge
00FB	3	Final Test Cartridge; Q-bert II; Super Action Controller Test Cartridge
00FC	3	Final Test Cartridge; Q-bert II; Super Action Controller Test Cartridge
00FD	3	Final Test Cartridge; Q-bert II; Super Action Controller Test Cartridge
00FE	2	Final Test Cartridge; Q-bert II
00FF	2	Final Test Cartridge; Q-bert II
0100	1	Final Test Cartridge
0101	2	Final Test Cartridge; Q-bert II
0102	2	Final Test Cartridge; Q-bert II
0103	3	Final Test Cartridge; Monkey Academy; Q-bert II
0104	3	Final Test Cartridge; Monkey Academy; Q-bert II
0105	2	Final Test Cartridge; Q-bert II
0106	2	Final Test Cartridge; Q-bert II
0107	2	Final Test Cartridge; Q-bert II
0108	2	Final Test Cartridge; Q-bert II
0109	2	Final Test Cartridge; Q-bert II
010A	2	Final Test Cartridge; Q-bert II
010B	1	Final Test Cartridge
010C	2	Final Test Cartridge; Q-bert II
010D	2	Final Test Cartridge; Q-bert II
010E	2	Final Test Cartridge; Q-bert II
010F	2	Final Test Cartridge; Q-bert II
0110	2	Final Test Cartridge; Q-bert II
0111	1	Final Test Cartridge
0112	2	Final Test Cartridge; Q-bert II
0113	2	Final Test Cartridge; Q-bert II
0114	2	Final Test Cartridge; Q-bert II
0115	2	Final Test Cartridge; Q-bert II
0116	2	Final Test Cartridge; Q-bert II
0117	2	Final Test Cartridge; Q-bert II
0118	1	Final Test Cartridge
0119	2	Final Test Cartridge; Q-bert II
011A	2	Final Test Cartridge; Q-bert II
011B	2	Final Test Cartridge; Q-bert II
011C	2	Final Test Cartridge; Q-bert II
011D	1	Final Test Cartridge
011E	2	Final Test Cartridge; Q-bert II
011F	2	Final Test Cartridge; Q-bert II
0120	1	Final Test Cartridge
0121	2	Final Test Cartridge; Q-bert II
0122	2	Final Test Cartridge; Q-bert II
0123	2	Final Test Cartridge; Q-bert II
0124	2	Final Test Cartridge; Q-bert II
0125	2	Final Test Cartridge; Q-bert II
0126	2	Final Test Cartridge; Q-bert II
0127	2	Final Test Cartridge; Q-bert II
0128	1	Final Test Cartridge
0129	2	Final Test Cartridge; Q-bert II
012A	2	Final Test Cartridge; Q-bert II
012B	2	Final Test Cartridge; Q-bert II
012C	2	Final Test Cartridge; Q-bert II
012D	2	Final Test Cartridge; Q-bert II
012E	2	Final Test Cartridge; Q-bert II
012F	2	Final Test Cartridge; Q-bert II
0130	1	Final Test Cartridge
0131	2	Final Test Cartridge; Q-bert II
0132	2	Final Test Cartridge; Q-bert II
0133	2	Final Test Cartridge; Q-bert II
0134	1	Final Test Cartridge
0135	2	Final Test Cartridge; Q-bert II
0136	2	Final Test Cartridge; Q-bert II
0137	2	Final Test Cartridge; Q-bert II
0138	2	Final Test Cartridge; Q-bert II
0139	2	Final Test Cartridge; Q-bert II
013A	2	Final Test Cartridge; Q-bert II
013B	2	Final Test Cartridge; Q-bert II
013C	1	Final Test Cartridge
013D	2	Final Test Cartridge; Q-bert II
013E	1	Final Test Cartridge
013F	2	Final Test Cartridge; Q-bert II
0140	1	Final Test Cartridge
0141	2	Final Test Cartridge; Q-bert II
0142	2	Final Test Cartridge; Pac-Man
0143	1	Final Test Cartridge
0144	1	Final Test Cartridge
0145	2	Final Test Cartridge; Q-bert II
0146	1	Final Test Cartridge
0147	1	Final Test Cartridge
0148	1	Final Test Cartridge
0149	2	Final Test Cartridge; Q-bert II
014A	2	Final Test Cartridge; Q-bert II
014B	1	Final Test Cartridge
014C	1	Final Test Cartridge
014D	1	Final Test Cartridge
014E	2	Final Test Cartridge; Q-bert II
014F	1	Final Test Cartridge
0150	2	Final Test Cartridge; Q-bert II
0151	2	Final Test Cartridge; Q-bert II
0152	1	Final Test Cartridge
0153	1	Final Test Cartridge
0154	1	Final Test Cartridge
0155	2	Final Test Cartridge; Q-bert II
0156	1	Final Test Cartridge
0157	2	Final Test Cartridge; Q-bert II
0158	1	Final Test Cartridge
0159	1	Final Test Cartridge
015A	1	Final Test Cartridge
015B	1	Final Test Cartridge
015C	2	Final Test Cartridge; Q-bert II
015D	1	Final Test Cartridge
015E	2	Final Test Cartridge; Q-bert II
015F	1	Final Test Cartridge
0160	1	Final Test Cartridge
0161	1	Final Test Cartridge
0162	1	Final Test Cartridge
0163	2	Final Test Cartridge; Q-bert II
0164	1	Final Test Cartridge
0165	1	Final Test Cartridge
0166	1	Final Test Cartridge
0167	1	Final Test Cartridge
0168	2	Final Test Cartridge; Q-bert II
0169	2	Final Test Cartridge; Q-bert II
016A	1	Final Test Cartridge
016B	1	Final Test Cartridge
016C	1	Final Test Cartridge
016D	2	Final Test Cartridge; Q-bert II
016E	1	Final Test Cartridge
016F	2	Final Test Cartridge; Q-bert II
0170	1	Final Test Cartridge
0171	1	Final Test Cartridge
0172	1	Final Test Cartridge
0173	1	Final Test Cartridge
0174	2	Final Test Cartridge; Q-bert II
0175	1	Final Test Cartridge
0176	2	Final Test Cartridge; Q-bert II
0177	1	Final Test Cartridge
0178	1	Final Test Cartridge
0179	2	Final Test Cartridge; Q-bert II
017A	2	Final Test Cartridge; Q-bert II
017B	2	Final Test Cartridge; Q-bert II
017C	2	Final Test Cartridge; Super Action Controller Test Cartridge
017D	3	Final Test Cartridge; Q-bert II; Super Action Controller Test Cartridge
017E	2	Final Test Cartridge; Super Action Controller Test Cartridge
017F	2	Final Test Cartridge; Q-bert II
0180	1	Final Test Cartridge
0181	1	Final Test Cartridge
0182	1	Final Test Cartridge
0183	1	Final Test Cartridge
0184	2	Final Test Cartridge; Q-bert II
0185	1	Final Test Cartridge
0186	1	Final Test Cartridge
0187	1	Final Test Cartridge
0188	1	Final Test Cartridge
0189	1	Final Test Cartridge
018A	2	Final Test Cartridge; Q-bert II
018B	2	Final Test Cartridge; Q-bert II
018C	1	Final Test Cartridge
018D	2	Final Test Cartridge; Q-bert II
018E	2	Final Test Cartridge; Q-bert II
018F	1	Final Test Cartridge
0190	1	Final Test Cartridge
0191	1	Final Test Cartridge
0192	2	Final Test Cartridge; Monkey Academy
0193	3	Final Test Cartridge; Monkey Academy; Q-bert II
0194	1	Final Test Cartridge
0195	1	Final Test Cartridge
0196	1	Final Test Cartridge
0197	1	Final Test Cartridge
0198	1	Final Test Cartridge
0199	1	Final Test Cartridge
019A	1	Final Test Cartridge
019B	2	Final Test Cartridge; Q-bert II
019C	2	Final Test Cartridge; Q-bert II
019D	1	Final Test Cartridge
019E	1	Final Test Cartridge
019F	1	Final Test Cartridge
01A0	2	Final Test Cartridge; Q-bert II
01A1	2	Final Test Cartridge; Q-bert II
01A2	1	Final Test Cartridge
01A3	1	Final Test Cartridge
01A4	1	Final Test Cartridge
01A5	1	Final Test Cartridge
01A6	2	Final Test Cartridge; Q-bert II
01A7	1	Final Test Cartridge
01A8	1	Final Test Cartridge
01A9	1	Final Test Cartridge
01AA	2	Final Test Cartridge; Q-bert II
01AB	1	Final Test Cartridge
01AC	2	Final Test Cartridge; Q-bert II
01AD	2	Final Test Cartridge; Q-bert II
01AE	2	Final Test Cartridge; Q-bert II
01AF	1	Final Test Cartridge
01B0	1	Final Test Cartridge
01B1	2	Final Test Cartridge; Q-bert II
01B2	1	Final Test Cartridge
01B3	2	Final Test Cartridge; Q-bert II
01B4	1	Final Test Cartridge
01B5	1	Final Test Cartridge
01B6	2	Final Test Cartridge; Q-bert II
01B7	1	Final Test Cartridge
01B8	1	Final Test Cartridge
01B9	1	Final Test Cartridge
01BA	1	Final Test Cartridge
01BB	2	Final Test Cartridge; Q-bert II
01BC	1	Final Test Cartridge
01BD	1	Final Test Cartridge
01BE	1	Final Test Cartridge
01BF	2	Final Test Cartridge; Q-bert II
01C0	1	Final Test Cartridge
01C1	2	Final Test Cartridge; Q-bert II
01C2	2	Final Test Cartridge; Q-bert II
01C3	1	Final Test Cartridge
01C4	1	Final Test Cartridge
01C5	2	Final Test Cartridge; Q-bert II
01C6	1	Final Test Cartridge
01C7	1	Final Test Cartridge
01C8	2	Final Test Cartridge; Q-bert II
01C9	2	Final Test Cartridge; Q-bert II
01CA	2	Final Test Cartridge; Q-bert II
01CB	1	Final Test Cartridge
01CC	2	Final Test Cartridge; Q-bert II
01CD	1	Final Test Cartridge
01CE	1	Final Test Cartridge
01CF	2	Final Test Cartridge; Q-bert II
01D0	1	Final Test Cartridge
01D1	2	Final Test Cartridge; Q-bert II
01D2	1	Final Test Cartridge
01D3	1	Final Test Cartridge
01D4	1	Final Test Cartridge
01D5	2	Final Test Cartridge; Q-bert II
01D6	2	Final Test Cartridge; Q-bert II
01D7	1	Final Test Cartridge
01D8	2	Final Test Cartridge; Q-bert II
01D9	1	Final Test Cartridge
01DA	1	Final Test Cartridge
01DB	1	Final Test Cartridge
01DC	1	Final Test Cartridge
01DD	1	Final Test Cartridge
01DE	1	Final Test Cartridge
01DF	1	Final Test Cartridge
01E0	1	Final Test Cartridge
01E1	1	Final Test Cartridge
01E2	1	Final Test Cartridge
01E3	1	Final Test Cartridge
01E4	1	Final Test Cartridge
01E5	2	Final Test Cartridge; Q-bert II
01E6	2	Final Test Cartridge; Monkey Academy
01E7	3	Final Test Cartridge; Monkey Academy; Q-bert II
01E8	2	Final Test Cartridge; Q-bert II
01E9	1	Final Test Cartridge
01EA	2	Final Test Cartridge; Q-bert II
01EB	1	Final Test Cartridge
01EC	1	Final Test Cartridge
01ED	1	Final Test Cartridge
01EE	2	Final Test Cartridge; Q-bert II
01EF	1	Final Test Cartridge
01F0	2	Final Test Cartridge; Q-bert II
01F1	1	Final Test Cartridge
01F2	1	Final Test Cartridge
01F3	1	Final Test Cartridge
01F4	1	Final Test Cartridge
01F5	2	Final Test Cartridge; Q-bert II
01F6	1	Final Test Cartridge
01F7	1	Final Test Cartridge
01F8	1	Final Test Cartridge
01F9	2	Final Test Cartridge; Q-bert II
01FA	2	Final Test Cartridge; Q-bert II
01FB	1	Final Test Cartridge
01FC	1	Final Test Cartridge
01FD	2	Final Test Cartridge; Super Action Controller Test Cartridge
01FE	3	Final Test Cartridge; Q-bert II; Super Action Controller Test Cartridge
01FF	2	Final Test Cartridge; Super Action Controller Test Cartridge
0200	2	Final Test Cartridge; Q-bert II
0201	3	Final Test Cartridge; Q-bert II; Super Action Controller Test Cartridge
0202	3	Final Test Cartridge; Q-bert II; Super Action Controller Test Cartridge
0203	3	Final Test Cartridge; Q-bert II; Super Action Controller Test Cartridge
0204	2	Final Test Cartridge; Q-bert II
0205	3	Final Test Cartridge; Q-bert II; Super Action Controller Test Cartridge
0206	3	Final Test Cartridge; Q-bert II; Super Action Controller Test Cartridge
0207	3	Final Test Cartridge; Q-bert II; Super Action Controller Test Cartridge
0208	2	Final Test Cartridge; Q-bert II
0209	2	Final Test Cartridge; Q-bert II
020A	2	Final Test Cartridge; Q-bert II
020B	2	Final Test Cartridge; Q-bert II
020C	1	Final Test Cartridge
020D	2	Final Test Cartridge; Q-bert II
020E	2	Final Test Cartridge; Q-bert II
020F	2	Final Test Cartridge; Monkey Academy
0210	2	Final Test Cartridge; Monkey Academy
0211	2	Final Test Cartridge; Q-bert II
0212	2	Final Test Cartridge; Q-bert II
0213	2	Final Test Cartridge; Q-bert II
0214	2	Final Test Cartridge; Q-bert II
0215	2	Final Test Cartridge; Q-bert II
0216	1	Final Test Cartridge
0217	2	Final Test Cartridge; Q-bert II
0218	1	Final Test Cartridge
0219	2	Final Test Cartridge; Q-bert II
021A	2	Final Test Cartridge; Q-bert II
021B	2	Final Test Cartridge; Q-bert II
021C	2	Final Test Cartridge; Q-bert II
021D	2	Final Test Cartridge; Q-bert II
021E	3	Final Test Cartridge; Monkey Academy; Q-bert II
021F	3	Final Test Cartridge; Monkey Academy; Q-bert II
0220	1	Final Test Cartridge
0221	2	Final Test Cartridge; Q-bert II
0222	2	Final Test Cartridge; Q-bert II
0223	2	Final Test Cartridge; Q-bert II
0224	1	Final Test Cartridge
0225	2	Final Test Cartridge; Q-bert II
0226	2	Final Test Cartridge; Q-bert II
0227	1	Final Test Cartridge
0228	2	Final Test Cartridge; Q-bert II
0229	2	Final Test Cartridge; Q-bert II
022A	2	Final Test Cartridge; Q-bert II
022B	2	Final Test Cartridge; Q-bert II
022C	2	Final Test Cartridge; Q-bert II
022D	2	Final Test Cartridge; Q-bert II
022E	2	Final Test Cartridge; Q-bert II
022F	2	Final Test Cartridge; Q-bert II
0230	1	Final Test Cartridge
0231	2	Final Test Cartridge; Q-bert II
0232	2	Final Test Cartridge; Q-bert II
0233	2	Final Test Cartridge; Q-bert II
0234	2	Final Test Cartridge; Monkey Academy
0235	3	Final Test Cartridge; Monkey Academy; Q-bert II
0236	2	Final Test Cartridge; Q-bert II
0237	2	Final Test Cartridge; Q-bert II
0238	1	Final Test Cartridge
0239	2	Final Test Cartridge; Q-bert II
023A	2	Final Test Cartridge; Q-bert II
023B	2	Final Test Cartridge; Q-bert II
023C	2	Final Test Cartridge; Q-bert II
023D	2	Final Test Cartridge; Q-bert II
023E	2	Final Test Cartridge; Q-bert II
023F	2	Final Test Cartridge; Q-bert II
0240	1	Final Test Cartridge
0241	1	Final Test Cartridge
0242	2	Final Test Cartridge; Q-bert II
0243	3	Final Test Cartridge; Pac-Man; Q-bert II
0244	2	Final Test Cartridge; Q-bert II
0245	2	Final Test Cartridge; Q-bert II
0246	1	Final Test Cartridge
0247	1	Final Test Cartridge
0248	2	Final Test Cartridge; Q-bert II
0249	2	Final Test Cartridge; Q-bert II
024A	2	Final Test Cartridge; Q-bert II
024B	2	Final Test Cartridge; Q-bert II
024C	2	Final Test Cartridge; Roc 'N Rope
024D	1	Final Test Cartridge
024E	2	Final Test Cartridge; Q-bert II
024F	1	Final Test Cartridge
0250	1	Final Test Cartridge
0251	2	Final Test Cartridge; Q-bert II
0252	1	Final Test Cartridge
0253	2	Final Test Cartridge; Q-bert II
0254	1	Final Test Cartridge
0255	1	Final Test Cartridge
0256	1	Final Test Cartridge
0257	2	Final Test Cartridge; Q-bert II
0258	2	Final Test Cartridge; Q-bert II
0259	2	Final Test Cartridge; Q-bert II
025A	1	Final Test Cartridge
025B	1	Final Test Cartridge
025C	1	Final Test Cartridge
025D	1	Final Test Cartridge
025E	2	Final Test Cartridge; Q-bert II
025F	1	Final Test Cartridge
0260	1	Final Test Cartridge
0261	1	Final Test Cartridge
0262	2	Final Test Cartridge; Q-bert II
0263	1	Final Test Cartridge
0264	2	Final Test Cartridge; Q-bert II
0265	2	Final Test Cartridge; Q-bert II
0266	2	Final Test Cartridge; Q-bert II
0267	2	Final Test Cartridge; Q-bert II
0268	1	Final Test Cartridge
0269	1	Final Test Cartridge
026A	1	Final Test Cartridge
026B	2	Final Test Cartridge; Q-bert II
026C	2	Final Test Cartridge; Q-bert II
026D	1	Final Test Cartridge
026E	1	Final Test Cartridge
026F	1	Final Test Cartridge
0270	2	Final Test Cartridge; Q-bert II
0271	2	Final Test Cartridge; Q-bert II
0272	2	Final Test Cartridge; Q-bert II
0273	2	Final Test Cartridge; Q-bert II
0274	2	Final Test Cartridge; Q-bert II
0275	1	Final Test Cartridge
0276	1	Final Test Cartridge
0277	2	Final Test Cartridge; Q-bert II
0278	1	Final Test Cartridge
0279	1	Final Test Cartridge
027A	1	Final Test Cartridge
027B	2	Final Test Cartridge; Monkey Academy
027C	3	Final Test Cartridge; Monkey Academy; Q-bert II
027D	1	Final Test Cartridge
027E	1	Final Test Cartridge
027F	2	Final Test Cartridge; Q-bert II
0280	1	Final Test Cartridge
0281	1	Final Test Cartridge
0282	1	Final Test Cartridge
0283	1	Final Test Cartridge
0284	1	Final Test Cartridge
0285	1	Final Test Cartridge
0286	1	Final Test Cartridge
0287	1	Final Test Cartridge
0288	1	Final Test Cartridge
0289	2	Final Test Cartridge; Q-bert II
028A	1	Final Test Cartridge
028B	1	Final Test Cartridge
028C	1	Final Test Cartridge
028D	1	Final Test Cartridge
028E	1	Final Test Cartridge
028F	1	Final Test Cartridge
0290	1	Final Test Cartridge
0291	1	Final Test Cartridge
0292	2	Final Test Cartridge; Q-bert II
0293	1	Final Test Cartridge
0294	1	Final Test Cartridge
0295	1	Final Test Cartridge
0296	1	Final Test Cartridge
0297	1	Final Test Cartridge
0298	1	Final Test Cartridge
0299	1	Final Test Cartridge
029A	1	Final Test Cartridge
029B	2	Final Test Cartridge; Q-bert II
029C	1	Final Test Cartridge
029D	2	Final Test Cartridge; Q-bert II
029E	1	Final Test Cartridge
029F	2	Final Test Cartridge; Q-bert II
02A0	1	Final Test Cartridge
02A1	1	Final Test Cartridge
02A2	1	Final Test Cartridge
02A3	1	Final Test Cartridge
02A4	1	Final Test Cartridge
02A5	2	Final Test Cartridge; Q-bert II
02A6	1	Final Test Cartridge
02A7	1	Final Test Cartridge
02A8	2	Final Test Cartridge; Q-bert II
02A9	1	Final Test Cartridge
02AA	1	Final Test Cartridge
02AB	1	Final Test Cartridge
02AC	2	Final Test Cartridge; Q-bert II
02AD	1	Final Test Cartridge
02AE	1	Final Test Cartridge
02AF	1	Final Test Cartridge
02B0	1	Final Test Cartridge
02B1	1	Final Test Cartridge
02B2	1	Final Test Cartridge
02B3	2	Final Test Cartridge; Q-bert II
02B4	1	Final Test Cartridge
02B5	1	Final Test Cartridge
02B6	1	Final Test Cartridge
02B7	1	Final Test Cartridge
02B8	1	Final Test Cartridge
02B9	1	Final Test Cartridge
02BA	1	Final Test Cartridge
02BB	1	Final Test Cartridge
02BC	1	Final Test Cartridge
02BD	1	Final Test Cartridge
02BE	1	Final Test Cartridge
02BF	1	Final Test Cartridge
02C0	1	Final Test Cartridge
02C1	2	Final Test Cartridge; Q-bert II
02C2	2	Final Test Cartridge; Super Action Controller Test Cartridge
02C3	2	Final Test Cartridge; Super Action Controller Test Cartridge
02C4	3	Final Test Cartridge; Q-bert II; Super Action Controller Test Cartridge
02C5	1	Final Test Cartridge
02C6	1	Final Test Cartridge
02C7	1	Final Test Cartridge
02C8	1	Final Test Cartridge
02C9	1	Final Test Cartridge
02CA	1	Final Test Cartridge
02CB	1	Final Test Cartridge
02CC	1	Final Test Cartridge
02CD	1	Final Test Cartridge
02CE	1	Final Test Cartridge
02CF	1	Final Test Cartridge
02D0	1	Final Test Cartridge
02D1	1	Final Test Cartridge
02D2	2	Final Test Cartridge; Q-bert II
02D3	1	Final Test Cartridge
02D4	1	Final Test Cartridge
02D5	1	Final Test Cartridge
02D6	1	Final Test Cartridge
02D7	1	Final Test Cartridge
02D8	1	Final Test Cartridge
02D9	1	Final Test Cartridge
02DA	1	Final Test Cartridge
02DB	1	Final Test Cartridge
02DC	1	Final Test Cartridge
02DD	2	Final Test Cartridge; Q-bert II
02DE	2	Final Test Cartridge; Super Action Controller Test Cartridge
02DF	2	Final Test Cartridge; Super Action Controller Test Cartridge
02E0	2	Final Test Cartridge; Super Action Controller Test Cartridge
02E1	1	Final Test Cartridge
02E2	1	Final Test Cartridge
02E3	1	Final Test Cartridge
02E4	1	Final Test Cartridge
02E5	1	Final Test Cartridge
02E6	1	Final Test Cartridge
02E7	1	Final Test Cartridge
02E8	1	Final Test Cartridge
02E9	1	Final Test Cartridge
02EA	1	Final Test Cartridge
02EB	2	Final Test Cartridge; Q-bert II
02EC	1	Final Test Cartridge
02ED	1	Final Test Cartridge
02EE	1	Final Test Cartridge
02EF	1	Final Test Cartridge
02F0	1	Final Test Cartridge
02F1	1	Final Test Cartridge
02F2	1	Final Test Cartridge
02F3	2	Final Test Cartridge; Q-bert II
02F4	1	Final Test Cartridge
02F5	1	Final Test Cartridge
02F6	1	Final Test Cartridge
02F7	1	Final Test Cartridge
02F8	1	Final Test Cartridge
02F9	1	Final Test Cartridge
02FA	2	Final Test Cartridge; Q-bert II
02FB	2	Final Test Cartridge; Q-bert II
02FC	1	Final Test Cartridge
02FD	1	Final Test Cartridge
02FE	1	Final Test Cartridge
02FF	2	Final Test Cartridge; Super Action Controller Test Cartridge
0300	2	Final Test Cartridge; Super Action Controller Test Cartridge
0301	3	Final Test Cartridge; Q-bert II; Super Action Controller Test Cartridge
0302	2	Final Test Cartridge; Q-bert II
0303	2	Final Test Cartridge; Q-bert II
0304	1	Final Test Cartridge
0305	2	Final Test Cartridge; Q-bert II
0306	2	Final Test Cartridge; Q-bert II
0307	2	Final Test Cartridge; Q-bert II
0308	1	Final Test Cartridge
0309	2	Final Test Cartridge; Q-bert II
030A	2	Final Test Cartridge; Q-bert II
030B	2	Final Test Cartridge; Q-bert II
030C	2	Final Test Cartridge; Q-bert II
030D	2	Final Test Cartridge; Q-bert II
030E	2	Final Test Cartridge; Q-bert II
030F	2	Final Test Cartridge; Q-bert II
0310	1	Final Test Cartridge
0311	2	Final Test Cartridge; Q-bert II
0312	2	Final Test Cartridge; Q-bert II
0313	2	Final Test Cartridge; Q-bert II
0314	1	Final Test Cartridge
0315	2	Final Test Cartridge; Q-bert II
0316	2	Final Test Cartridge; Q-bert II
0317	2	Final Test Cartridge; Q-bert II
0318	1	Final Test Cartridge
0319	2	Final Test Cartridge; Q-bert II
031A	2	Final Test Cartridge; Q-bert II
031B	2	Final Test Cartridge; Q-bert II
031C	1	Final Test Cartridge
031D	2	Final Test Cartridge; Q-bert II
031E	2	Final Test Cartridge; Q-bert II
031F	2	Final Test Cartridge; Q-bert II
0320	1	Final Test Cartridge
0321	2	Final Test Cartridge; Q-bert II
0322	2	Final Test Cartridge; Q-bert II
0323	2	Final Test Cartridge; Q-bert II
0324	1	Final Test Cartridge
0325	3	Final Test Cartridge; Monkey Academy; Q-bert II
0326	3	Final Test Cartridge; Monkey Academy; Q-bert II
0327	2	Final Test Cartridge; Q-bert II
0328	1	Final Test Cartridge
0329	2	Final Test Cartridge; Q-bert II
032A	2	Final Test Cartridge; Q-bert II
032B	2	Final Test Cartridge; Q-bert II
032C	2	Final Test Cartridge; Q-bert II
032D	2	Final Test Cartridge; Q-bert II
032E	1	Final Test Cartridge
032F	1	Final Test Cartridge
0330	2	Final Test Cartridge; Q-bert II
0331	2	Final Test Cartridge; Q-bert II
0332	2	Final Test Cartridge; Q-bert II
0333	2	Final Test Cartridge; Q-bert II
0334	2	Final Test Cartridge; Q-bert II
0335	2	Final Test Cartridge; Q-bert II
0336	3	Final Test Cartridge; Monkey Academy; Q-bert II
0337	3	Final Test Cartridge; Monkey Academy; Q-bert II
0338	1	Final Test Cartridge
0339	2	Final Test Cartridge; Q-bert II
033A	2	Final Test Cartridge; Q-bert II
033B	1	Final Test Cartridge
033C	2	Final Test Cartridge; Q-bert II
033D	2	Final Test Cartridge; Q-bert II
033E	2	Final Test Cartridge; Q-bert II
033F	2	Final Test Cartridge; Q-bert II
0340	2	Final Test Cartridge; Q-bert II
0341	2	Final Test Cartridge; Q-bert II
0342	1	Final Test Cartridge
0343	2	Final Test Cartridge; Q-bert II
0344	3	Final Test Cartridge; Pac-Man; Q-bert II
0345	2	Final Test Cartridge; Q-bert II
0346	2	Final Test Cartridge; Q-bert II
0347	1	Final Test Cartridge
0348	2	Final Test Cartridge; Q-bert II
0349	2	Final Test Cartridge; Q-bert II
034A	2	Final Test Cartridge; Q-bert II
034B	1	Final Test Cartridge
034C	2	Final Test Cartridge; Q-bert II
034D	2	Final Test Cartridge; Q-bert II
034E	1	Final Test Cartridge
034F	2	Final Test Cartridge; Q-bert II
0350	1	Final Test Cartridge
0351	1	Final Test Cartridge
0352	1	Final Test Cartridge
0353	2	Final Test Cartridge; Q-bert II
0354	1	Final Test Cartridge
0355	2	Final Test Cartridge; Q-bert II
0356	2	Final Test Cartridge; Q-bert II
0357	2	Final Test Cartridge; Q-bert II
0358	1	Final Test Cartridge
0359	1	Final Test Cartridge
035A	1	Final Test Cartridge
035B	1	Final Test Cartridge
035C	1	Final Test Cartridge
035D	2	Final Test Cartridge; Q-bert II
035E	1	Final Test Cartridge
035F	1	Final Test Cartridge
0360	1	Final Test Cartridge
0361	2	Final Test Cartridge; Q-bert II
0362	1	Final Test Cartridge
0363	1	Final Test Cartridge
0364	2	Final Test Cartridge; Q-bert II
0365	2	Final Test Cartridge; Q-bert II
0366	1	Final Test Cartridge
0367	1	Final Test Cartridge
0368	1	Final Test Cartridge
0369	2	Final Test Cartridge; Q-bert II
036A	2	Final Test Cartridge; Q-bert II
036B	1	Final Test Cartridge
036C	1	Final Test Cartridge
036D	2	Final Test Cartridge; Q-bert II
036E	2	Final Test Cartridge; Q-bert II
036F	1	Final Test Cartridge
0370	2	Final Test Cartridge; Q-bert II
0371	2	Final Test Cartridge; Q-bert II
0372	1	Final Test Cartridge
0373	1	Final Test Cartridge
0374	1	Final Test Cartridge
0375	2	Final Test Cartridge; Q-bert II
0376	1	Final Test Cartridge
0377	2	Final Test Cartridge; Q-bert II
0378	2	Final Test Cartridge; Q-bert II
0379	2	Final Test Cartridge; Q-bert II
037A	1	Final Test Cartridge
037B	2	Final Test Cartridge; Monkey Academy
037C	3	Final Test Cartridge; Monkey Academy; Q-bert II
037D	1	Final Test Cartridge
037E	2	Final Test Cartridge; Q-bert II
037F	2	Final Test Cartridge; Q-bert II
0380	1	Final Test Cartridge
0381	1	Final Test Cartridge
0382	1	Final Test Cartridge
0383	1	Final Test Cartridge
0384	1	Final Test Cartridge
0385	1	Final Test Cartridge
0386	1	Final Test Cartridge
0387	1	Final Test Cartridge
0388	1	Final Test Cartridge
0389	2	Final Test Cartridge; Q-bert II
038A	1	Final Test Cartridge
038B	1	Final Test Cartridge
038C	1	Final Test Cartridge
038D	2	Final Test Cartridge; Q-bert II
038E	1	Final Test Cartridge
038F	1	Final Test Cartridge
0390	2	Final Test Cartridge; Q-bert II
0391	2	Final Test Cartridge; Q-bert II
0392	1	Final Test Cartridge
0393	1	Final Test Cartridge
0394	1	Final Test Cartridge
0395	1	Final Test Cartridge
0396	1	Final Test Cartridge
0397	2	Final Test Cartridge; Monkey Academy
0398	2	Final Test Cartridge; Monkey Academy
0399	2	Final Test Cartridge; Q-bert II
039A	1	Final Test Cartridge
039B	1	Final Test Cartridge
039C	1	Final Test Cartridge
039D	2	Final Test Cartridge; Q-bert II
039E	1	Final Test Cartridge
039F	1	Final Test Cartridge
03A0	1	Final Test Cartridge
03A1	2	Final Test Cartridge; Super Action Controller Test Cartridge
03A2	3	Final Test Cartridge; Q-bert II; Super Action Controller Test Cartridge
03A3	3	Final Test Cartridge; Q-bert II; Super Action Controller Test Cartridge
03A4	1	Final Test Cartridge
03A5	1	Final Test Cartridge
03A6	2	Final Test Cartridge; Q-bert II
03A7	1	Final Test Cartridge
03A8	2	Final Test Cartridge; Super Action Controller Test Cartridge
03A9	2	Final Test Cartridge; Super Action Controller Test Cartridge
03AA	3	Final Test Cartridge; Q-bert II; Super Action Controller Test Cartridge
03AB	1	Final Test Cartridge
03AC	1	Final Test Cartridge
03AD	1	Final Test Cartridge
03AE	2	Final Test Cartridge; Q-bert II
03AF	2	Final Test Cartridge; Q-bert II
03B0	1	Final Test Cartridge
03B1	2	Final Test Cartridge; Q-bert II
03B2	2	Final Test Cartridge; Q-bert II
03B3	2	Final Test Cartridge; Q-bert II
03B4	1	Final Test Cartridge
03B5	1	Final Test Cartridge
03B6	1	Final Test Cartridge
03B7	1	Final Test Cartridge
03B8	2	Final Test Cartridge; Q-bert II
03B9	1	Final Test Cartridge
03BA	2	Final Test Cartridge; Q-bert II
03BB	1	Final Test Cartridge
03BC	1	Final Test Cartridge
03BD	1	Final Test Cartridge
03BE	2	Final Test Cartridge; Q-bert II
03BF	1	Final Test Cartridge
03C0	1	Final Test Cartridge
03C1	2	Final Test Cartridge; Q-bert II
03C2	2	Final Test Cartridge; Q-bert II
03C3	2	Final Test Cartridge; Q-bert II
03C4	2	Final Test Cartridge; Q-bert II
03C5	1	Final Test Cartridge
03C6	1	Final Test Cartridge
03C7	1	Final Test Cartridge
03C8	1	Final Test Cartridge
03C9	1	Final Test Cartridge
03CA	1	Final Test Cartridge
03CB	1	Final Test Cartridge
03CC	1	Final Test Cartridge
03CD	1	Final Test Cartridge
03CE	1	Final Test Cartridge
03CF	2	Final Test Cartridge; Q-bert II
03D0	2	Final Test Cartridge; Q-bert II
03D1	1	Final Test Cartridge
03D2	1	Final Test Cartridge
03D3	1	Final Test Cartridge
03D4	1	Final Test Cartridge
03D5	1	Final Test Cartridge
03D6	2	Final Test Cartridge; Q-bert II
03D7	2	Final Test Cartridge; Q-bert II
03D8	1	Final Test Cartridge
03D9	1	Final Test Cartridge
03DA	2	Final Test Cartridge; Q-bert II
03DB	1	Final Test Cartridge
03DC	1	Final Test Cartridge
03DD	1	Final Test Cartridge
03DE	2	Final Test Cartridge; Q-bert II
03DF	1	Final Test Cartridge
03E0	2	Final Test Cartridge; Q-bert II
03E1	1	Final Test Cartridge
03E2	1	Final Test Cartridge
03E3	2	Final Test Cartridge; Q-bert II
03E4	2	Final Test Cartridge; Q-bert II
03E5	1	Final Test Cartridge
03E6	1	Final Test Cartridge
03E7	2	Final Test Cartridge; Q-bert II
03E8	1	Final Test Cartridge
03E9	1	Final Test Cartridge
03EA	1	Final Test Cartridge
03EB	1	Final Test Cartridge
03EC	1	Final Test Cartridge
03ED	1	Final Test Cartridge
03EE	1	Final Test Cartridge
03EF	1	Final Test Cartridge
03F0	1	Final Test Cartridge
03F1	2	Final Test Cartridge; Q-bert II
03F2	2	Final Test Cartridge; Q-bert II
03F3	1	Final Test Cartridge
03F4	1	Final Test Cartridge
03F5	2	Final Test Cartridge; Q-bert II
03F6	1	Final Test Cartridge
03F7	1	Final Test Cartridge
03F8	2	Final Test Cartridge; Q-bert II
03F9	1	Final Test Cartridge
03FA	1	Final Test Cartridge
03FB	1	Final Test Cartridge
03FC	2	Final Test Cartridge; Q-bert II
03FD	1	Final Test Cartridge
03FE	1	Final Test Cartridge
03FF	2	Final Test Cartridge; Q-bert II
0400	1	Final Test Cartridge
0401	2	Final Test Cartridge; Q-bert II
0402	2	Final Test Cartridge; Q-bert II
0403	2	Final Test Cartridge; Q-bert II
0404	2	Final Test Cartridge; Q-bert II
0405	2	Final Test Cartridge; Q-bert II
0406	2	Final Test Cartridge; Q-bert II
0407	2	Final Test Cartridge; Q-bert II
0408	1	Final Test Cartridge
0409	1	Final Test Cartridge
040A	1	Final Test Cartridge
040B	2	Final Test Cartridge; Q-bert II
040C	2	Final Test Cartridge; Q-bert II
040D	1	Final Test Cartridge
040E	2	Final Test Cartridge; Q-bert II
040F	2	Final Test Cartridge; Q-bert II
0410	2	Final Test Cartridge; Q-bert II
0411	2	Final Test Cartridge; Q-bert II
0412	2	Final Test Cartridge; Q-bert II
0413	2	Final Test Cartridge; Q-bert II
0414	2	Final Test Cartridge; Q-bert II
0415	1	Final Test Cartridge
0416	2	Final Test Cartridge; Q-bert II
0417	2	Final Test Cartridge; Q-bert II
0418	1	Final Test Cartridge
0419	2	Final Test Cartridge; Q-bert II
041A	2	Final Test Cartridge; Q-bert II
041B	2	Final Test Cartridge; Q-bert II
041C	2	Final Test Cartridge; Q-bert II
041D	2	Final Test Cartridge; Q-bert II
041E	2	Final Test Cartridge; Q-bert II
041F	2	Final Test Cartridge; Q-bert II
0420	2	Final Test Cartridge; Q-bert II
0421	2	Final Test Cartridge; Q-bert II
0422	2	Final Test Cartridge; Q-bert II
0423	2	Final Test Cartridge; Q-bert II
0424	2	Final Test Cartridge; Q-bert II
0425	2	Final Test Cartridge; Q-bert II
0426	2	Final Test Cartridge; Q-bert II
0427	2	Final Test Cartridge; Q-bert II
0428	2	Final Test Cartridge; Q-bert II
0429	2	Final Test Cartridge; Q-bert II
042A	2	Final Test Cartridge; Q-bert II
042B	2	Final Test Cartridge; Q-bert II
042C	2	Final Test Cartridge; Q-bert II
042D	2	Final Test Cartridge; Q-bert II
042E	2	Final Test Cartridge; Q-bert II
042F	2	Final Test Cartridge; Q-bert II
0430	1	Final Test Cartridge
0431	2	Final Test Cartridge; Q-bert II
0432	2	Final Test Cartridge; Q-bert II
0433	2	Final Test Cartridge; Q-bert II
0434	2	Final Test Cartridge; Q-bert II
0435	2	Final Test Cartridge; Q-bert II
0436	2	Final Test Cartridge; Q-bert II
0437	2	Final Test Cartridge; Q-bert II
0438	1	Final Test Cartridge
0439	3	Boulder Dash; Final Test Cartridge; Q-bert II
043A	3	Boulder Dash; Final Test Cartridge; Q-bert II
043B	3	Boulder Dash; Final Test Cartridge; Q-bert II
043C	3	Boulder Dash; Final Test Cartridge; Q-bert II
043D	4	Boulder Dash; Final Test Cartridge; Monkey Academy
043E	3	Boulder Dash; Final Test Cartridge; Monkey Academy
043F	3	Boulder Dash; Final Test Cartridge; Q-bert II
0440	2	Boulder Dash; Final Test Cartridge
0441	2	Boulder Dash; Final Test Cartridge
0442	2	Boulder Dash; Final Test Cartridge
0443	2	Boulder Dash; Final Test Cartridge
0444	3	Boulder Dash; Final Test Cartridge; Q-bert II
0445	4	Boulder Dash; Final Test Cartridge; Pac-Man
0446	3	Boulder Dash; Final Test Cartridge; Q-bert II
0447	2	Boulder Dash; Final Test Cartridge
0448	2	Boulder Dash; Final Test Cartridge
0449	2	Boulder Dash; Final Test Cartridge
044A	3	Boulder Dash; Final Test Cartridge; Q-bert II
044B	3	Boulder Dash; Final Test Cartridge; Q-bert II
044C	3	Boulder Dash; Final Test Cartridge; Q-bert II
044D	2	Boulder Dash; Final Test Cartridge
044E	2	Boulder Dash; Final Test Cartridge
044F	3	Boulder Dash; Final Test Cartridge; Q-bert II
0450	2	Boulder Dash; Final Test Cartridge
0451	3	Boulder Dash; Final Test Cartridge; Q-bert II
0452	2	Boulder Dash; Final Test Cartridge
0453	3	Boulder Dash; Final Test Cartridge; Q-bert II
0454	2	Boulder Dash; Final Test Cartridge
0455	2	Boulder Dash; Final Test Cartridge
0456	3	Boulder Dash; Final Test Cartridge; Q-bert II
0457	3	Boulder Dash; Final Test Cartridge; Q-bert II
0458	2	Boulder Dash; Final Test Cartridge
0459	2	Boulder Dash; Final Test Cartridge
045A	2	Boulder Dash; Final Test Cartridge
045B	2	Boulder Dash; Final Test Cartridge
045C	3	Boulder Dash; Final Test Cartridge; Q-bert II
045D	2	Boulder Dash; Final Test Cartridge
045E	3	Boulder Dash; Final Test Cartridge; Q-bert II
045F	2	Boulder Dash; Final Test Cartridge
0460	2	Boulder Dash; Final Test Cartridge
0461	3	Boulder Dash; Final Test Cartridge; Q-bert II
0462	2	Boulder Dash; Final Test Cartridge
0463	2	Boulder Dash; Final Test Cartridge
0464	3	Boulder Dash; Final Test Cartridge; Q-bert II
0465	3	Boulder Dash; Final Test Cartridge; Q-bert II
0466	3	Boulder Dash; Final Test Cartridge; Q-bert II
0467	2	Boulder Dash; Final Test Cartridge
0468	2	Boulder Dash; Final Test Cartridge
0469	3	Boulder Dash; Final Test Cartridge; Q-bert II
046A	2	Boulder Dash; Final Test Cartridge
046B	3	Boulder Dash; Final Test Cartridge; Q-bert II
046C	2	Boulder Dash; Final Test Cartridge
046D	3	Boulder Dash; Final Test Cartridge; Q-bert II
046E	3	Boulder Dash; Final Test Cartridge; Q-bert II
046F	3	Boulder Dash; Final Test Cartridge; Q-bert II
0470	3	Boulder Dash; Final Test Cartridge; Q-bert II
0471	3	Boulder Dash; Final Test Cartridge; Q-bert II
0472	2	Boulder Dash; Final Test Cartridge
0473	3	Boulder Dash; Final Test Cartridge; Monkey Academy
0474	3	Boulder Dash; Final Test Cartridge; Monkey Academy
0475	2	Boulder Dash; Final Test Cartridge
0476	3	Boulder Dash; Final Test Cartridge; Q-bert II
0477	2	Boulder Dash; Final Test Cartridge
0478	2	Boulder Dash; Final Test Cartridge
0479	2	Boulder Dash; Final Test Cartridge
047A	3	Boulder Dash; Final Test Cartridge; Q-bert II
047B	2	Boulder Dash; Final Test Cartridge
047C	2	Boulder Dash; Final Test Cartridge
047D	3	Boulder Dash; Final Test Cartridge; Q-bert II
047E	2	Boulder Dash; Final Test Cartridge
047F	3	Boulder Dash; Final Test Cartridge; Q-bert II
0480	2	Boulder Dash; Final Test Cartridge
0481	2	Boulder Dash; Final Test Cartridge
0482	2	Boulder Dash; Final Test Cartridge
0483	2	Boulder Dash; Final Test Cartridge
0484	2	Boulder Dash; Final Test Cartridge
0485	2	Boulder Dash; Final Test Cartridge
0486	2	Boulder Dash; Final Test Cartridge
0487	2	Boulder Dash; Final Test Cartridge
0488	2	Boulder Dash; Final Test Cartridge
0489	2	Boulder Dash; Final Test Cartridge
048A	2	Boulder Dash; Final Test Cartridge
048B	2	Boulder Dash; Final Test Cartridge
048C	2	Boulder Dash; Final Test Cartridge
048D	3	Boulder Dash; Final Test Cartridge; Q-bert II
048E	3	Boulder Dash; Final Test Cartridge; Q-bert II
048F	2	Boulder Dash; Final Test Cartridge
0490	3	Boulder Dash; Final Test Cartridge; Q-bert II
0491	3	Boulder Dash; Final Test Cartridge; Q-bert II
0492	2	Boulder Dash; Final Test Cartridge
0493	2	Boulder Dash; Final Test Cartridge
0494	2	Boulder Dash; Final Test Cartridge
0495	3	Boulder Dash; Final Test Cartridge; Q-bert II
0496	2	Boulder Dash; Final Test Cartridge
0497	2	Boulder Dash; Final Test Cartridge
0498	3	Boulder Dash; Final Test Cartridge; Q-bert II
0499	2	Boulder Dash; Final Test Cartridge
049A	2	Boulder Dash; Final Test Cartridge
049B	2	Boulder Dash; Final Test Cartridge
049C	2	Boulder Dash; Final Test Cartridge
049D	3	Boulder Dash; Final Test Cartridge; Q-bert II
049E	2	Boulder Dash; Final Test Cartridge
049F	2	Boulder Dash; Final Test Cartridge
04A0	2	Boulder Dash; Final Test Cartridge
04A1	2	Boulder Dash; Final Test Cartridge
04A2	2	Boulder Dash; Final Test Cartridge
04A3	2	Boulder Dash; Final Test Cartridge
04A4	2	Boulder Dash; Final Test Cartridge
04A5	2	Boulder Dash; Final Test Cartridge
04A6	2	Boulder Dash; Final Test Cartridge
04A7	2	Boulder Dash; Final Test Cartridge
04A8	3	Boulder Dash; Final Test Cartridge; Super Action Controller Test Cartridge
04A9	3	Boulder Dash; Final Test Cartridge; Super Action Controller Test Cartridge
04AA	3	Boulder Dash; Final Test Cartridge; Super Action Controller Test Cartridge
04AB	2	Boulder Dash; Final Test Cartridge
04AC	2	Boulder Dash; Final Test Cartridge
04AD	2	Boulder Dash; Final Test Cartridge
04AE	2	Boulder Dash; Final Test Cartridge
04AF	2	Boulder Dash; Final Test Cartridge
04B0	2	Boulder Dash; Final Test Cartridge
04B1	2	Boulder Dash; Final Test Cartridge
04B2	3	Boulder Dash; Final Test Cartridge; Q-bert II
04B3	2	Boulder Dash; Final Test Cartridge
04B4	3	Boulder Dash; Final Test Cartridge; Q-bert II
04B5	3	Boulder Dash; Final Test Cartridge; Q-bert II
04B6	2	Boulder Dash; Final Test Cartridge
04B7	2	Boulder Dash; Final Test Cartridge
04B8	3	Boulder Dash; Final Test Cartridge; Q-bert II
04B9	2	Boulder Dash; Final Test Cartridge
04BA	2	Boulder Dash; Final Test Cartridge
04BB	3	Boulder Dash; Final Test Cartridge; Q-bert II
04BC	2	Boulder Dash; Final Test Cartridge
04BD	2	Boulder Dash; Final Test Cartridge
04BE	2	Boulder Dash; Final Test Cartridge
04BF	2	Boulder Dash; Final Test Cartridge
04C0	2	Boulder Dash; Final Test Cartridge
04C1	2	Boulder Dash; Final Test Cartridge
04C2	2	Boulder Dash; Final Test Cartridge
04C3	3	Boulder Dash; Final Test Cartridge; Q-bert II
04C4	3	Boulder Dash; Final Test Cartridge; Q-bert II
04C5	2	Boulder Dash; Final Test Cartridge
04C6	2	Boulder Dash; Final Test Cartridge
04C7	2	Boulder Dash; Final Test Cartridge
04C8	2	Boulder Dash; Final Test Cartridge
04C9	3	Boulder Dash; Final Test Cartridge; Q-bert II
04CA	2	Boulder Dash; Final Test Cartridge
04CB	2	Boulder Dash; Final Test Cartridge
04CC	2	Boulder Dash; Final Test Cartridge
04CD	3	Boulder Dash; Final Test Cartridge; Q-bert II
04CE	4	Boulder Dash; Final Test Cartridge; Q-bert II
04CF	4	Boulder Dash; Final Test Cartridge; Q-bert II
04D0	3	Boulder Dash; Final Test Cartridge; Super Action Controller Test Cartridge
04D1	2	Boulder Dash; Final Test Cartridge
04D2	2	Boulder Dash; Final Test Cartridge
04D3	2	Boulder Dash; Final Test Cartridge
04D4	2	Boulder Dash; Final Test Cartridge
04D5	3	Boulder Dash; Final Test Cartridge; Q-bert II
04D6	2	Boulder Dash; Final Test Cartridge
04D7	2	Boulder Dash; Final Test Cartridge
04D8	3	Boulder Dash; Final Test Cartridge; Q-bert II
04D9	2	Boulder Dash; Final Test Cartridge
04DA	2	Boulder Dash; Final Test Cartridge
04DB	2	Boulder Dash; Final Test Cartridge
04DC	2	Boulder Dash; Final Test Cartridge
04DD	2	Boulder Dash; Final Test Cartridge
04DE	3	Boulder Dash; Final Test Cartridge; Q-bert II
04DF	2	Boulder Dash; Final Test Cartridge
04E0	3	Boulder Dash; Final Test Cartridge; Q-bert II
04E1	3	Boulder Dash; Final Test Cartridge; Q-bert II
04E2	2	Boulder Dash; Final Test Cartridge
04E3	2	Boulder Dash; Final Test Cartridge
04E4	2	Boulder Dash; Final Test Cartridge
04E5	3	Boulder Dash; Final Test Cartridge; Q-bert II
04E6	2	Boulder Dash; Final Test Cartridge
04E7	2	Boulder Dash; Final Test Cartridge
04E8	2	Boulder Dash; Final Test Cartridge
04E9	2	Boulder Dash; Final Test Cartridge
04EA	2	Boulder Dash; Final Test Cartridge
04EB	2	Boulder Dash; Final Test Cartridge
04EC	2	Boulder Dash; Final Test Cartridge
04ED	2	Boulder Dash; Final Test Cartridge
04EE	2	Boulder Dash; Final Test Cartridge
04EF	2	Boulder Dash; Final Test Cartridge
04F0	2	Boulder Dash; Final Test Cartridge
04F1	2	Boulder Dash; Final Test Cartridge
04F2	2	Boulder Dash; Final Test Cartridge
04F3	2	Boulder Dash; Final Test Cartridge
04F4	2	Boulder Dash; Final Test Cartridge
04F5	2	Boulder Dash; Final Test Cartridge
04F6	2	Boulder Dash; Final Test Cartridge
04F7	3	Boulder Dash; Final Test Cartridge; Q-bert II
04F8	2	Boulder Dash; Final Test Cartridge
04F9	2	Boulder Dash; Final Test Cartridge
04FA	2	Boulder Dash; Final Test Cartridge
04FB	2	Boulder Dash; Final Test Cartridge
04FC	3	Boulder Dash; Final Test Cartridge; Q-bert II
04FD	2	Boulder Dash; Final Test Cartridge
04FE	3	Boulder Dash; Final Test Cartridge; Q-bert II
04FF	2	Boulder Dash; Final Test Cartridge
0500	3	Boulder Dash; Final Test Cartridge; Q-bert II
0501	4	Boulder Dash; Final Test Cartridge; Monkey Academy
0502	4	Boulder Dash; Final Test Cartridge; Monkey Academy
0503	3	Boulder Dash; Final Test Cartridge; Q-bert II
0504	3	Boulder Dash; Final Test Cartridge; Q-bert II
0505	3	Boulder Dash; Final Test Cartridge; Q-bert II
0506	3	Boulder Dash; Final Test Cartridge; Q-bert II
0507	3	Boulder Dash; Final Test Cartridge; Q-bert II
0508	2	Boulder Dash; Final Test Cartridge
0509	2	Boulder Dash; Final Test Cartridge
050A	3	Boulder Dash; Final Test Cartridge; Q-bert II
050B	3	Boulder Dash; Final Test Cartridge; Q-bert II
050C	2	Boulder Dash; Final Test Cartridge
050D	3	Boulder Dash; Final Test Cartridge; Q-bert II
050E	3	Boulder Dash; Final Test Cartridge; Q-bert II
050F	3	Boulder Dash; Final Test Cartridge; Q-bert II
0510	2	Boulder Dash; Final Test Cartridge
0511	3	Boulder Dash; Final Test Cartridge; Q-bert II
0512	3	Boulder Dash; Final Test Cartridge; Q-bert II
0513	3	Boulder Dash; Final Test Cartridge; Q-bert II
0514	3	Boulder Dash; Final Test Cartridge; Q-bert II
0515	3	Boulder Dash; Final Test Cartridge; Q-bert II
0516	3	Boulder Dash; Final Test Cartridge; Q-bert II
0517	3	Boulder Dash; Final Test Cartridge; Q-bert II
0518	3	Boulder Dash; Final Test Cartridge; Q-bert II
0519	3	Boulder Dash; Final Test Cartridge; Q-bert II
051A	3	Boulder Dash; Final Test Cartridge; Q-bert II
051B	3	Boulder Dash; Final Test Cartridge; Q-bert II
051C	3	Boulder Dash; Final Test Cartridge; Q-bert II
051D	3	Boulder Dash; Final Test Cartridge; Q-bert II
051E	3	Boulder Dash; Final Test Cartridge; Q-bert II
051F	3	Boulder Dash; Final Test Cartridge; Q-bert II
0520	2	Boulder Dash; Final Test Cartridge
0521	3	Boulder Dash; Final Test Cartridge; Q-bert II
0522	3	Boulder Dash; Final Test Cartridge; Q-bert II
0523	3	Boulder Dash; Final Test Cartridge; Q-bert II
0524	2	Boulder Dash; Final Test Cartridge
0525	3	Boulder Dash; Final Test Cartridge; Q-bert II
0526	3	Boulder Dash; Final Test Cartridge; Q-bert II
0527	4	Boulder Dash; Final Test Cartridge; Q-bert II
0528	4	Boulder Dash; Final Test Cartridge; Q-bert II
0529	4	Boulder Dash; Final Test Cartridge; Q-bert II
052A	3	Boulder Dash; Final Test Cartridge; Q-bert II
052B	2	Boulder Dash; Final Test Cartridge
052C	3	Boulder Dash; Final Test Cartridge; Q-bert II
052D	3	Boulder Dash; Final Test Cartridge; Q-bert II
052E	3	Boulder Dash; Final Test Cartridge; Q-bert II
052F	2	Boulder Dash; Final Test Cartridge
0530	2	Boulder Dash; Final Test Cartridge
0531	3	Boulder Dash; Final Test Cartridge; Q-bert II
0532	1	Final Test Cartridge
0533	2	Final Test Cartridge; Q-bert II
0534	2	Final Test Cartridge; Q-bert II
0535	1	Final Test Cartridge
0536	2	Final Test Cartridge; Q-bert II
0537	2	Final Test Cartridge; Q-bert II
0538	1	Final Test Cartridge
0539	2	Final Test Cartridge; Q-bert II
053A	2	Final Test Cartridge; Q-bert II
053B	2	Final Test Cartridge; Q-bert II
053C	2	Final Test Cartridge; Q-bert II
053D	2	Final Test Cartridge; Q-bert II
053E	1	Final Test Cartridge
053F	2	Final Test Cartridge; Q-bert II
0540	2	Final Test Cartridge; Q-bert II
0541	1	Final Test Cartridge
0542	1	Final Test Cartridge
0543	2	Final Test Cartridge; Q-bert II
0544	1	Final Test Cartridge
0545	2	Final Test Cartridge; Q-bert II
0546	3	Final Test Cartridge; Pac-Man; Q-bert II
0547	2	Final Test Cartridge; Q-bert II
0548	1	Final Test Cartridge
0549	2	Final Test Cartridge; Q-bert II
054A	2	Final Test Cartridge; Q-bert II
054B	2	Final Test Cartridge; Q-bert II
054C	1	Final Test Cartridge
054D	2	Final Test Cartridge; Q-bert II
054E	1	Final Test Cartridge
054F	1	Final Test Cartridge
0550	1	Final Test Cartridge
0551	2	Final Test Cartridge; Q-bert II
0552	1	Final Test Cartridge
0553	2	Final Test Cartridge; Q-bert II
0554	1	Final Test Cartridge
0555	2	Final Test Cartridge; Q-bert II
0556	2	Final Test Cartridge; Q-bert II
0557	2	Final Test Cartridge; Q-bert II
0558	1	Final Test Cartridge
0559	1	Final Test Cartridge
055A	1	Final Test Cartridge
055B	1	Final Test Cartridge
055C	1	Final Test Cartridge
055D	1	Final Test Cartridge
055E	2	Final Test Cartridge; Q-bert II
055F	1	Final Test Cartridge
0560	2	Final Test Cartridge; Q-bert II
0561	1	Final Test Cartridge
0562	1	Final Test Cartridge
0563	2	Final Test Cartridge; Q-bert II
0564	1	Final Test Cartridge
0565	2	Final Test Cartridge; Q-bert II
0566	2	Final Test Cartridge; Q-bert II
0567	2	Final Test Cartridge; Q-bert II
0568	1	Final Test Cartridge
0569	2	Final Test Cartridge; Q-bert II
056A	1	Final Test Cartridge
056B	2	Final Test Cartridge; Q-bert II
056C	1	Final Test Cartridge
056D	1	Final Test Cartridge
056E	2	Final Test Cartridge; Q-bert II
056F	2	Final Test Cartridge; Q-bert II
0570	1	Final Test Cartridge
0571	1	Final Test Cartridge
0572	2	Final Test Cartridge; Q-bert II
0573	1	Final Test Cartridge
0574	1	Final Test Cartridge
0575	1	Final Test Cartridge
0576	2	Final Test Cartridge; Q-bert II
0577	2	Final Test Cartridge; Q-bert II
0578	1	Final Test Cartridge
0579	1	Final Test Cartridge
057A	1	Final Test Cartridge
057B	2	Final Test Cartridge; Q-bert II
057C	1	Final Test Cartridge
057D	1	Final Test Cartridge
057E	1	Final Test Cartridge
057F	1	Final Test Cartridge
0580	2	Final Test Cartridge; Q-bert II
0581	2	Final Test Cartridge; Q-bert II
0582	1	Final Test Cartridge
0583	1	Final Test Cartridge
0584	2	Final Test Cartridge; Q-bert II
0585	1	Final Test Cartridge
0586	1	Final Test Cartridge
0587	2	Final Test Cartridge; Q-bert II
0588	2	Final Test Cartridge; Q-bert II
0589	1	Final Test Cartridge
058A	1	Final Test Cartridge
058B	1	Final Test Cartridge
058C	1	Final Test Cartridge
058D	1	Final Test Cartridge
058E	2	Final Test Cartridge; Q-bert II
058F	2	Final Test Cartridge; Q-bert II
0590	1	Final Test Cartridge
0591	1	Final Test Cartridge
0592	1	Final Test Cartridge
0593	2	Final Test Cartridge; Q-bert II
0594	2	Final Test Cartridge; Q-bert II
0595	1	Final Test Cartridge
0596	2	Final Test Cartridge; Q-bert II
0597	1	Final Test Cartridge
0598	1	Final Test Cartridge
0599	2	Final Test Cartridge; Super Action Controller Test Cartridge
059A	2	Final Test Cartridge; Super Action Controller Test Cartridge
059B	2	Final Test Cartridge; Super Action Controller Test Cartridge
059C	1	Final Test Cartridge
059D	2	Final Test Cartridge; Q-bert II
059E	1	Final Test Cartridge
059F	2	Final Test Cartridge; Super Action Controller Test Cartridge
05A0	2	Final Test Cartridge; Super Action Controller Test Cartridge
05A1	2	Final Test Cartridge; Super Action Controller Test Cartridge
05A2	1	Final Test Cartridge
05A3	1	Final Test Cartridge
05A4	2	Final Test Cartridge; Q-bert II
05A5	1	Final Test Cartridge
05A6	1	Final Test Cartridge
05A7	2	Final Test Cartridge; Q-bert II
05A8	1	Final Test Cartridge
05A9	1	Final Test Cartridge
05AA	1	Final Test Cartridge
05AB	1	Final Test Cartridge
05AC	2	Final Test Cartridge; Q-bert II
05AD	1	Final Test Cartridge
05AE	1	Final Test Cartridge
05AF	2	Final Test Cartridge; Q-bert II
05B0	1	Final Test Cartridge
05B1	1	Final Test Cartridge
05B2	1	Final Test Cartridge
05B3	2	Final Test Cartridge; Q-bert II
05B4	1	Final Test Cartridge
05B5	1	Final Test Cartridge
05B6	1	Final Test Cartridge
05B7	2	Final Test Cartridge; Q-bert II
05B8	1	Final Test Cartridge
05B9	1	Final Test Cartridge
05BA	1	Final Test Cartridge
05BB	1	Final Test Cartridge
05BC	1	Final Test Cartridge
05BD	2	Final Test Cartridge; Q-bert II
05BE	1	Final Test Cartridge
05BF	1	Final Test Cartridge
05C0	1	Final Test Cartridge
05C1	1	Final Test Cartridge
05C2	2	Final Test Cartridge; Q-bert II
05C3	1	Final Test Cartridge
05C4	2	Final Test Cartridge; Q-bert II
05C5	1	Final Test Cartridge
05C6	1	Final Test Cartridge
05C7	1	Final Test Cartridge
05C8	1	Final Test Cartridge
05C9	1	Final Test Cartridge
05CA	2	Final Test Cartridge; Q-bert II
05CB	1	Final Test Cartridge
05CC	1	Final Test Cartridge
05CD	1	Final Test Cartridge
05CE	1	Final Test Cartridge
05CF	2	Final Test Cartridge; Q-bert II
05D0	1	Final Test Cartridge
05D1	2	Final Test Cartridge; Q-bert II
05D2	2	Final Test Cartridge; Q-bert II
05D3	2	Final Test Cartridge; Q-bert II
05D4	1	Final Test Cartridge
05D5	2	Final Test Cartridge; Q-bert II
05D6	2	Final Test Cartridge; Q-bert II
05D7	2	Final Test Cartridge; Q-bert II
05D8	1	Final Test Cartridge
05D9	1	Final Test Cartridge
05DA	1	Final Test Cartridge
05DB	1	Final Test Cartridge
05DC	1	Final Test Cartridge
05DD	2	Final Test Cartridge; Q-bert II
05DE	1	Final Test Cartridge
05DF	1	Final Test Cartridge
05E0	1	Final Test Cartridge
05E1	1	Final Test Cartridge
05E2	2	Final Test Cartridge; Q-bert II
05E3	1	Final Test Cartridge
05E4	2	Final Test Cartridge; Q-bert II
05E5	1	Final Test Cartridge
05E6	2	Final Test Cartridge; Q-bert II
05E7	2	Final Test Cartridge; Q-bert II
05E8	2	Final Test Cartridge; Q-bert II
05E9	1	Final Test Cartridge
05EA	1	Final Test Cartridge
05EB	1	Final Test Cartridge
05EC	2	Final Test Cartridge; Q-bert II
05ED	1	Final Test Cartridge
05EE	1	Final Test Cartridge
05EF	1	Final Test Cartridge
05F0	2	Final Test Cartridge; Q-bert II
05F1	1	Final Test Cartridge
05F2	1	Final Test Cartridge
05F3	1	Final Test Cartridge
05F4	2	Final Test Cartridge; Q-bert II
05F5	1	Final Test Cartridge
05F6	1	Final Test Cartridge
05F7	1	Final Test Cartridge
05F8	1	Final Test Cartridge
05F9	1	Final Test Cartridge
05FA	2	Final Test Cartridge; Q-bert II
05FB	1	Final Test Cartridge
05FC	2	Final Test Cartridge; Q-bert II
05FD	1	Final Test Cartridge
05FE	1	Final Test Cartridge
05FF	1	Final Test Cartridge
0600	2	Final Test Cartridge; Q-bert II
0601	2	Final Test Cartridge; Q-bert II
0602	2	Final Test Cartridge; Q-bert II
0603	2	Final Test Cartridge; Q-bert II
0604	2	Final Test Cartridge; Q-bert II
0605	2	Final Test Cartridge; Q-bert II
0606	2	Final Test Cartridge; Q-bert II
0607	2	Final Test Cartridge; Q-bert II
0608	1	Final Test Cartridge
0609	2	Final Test Cartridge; Q-bert II
060A	2	Final Test Cartridge; Q-bert II
060B	2	Final Test Cartridge; Q-bert II
060C	1	Final Test Cartridge
060D	2	Final Test Cartridge; Q-bert II
060E	2	Final Test Cartridge; Q-bert II
060F	1	Final Test Cartridge
0610	1	Final Test Cartridge
0611	2	Final Test Cartridge; Q-bert II
0612	2	Final Test Cartridge; Q-bert II
0613	2	Final Test Cartridge; Q-bert II
0614	2	Final Test Cartridge; Q-bert II
0615	2	Final Test Cartridge; Q-bert II
0616	2	Final Test Cartridge; Q-bert II
0617	1	Final Test Cartridge
0618	2	Final Test Cartridge; Q-bert II
0619	2	Final Test Cartridge; Q-bert II
061A	2	Final Test Cartridge; Q-bert II
061B	2	Final Test Cartridge; Q-bert II
061C	2	Final Test Cartridge; Q-bert II
061D	2	Final Test Cartridge; Q-bert II
061E	2	Final Test Cartridge; Q-bert II
061F	2	Final Test Cartridge; Q-bert II
0620	1	Final Test Cartridge
0621	2	Final Test Cartridge; Q-bert II
0622	2	Final Test Cartridge; Q-bert II
0623	2	Final Test Cartridge; Q-bert II
0624	2	Final Test Cartridge; Q-bert II
0625	2	Final Test Cartridge; Q-bert II
0626	2	Final Test Cartridge; Q-bert II
0627	2	Final Test Cartridge; Q-bert II
0628	1	Final Test Cartridge
0629	1	Final Test Cartridge
062A	2	Final Test Cartridge; Q-bert II
062B	2	Final Test Cartridge; Q-bert II
062C	2	Final Test Cartridge; Q-bert II
062D	2	Final Test Cartridge; Q-bert II
062E	2	Final Test Cartridge; Q-bert II
062F	2	Final Test Cartridge; Q-bert II
0630	2	Final Test Cartridge; Q-bert II
0631	2	Final Test Cartridge; Q-bert II
0632	2	Final Test Cartridge; Q-bert II
0633	2	Final Test Cartridge; Q-bert II
0634	1	Final Test Cartridge
0635	2	Final Test Cartridge; Q-bert II
0636	2	Final Test Cartridge; Q-bert II
0637	2	Final Test Cartridge; Q-bert II
0638	1	Final Test Cartridge
0639	2	Final Test Cartridge; Q-bert II
063A	1	Final Test Cartridge
063B	2	Final Test Cartridge; Q-bert II
063C	2	Final Test Cartridge; Q-bert II
063D	2	Final Test Cartridge; Q-bert II
063E	2	Final Test Cartridge; Q-bert II
063F	2	Final Test Cartridge; Q-bert II
0640	1	Final Test Cartridge
0641	2	Final Test Cartridge; Q-bert II
0642	2	Final Test Cartridge; Q-bert II
0643	1	Final Test Cartridge
0644	1	Final Test Cartridge
0645	2	Final Test Cartridge; Q-bert II
0646	2	Final Test Cartridge; Q-bert II
0647	3	Final Test Cartridge; Pac-Man; Q-bert II
0648	2	Final Test Cartridge; Q-bert II
0649	2	Final Test Cartridge; Q-bert II
064A	2	Final Test Cartridge; Q-bert II
064B	2	Final Test Cartridge; Q-bert II
064C	1	Final Test Cartridge
064D	2	Final Test Cartridge; Q-bert II
064E	1	Final Test Cartridge
064F	2	Final Test Cartridge; Q-bert II
0650	1	Final Test Cartridge
0651	2	Final Test Cartridge; Q-bert II
0652	2	Final Test Cartridge; Q-bert II
0653	1	Final Test Cartridge
0654	2	Final Test Cartridge; Q-bert II
0655	2	Final Test Cartridge; Q-bert II
0656	2	Final Test Cartridge; Q-bert II
0657	2	Final Test Cartridge; Q-bert II
0658	2	Final Test Cartridge; Q-bert II
0659	1	Final Test Cartridge
065A	1	Final Test Cartridge
065B	2	Final Test Cartridge; Q-bert II
065C	2	Final Test Cartridge; Q-bert II
065D	2	Final Test Cartridge; Q-bert II
065E	2	Final Test Cartridge; Q-bert II
065F	2	Final Test Cartridge; Q-bert II
0660	1	Final Test Cartridge
0661	2	Final Test Cartridge; Q-bert II
0662	2	Final Test Cartridge; Q-bert II
0663	1	Final Test Cartridge
0664	2	Final Test Cartridge; Q-bert II
0665	1	Final Test Cartridge
0666	2	Final Test Cartridge; Q-bert II
0667	2	Final Test Cartridge; Q-bert II
0668	2	Final Test Cartridge; Q-bert II
0669	1	Final Test Cartridge
066A	1	Final Test Cartridge
066B	1	Final Test Cartridge
066C	2	Final Test Cartridge; Q-bert II
066D	2	Final Test Cartridge; Q-bert II
066E	1	Final Test Cartridge
066F	2	Final Test Cartridge; Q-bert II
0670	2	Final Test Cartridge; Q-bert II
0671	2	Final Test Cartridge; Q-bert II
0672	2	Final Test Cartridge; Q-bert II
0673	2	Final Test Cartridge; Q-bert II
0674	1	Final Test Cartridge
0675	1	Final Test Cartridge
0676	1	Final Test Cartridge
0677	1	Final Test Cartridge
0678	1	Final Test Cartridge
0679	1	Final Test Cartridge
067A	2	Final Test Cartridge; Q-bert II
067B	2	Final Test Cartridge; Q-bert II
067C	2	Final Test Cartridge; Q-bert II
067D	1	Final Test Cartridge
067E	2	Final Test Cartridge; Q-bert II
067F	1	Final Test Cartridge
0680	1	Final Test Cartridge
0681	1	Final Test Cartridge
0682	1	Final Test Cartridge
0683	2	Final Test Cartridge; Q-bert II
0684	1	Final Test Cartridge
0685	1	Final Test Cartridge
0686	2	Final Test Cartridge; Q-bert II
0687	1	Final Test Cartridge
0688	1	Final Test Cartridge
0689	1	Final Test Cartridge
068A	1	Final Test Cartridge
068B	2	Final Test Cartridge; Q-bert II
068C	1	Final Test Cartridge
068D	2	Final Test Cartridge; Q-bert II
068E	1	Final Test Cartridge
068F	1	Final Test Cartridge
0690	1	Final Test Cartridge
0691	2	Final Test Cartridge; Q-bert II
0692	2	Final Test Cartridge; Q-bert II
0693	1	Final Test Cartridge
0694	1	Final Test Cartridge
0695	1	Final Test Cartridge
0696	1	Final Test Cartridge
0697	1	Final Test Cartridge
0698	2	Final Test Cartridge; Q-bert II
0699	1	Final Test Cartridge
069A	2	Final Test Cartridge; Q-bert II
069B	1	Final Test Cartridge
069C	2	Final Test Cartridge; Q-bert II
069D	2	Final Test Cartridge; Q-bert II
069E	1	Final Test Cartridge
069F	2	Final Test Cartridge; Super Action Controller Test Cartridge
06A0	2	Final Test Cartridge; Super Action Controller Test Cartridge
06A1	2	Final Test Cartridge; Super Action Controller Test Cartridge
06A2	1	Final Test Cartridge
06A3	1	Final Test Cartridge
06A4	1	Final Test Cartridge
06A5	1	Final Test Cartridge
06A6	1	Final Test Cartridge
06A7	1	Final Test Cartridge
06A8	1	Final Test Cartridge
06A9	2	Final Test Cartridge; Q-bert II
06AA	1	Final Test Cartridge
06AB	1	Final Test Cartridge
06AC	1	Final Test Cartridge
06AD	1	Final Test Cartridge
06AE	2	Final Test Cartridge; Q-bert II
06AF	1	Final Test Cartridge
06B0	1	Final Test Cartridge
06B1	1	Final Test Cartridge
06B2	2	Final Test Cartridge; Q-bert II
06B3	1	Final Test Cartridge
06B4	1	Final Test Cartridge
06B5	1	Final Test Cartridge
06B6	1	Final Test Cartridge
06B7	1	Final Test Cartridge
06B8	1	Final Test Cartridge
06B9	1	Final Test Cartridge
06BA	1	Final Test Cartridge
06BB	1	Final Test Cartridge
06BC	2	Final Test Cartridge; Q-bert II
06BD	1	Final Test Cartridge
06BE	1	Final Test Cartridge
06BF	1	Final Test Cartridge
06C0	1	Final Test Cartridge
06C1	1	Final Test Cartridge
06C2	1	Final Test Cartridge
06C3	1	Final Test Cartridge
06C4	1	Final Test Cartridge
06C5	1	Final Test Cartridge
06C6	1	Final Test Cartridge
06C7	1	Final Test Cartridge
06C8	1	Final Test Cartridge
06C9	1	Final Test Cartridge
06CA	1	Final Test Cartridge
06CB	2	Final Test Cartridge; Q-bert II
06CC	2	Final Test Cartridge; Q-bert II
06CD	1	Final Test Cartridge
06CE	1	Final Test Cartridge
06CF	2	Final Test Cartridge; Q-bert II
06D0	1	Final Test Cartridge
06D1	1	Final Test Cartridge
06D2	1	Final Test Cartridge
06D3	1	Final Test Cartridge
06D4	2	Final Test Cartridge; Q-bert II
06D5	1	Final Test Cartridge
06D6	2	Final Test Cartridge; Q-bert II
06D7	1	Final Test Cartridge
06D8	2	Final Test Cartridge; Q-bert II
06D9	1	Final Test Cartridge
06DA	1	Final Test Cartridge
06DB	1	Final Test Cartridge
06DC	1	Final Test Cartridge
06DD	1	Final Test Cartridge
06DE	1	Final Test Cartridge
06DF	2	Final Test Cartridge; Q-bert II
06E0	1	Final Test Cartridge
06E1	1	Final Test Cartridge
06E2	1	Final Test Cartridge
06E3	2	Final Test Cartridge; Q-bert II
06E4	1	Final Test Cartridge
06E5	2	Final Test Cartridge; Q-bert II
06E6	1	Final Test Cartridge
06E7	1	Final Test Cartridge
06E8	1	Final Test Cartridge
06E9	1	Final Test Cartridge
06EA	1	Final Test Cartridge
06EB	2	Final Test Cartridge; Q-bert II
06EC	2	Final Test Cartridge; Q-bert II
06ED	1	Final Test Cartridge
06EE	1	Final Test Cartridge
06EF	1	Final Test Cartridge
06F0	1	Final Test Cartridge
06F1	1	Final Test Cartridge
06F2	1	Final Test Cartridge
06F3	2	Final Test Cartridge; Q-bert II
06F4	1	Final Test Cartridge
06F5	1	Final Test Cartridge
06F6	1	Final Test Cartridge
06F7	1	Final Test Cartridge
06F8	1	Final Test Cartridge
06F9	1	Final Test Cartridge
06FA	1	Final Test Cartridge
06FB	1	Final Test Cartridge
06FC	1	Final Test Cartridge
06FD	1	Final Test Cartridge
06FE	1	Final Test Cartridge
06FF	1	Final Test Cartridge
0700	1	Final Test Cartridge
0701	2	Final Test Cartridge; Q-bert II
0702	2	Final Test Cartridge; Q-bert II
0703	2	Final Test Cartridge; Q-bert II
0704	2	Final Test Cartridge; Q-bert II
0705	2	Final Test Cartridge; Q-bert II
0706	2	Final Test Cartridge; Q-bert II
0707	2	Final Test Cartridge; Q-bert II
0708	2	Final Test Cartridge; Q-bert II
0709	2	Final Test Cartridge; Q-bert II
070A	2	Final Test Cartridge; Q-bert II
070B	2	Final Test Cartridge; Q-bert II
070C	2	Final Test Cartridge; Q-bert II
070D	2	Final Test Cartridge; Q-bert II
070E	1	Final Test Cartridge
070F	2	Final Test Cartridge; Q-bert II
0710	2	Final Test Cartridge; Q-bert II
0711	2	Final Test Cartridge; Q-bert II
0712	2	Final Test Cartridge; Q-bert II
0713	2	Final Test Cartridge; Q-bert II
0714	1	Final Test Cartridge
0715	3	Final Test Cartridge; Q-bert II; Super Action Controller Test Cartridge
0716	3	Final Test Cartridge; Q-bert II; Super Action Controller Test Cartridge
0717	3	Final Test Cartridge; Q-bert II; Super Action Controller Test Cartridge
0718	1	Final Test Cartridge
0719	2	Final Test Cartridge; Q-bert II
071A	2	Final Test Cartridge; Q-bert II
071B	3	Final Test Cartridge; Q-bert II; Super Action Controller Test Cartridge
071C	3	Final Test Cartridge; Q-bert II; Super Action Controller Test Cartridge
071D	3	Final Test Cartridge; Q-bert II; Super Action Controller Test Cartridge
071E	2	Final Test Cartridge; Q-bert II
071F	2	Final Test Cartridge; Q-bert II
0720	2	Final Test Cartridge; Q-bert II
0721	2	Final Test Cartridge; Q-bert II
0722	2	Final Test Cartridge; Q-bert II
0723	2	Final Test Cartridge; Q-bert II
0724	2	Final Test Cartridge; Q-bert II
0725	2	Final Test Cartridge; Q-bert II
0726	2	Final Test Cartridge; Q-bert II
0727	2	Final Test Cartridge; Q-bert II
0728	1	Final Test Cartridge
0729	2	Final Test Cartridge; Q-bert II
072A	2	Final Test Cartridge; Q-bert II
072B	2	Final Test Cartridge; Q-bert II
072C	1	Final Test Cartridge
072D	2	Final Test Cartridge; Q-bert II
072E	2	Final Test Cartridge; Q-bert II
072F	2	Final Test Cartridge; Q-bert II
0730	1	Final Test Cartridge
0731	1	Final Test Cartridge
0732	2	Final Test Cartridge; Q-bert II
0733	2	Final Test Cartridge; Q-bert II
0734	2	Final Test Cartridge; Q-bert II
0735	2	Final Test Cartridge; Q-bert II
0736	2	Final Test Cartridge; Q-bert II
0737	2	Final Test Cartridge; Q-bert II
0738	1	Final Test Cartridge
0739	2	Final Test Cartridge; Q-bert II
073A	2	Final Test Cartridge; Q-bert II
073B	2	Final Test Cartridge; Q-bert II
073C	2	Final Test Cartridge; Q-bert II
073D	2	Final Test Cartridge; Q-bert II
073E	2	Final Test Cartridge; Q-bert II
073F	2	Final Test Cartridge; Q-bert II
0740	2	Final Test Cartridge; Q-bert II
0741	1	Final Test Cartridge
0742	2	Final Test Cartridge; Q-bert II
0743	1	Final Test Cartridge
0744	2	Final Test Cartridge; Q-bert II
0745	2	Final Test Cartridge; Q-bert II
0746	2	Final Test Cartridge; Q-bert II
0747	1	Final Test Cartridge
0748	3	Final Test Cartridge; Pac-Man; Q-bert II
0749	1	Final Test Cartridge
074A	1	Final Test Cartridge
074B	2	Final Test Cartridge; Q-bert II
074C	1	Final Test Cartridge
074D	2	Final Test Cartridge; Q-bert II
074E	1	Final Test Cartridge
074F	1	Final Test Cartridge
0750	2	Final Test Cartridge; Q-bert II
0751	1	Final Test Cartridge
0752	1	Final Test Cartridge
0753	1	Final Test Cartridge
0754	2	Final Test Cartridge; Q-bert II
0755	1	Final Test Cartridge
0756	2	Final Test Cartridge; Q-bert II
0757	1	Final Test Cartridge
0758	1	Final Test Cartridge
0759	2	Final Test Cartridge; Q-bert II
075A	2	Final Test Cartridge; Q-bert II
075B	2	Final Test Cartridge; Q-bert II
075C	1	Final Test Cartridge
075D	1	Final Test Cartridge
075E	2	Final Test Cartridge; Q-bert II
075F	2	Final Test Cartridge; Q-bert II
0760	1	Final Test Cartridge
0761	1	Final Test Cartridge
0762	2	Final Test Cartridge; Q-bert II
0763	1	Final Test Cartridge
0764	2	Final Test Cartridge; Q-bert II
0765	1	Final Test Cartridge
0766	1	Final Test Cartridge
0767	1	Final Test Cartridge
0768	1	Final Test Cartridge
0769	1	Final Test Cartridge
076A	2	Final Test Cartridge; Q-bert II
076B	1	Final Test Cartridge
076C	1	Final Test Cartridge
076D	1	Final Test Cartridge
076E	2	Final Test Cartridge; Q-bert II
076F	2	Final Test Cartridge; Q-bert II
0770	2	Final Test Cartridge; Q-bert II
0771	1	Final Test Cartridge
0772	2	Final Test Cartridge; Q-bert II
0773	2	Final Test Cartridge; Q-bert II
0774	2	Final Test Cartridge; Q-bert II
0775	1	Final Test Cartridge
0776	2	Final Test Cartridge; Q-bert II
0777	2	Final Test Cartridge; Q-bert II
0778	2	Final Test Cartridge; Q-bert II
0779	1	Final Test Cartridge
077A	1	Final Test Cartridge
077B	1	Final Test Cartridge
077C	2	Final Test Cartridge; Super Action Controller Test Cartridge
077D	3	Final Test Cartridge; Q-bert II; Super Action Controller Test Cartridge
077E	2	Final Test Cartridge; Super Action Controller Test Cartridge
077F	2	Final Test Cartridge; Q-bert II
0780	1	Final Test Cartridge
0781	1	Final Test Cartridge
0782	1	Final Test Cartridge
0783	1	Final Test Cartridge
0784	2	Final Test Cartridge; Q-bert II
0785	1	Final Test Cartridge
0786	1	Final Test Cartridge
0787	1	Final Test Cartridge
0788	1	Final Test Cartridge
0789	1	Final Test Cartridge
078A	1	Final Test Cartridge
078B	1	Final Test Cartridge
078C	1	Final Test Cartridge
078D	1	Final Test Cartridge
078E	1	Final Test Cartridge
078F	2	Final Test Cartridge; Q-bert II
0790	1	Final Test Cartridge
0791	1	Final Test Cartridge
0792	1	Final Test Cartridge
0793	1	Final Test Cartridge
0794	2	Final Test Cartridge; Q-bert II
0795	1	Final Test Cartridge
0796	1	Final Test Cartridge
0797	1	Final Test Cartridge
0798	1	Final Test Cartridge
0799	1	Final Test Cartridge
079A	1	Final Test Cartridge
079B	2	Final Test Cartridge; Q-bert II
079C	2	Final Test Cartridge; Super Action Controller Test Cartridge
079D	2	Final Test Cartridge; Super Action Controller Test Cartridge
079E	2	Final Test Cartridge; Super Action Controller Test Cartridge
079F	1	Final Test Cartridge
07A0	2	Final Test Cartridge; Q-bert II
07A1	1	Final Test Cartridge
07A2	1	Final Test Cartridge
07A3	1	Final Test Cartridge
07A4	1	Final Test Cartridge
07A5	1	Final Test Cartridge
07A6	1	Final Test Cartridge
07A7	2	Final Test Cartridge; Q-bert II
07A8	1	Final Test Cartridge
07A9	1	Final Test Cartridge
07AA	1	Final Test Cartridge
07AB	1	Final Test Cartridge
07AC	1	Final Test Cartridge
07AD	2	Final Test Cartridge; Q-bert II
07AE	1	Final Test Cartridge
07AF	1	Final Test Cartridge
07B0	1	Final Test Cartridge
07B1	1	Final Test Cartridge
07B2	1	Final Test Cartridge
07B3	2	Final Test Cartridge; Q-bert II
07B4	1	Final Test Cartridge
07B5	1	Final Test Cartridge
07B6	1	Final Test Cartridge
07B7	1	Final Test Cartridge
07B8	1	Final Test Cartridge
07B9	1	Final Test Cartridge
07BA	1	Final Test Cartridge
07BB	1	Final Test Cartridge
07BC	1	Final Test Cartridge
07BD	1	Final Test Cartridge
07BE	1	Final Test Cartridge
07BF	1	Final Test Cartridge
07C0	2	Final Test Cartridge; Q-bert II
07C1	1	Final Test Cartridge
07C2	1	Final Test Cartridge
07C3	2	Final Test Cartridge; Q-bert II
07C4	2	Final Test Cartridge; Q-bert II
07C5	2	Final Test Cartridge; Q-bert II
07C6	2	Final Test Cartridge; Q-bert II
07C7	1	Final Test Cartridge
07C8	1	Final Test Cartridge
07C9	2	Final Test Cartridge; Q-bert II
07CA	2	Final Test Cartridge; Q-bert II
07CB	1	Final Test Cartridge
07CC	2	Final Test Cartridge; Q-bert II
07CD	1	Final Test Cartridge
07CE	1	Final Test Cartridge
07CF	1	Final Test Cartridge
07D0	2	Final Test Cartridge; Q-bert II
07D1	2	Final Test Cartridge; Q-bert II
07D2	1	Final Test Cartridge
07D3	1	Final Test Cartridge
07D4	1	Final Test Cartridge
07D5	1	Final Test Cartridge
07D6	2	Final Test Cartridge; Q-bert II
07D7	1	Final Test Cartridge
07D8	1	Final Test Cartridge
07D9	1	Final Test Cartridge
07DA	1	Final Test Cartridge
07DB	2	Final Test Cartridge; Q-bert II
07DC	1	Final Test Cartridge
07DD	1	Final Test Cartridge
07DE	1	Final Test Cartridge
07DF	1	Final Test Cartridge
07E0	1	Final Test Cartridge
07E1	1	Final Test Cartridge
07E2	2	Final Test Cartridge; Q-bert II
07E3	1	Final Test Cartridge
07E4	1	Final Test Cartridge
07E5	2	Final Test Cartridge; Q-bert II
07E6	1	Final Test Cartridge
07E7	2	Final Test Cartridge; Q-bert II
07E8	2	Final Test Cartridge; Q-bert II
07E9	2	Final Test Cartridge; Q-bert II
07EA	1	Final Test Cartridge
07EB	1	Final Test Cartridge
07EC	1	Final Test Cartridge
07ED	1	Final Test Cartridge
07EE	1	Final Test Cartridge
07EF	2	Final Test Cartridge; Q-bert II
07F0	1	Final Test Cartridge
07F1	1	Final Test Cartridge
07F2	1	Final Test Cartridge
07F3	1	Final Test Cartridge
07F4	1	Final Test Cartridge
07F5	1	Final Test Cartridge
07F6	1	Final Test Cartridge
07F7	1	Final Test Cartridge
07F8	1	Final Test Cartridge
07F9	2	Final Test Cartridge; Q-bert II
07FA	1	Final Test Cartridge
07FB	1	Final Test Cartridge
07FC	1	Final Test Cartridge
07FD	2	Final Test Cartridge; Q-bert II
07FE	2	Final Test Cartridge; Q-bert II
07FF	1	Final Test Cartridge
0800	1	Final Test Cartridge
0801	2	Final Test Cartridge; Q-bert II
0802	2	Final Test Cartridge; Q-bert II
0803	2	Final Test Cartridge; Q-bert II
0804	2	Final Test Cartridge; Q-bert II
0805	2	Final Test Cartridge; Q-bert II
0806	2	Final Test Cartridge; Q-bert II
0807	2	Final Test Cartridge; Q-bert II
0808	2	Final Test Cartridge; Q-bert II
0809	2	Final Test Cartridge; Q-bert II
080A	2	Final Test Cartridge; Q-bert II
080B	2	Final Test Cartridge; Q-bert II
080C	2	Final Test Cartridge; Q-bert II
080D	3	Final Test Cartridge; Q-bert II; Super Action Controller Test Cartridge
080E	3	Final Test Cartridge; Q-bert II; Super Action Controller Test Cartridge
080F	3	Final Test Cartridge; Q-bert II; Super Action Controller Test Cartridge
0810	2	Final Test Cartridge; Q-bert II
0811	2	Final Test Cartridge; Q-bert II
0812	2	Final Test Cartridge; Q-bert II
0813	2	Final Test Cartridge; Q-bert II
0814	2	Final Test Cartridge; Q-bert II
0815	2	Final Test Cartridge; Q-bert II
0816	2	Final Test Cartridge; Q-bert II
0817	2	Final Test Cartridge; Q-bert II
0818	1	Final Test Cartridge
0819	2	Final Test Cartridge; Q-bert II
081A	1	Final Test Cartridge
081B	2	Final Test Cartridge; Q-bert II
081C	2	Final Test Cartridge; Q-bert II
081D	2	Final Test Cartridge; Q-bert II
081E	2	Final Test Cartridge; Q-bert II
081F	2	Final Test Cartridge; Q-bert II
0820	1	Final Test Cartridge
0821	2	Final Test Cartridge; Q-bert II
0822	2	Final Test Cartridge; Q-bert II
0823	2	Final Test Cartridge; Q-bert II
0824	2	Final Test Cartridge; Q-bert II
0825	2	Final Test Cartridge; Q-bert II
0826	2	Final Test Cartridge; Q-bert II
0827	2	Final Test Cartridge; Q-bert II
0828	1	Final Test Cartridge
0829	2	Final Test Cartridge; Q-bert II
082A	2	Final Test Cartridge; Q-bert II
082B	2	Final Test Cartridge; Q-bert II
082C	2	Final Test Cartridge; Q-bert II
082D	2	Final Test Cartridge; Q-bert II
082E	2	Final Test Cartridge; Q-bert II
082F	2	Final Test Cartridge; Q-bert II
0830	2	Final Test Cartridge; Monkey Academy
0831	3	Final Test Cartridge; Monkey Academy; Q-bert II
0832	3	Final Test Cartridge; Monkey Academy; Q-bert II
0833	2	Final Test Cartridge; Q-bert II
0834	2	Final Test Cartridge; Q-bert II
0835	2	Final Test Cartridge; Q-bert II
0836	2	Final Test Cartridge; Q-bert II
0837	1	Final Test Cartridge
0838	1	Final Test Cartridge
0839	2	Final Test Cartridge; Q-bert II
083A	2	Final Test Cartridge; Q-bert II
083B	2	Final Test Cartridge; Q-bert II
083C	1	Final Test Cartridge
083D	2	Final Test Cartridge; Q-bert II
083E	2	Final Test Cartridge; Q-bert II
083F	1	Final Test Cartridge
0840	1	Final Test Cartridge
0841	2	Final Test Cartridge; Q-bert II
0842	2	Final Test Cartridge; Q-bert II
0843	1	Final Test Cartridge
0844	1	Final Test Cartridge
0845	2	Final Test Cartridge; Q-bert II
0846	2	Final Test Cartridge; Q-bert II
0847	2	Final Test Cartridge; Q-bert II
0848	3	Final Test Cartridge; Monkey Academy; Q-bert II
0849	4	Final Test Cartridge; Monkey Academy; Pac-Man
084A	2	Final Test Cartridge; Q-bert II
084B	2	Final Test Cartridge; Q-bert II
084C	1	Final Test Cartridge
084D	2	Final Test Cartridge; Q-bert II
084E	3	Final Test Cartridge; Monkey Academy; Q-bert II
084F	2	Final Test Cartridge; Monkey Academy
0850	1	Final Test Cartridge
0851	2	Final Test Cartridge; Q-bert II
0852	1	Final Test Cartridge
0853	1	Final Test Cartridge
0854	1	Final Test Cartridge
0855	1	Final Test Cartridge
0856	1	Final Test Cartridge
0857	2	Final Test Cartridge; Q-bert II
0858	1	Final Test Cartridge
0859	1	Final Test Cartridge
085A	2	Final Test Cartridge; Q-bert II
085B	1	Final Test Cartridge
085C	1	Final Test Cartridge
085D	1	Final Test Cartridge
085E	2	Final Test Cartridge; Q-bert II
085F	1	Final Test Cartridge
0860	1	Final Test Cartridge
0861	1	Final Test Cartridge
0862	2	Final Test Cartridge; Q-bert II
0863	1	Final Test Cartridge
0864	1	Final Test Cartridge
0865	2	Final Test Cartridge; Q-bert II
0866	1	Final Test Cartridge
0867	2	Final Test Cartridge; Q-bert II
0868	1	Final Test Cartridge
0869	1	Final Test Cartridge
086A	1	Final Test Cartridge
086B	1	Final Test Cartridge
086C	1	Final Test Cartridge
086D	1	Final Test Cartridge
086E	1	Final Test Cartridge
086F	1	Final Test Cartridge
0870	1	Final Test Cartridge
0871	2	Final Test Cartridge; Q-bert II
0872	1	Final Test Cartridge
0873	1	Final Test Cartridge
0874	1	Final Test Cartridge
0875	1	Final Test Cartridge
0876	1	Final Test Cartridge
0877	2	Final Test Cartridge; Q-bert II
0878	2	Final Test Cartridge; Q-bert II
0879	1	Final Test Cartridge
087A	1	Final Test Cartridge
087B	2	Final Test Cartridge; Q-bert II
087C	2	Final Test Cartridge; Q-bert II
087D	1	Final Test Cartridge
087E	1	Final Test Cartridge
087F	2	Final Test Cartridge; Monkey Academy
0880	2	Final Test Cartridge; Monkey Academy
0881	1	Final Test Cartridge
0882	2	Final Test Cartridge; Q-bert II
0883	2	Final Test Cartridge; Q-bert II
0884	1	Final Test Cartridge
0885	1	Final Test Cartridge
0886	1	Final Test Cartridge
0887	2	Final Test Cartridge; Q-bert II
0888	1	Final Test Cartridge
0889	2	Final Test Cartridge; Q-bert II
088A	2	Final Test Cartridge; Q-bert II
088B	2	Final Test Cartridge; Q-bert II
088C	1	Final Test Cartridge
088D	1	Final Test Cartridge
088E	1	Final Test Cartridge
088F	2	Final Test Cartridge; Q-bert II
0890	2	Final Test Cartridge; Q-bert II
0891	2	Final Test Cartridge; Q-bert II
0892	1	Final Test Cartridge
0893	2	Final Test Cartridge; Q-bert II
0894	2	Final Test Cartridge; Q-bert II
0895	1	Final Test Cartridge
0896	2	Final Test Cartridge; Q-bert II
0897	2	Final Test Cartridge; Q-bert II
0898	1	Final Test Cartridge
0899	2	Final Test Cartridge; Q-bert II
089A	2	Final Test Cartridge; Q-bert II
089B	2	Final Test Cartridge; Q-bert II
089C	1	Final Test Cartridge
089D	1	Final Test Cartridge
089E	1	Final Test Cartridge
089F	2	Final Test Cartridge; Q-bert II
08A0	2	Final Test Cartridge; Q-bert II
08A1	2	Final Test Cartridge; Q-bert II
08A2	1	Final Test Cartridge
08A3	2	Final Test Cartridge; Q-bert II
08A4	2	Final Test Cartridge; Q-bert II
08A5	2	Final Test Cartridge; Q-bert II
08A6	2	Final Test Cartridge; Q-bert II
08A7	1	Final Test Cartridge
08A8	2	Final Test Cartridge; Q-bert II
08A9	1	Final Test Cartridge
08AA	2	Final Test Cartridge; Q-bert II
08AB	1	Final Test Cartridge
08AC	1	Final Test Cartridge
08AD	1	Final Test Cartridge
08AE	2	Final Test Cartridge; Q-bert II
08AF	2	Final Test Cartridge; Q-bert II
08B0	1	Final Test Cartridge
08B1	1	Final Test Cartridge
08B2	2	Final Test Cartridge; Q-bert II
08B3	2	Final Test Cartridge; Q-bert II
08B4	1	Final Test Cartridge
08B5	2	Final Test Cartridge; Q-bert II
08B6	1	Final Test Cartridge
08B7	1	Final Test Cartridge
08B8	2	Final Test Cartridge; Q-bert II
08B9	2	Final Test Cartridge; Q-bert II
08BA	2	Final Test Cartridge; Q-bert II
08BB	2	Final Test Cartridge; Q-bert II
08BC	2	Final Test Cartridge; Q-bert II
08BD	1	Final Test Cartridge
08BE	1	Final Test Cartridge
08BF	1	Final Test Cartridge
08C0	1	Final Test Cartridge
08C1	2	Final Test Cartridge; Q-bert II
08C2	2	Final Test Cartridge; Q-bert II
08C3	1	Final Test Cartridge
08C4	1	Final Test Cartridge
08C5	1	Final Test Cartridge
08C6	1	Final Test Cartridge
08C7	2	Final Test Cartridge; Q-bert II
08C8	1	Final Test Cartridge
08C9	2	Final Test Cartridge; Q-bert II
08CA	2	Final Test Cartridge; Q-bert II
08CB	2	Final Test Cartridge; Q-bert II
08CC	2	Final Test Cartridge; Q-bert II
08CD	2	Final Test Cartridge; Q-bert II
08CE	2	Final Test Cartridge; Q-bert II
08CF	2	Final Test Cartridge; Q-bert II
08D0	1	Final Test Cartridge
08D1	1	Final Test Cartridge
08D2	2	Final Test Cartridge; Q-bert II
08D3	1	Final Test Cartridge
08D4	1	Final Test Cartridge
08D5	1	Final Test Cartridge
08D6	1	Final Test Cartridge
08D7	2	Final Test Cartridge; Q-bert II
08D8	1	Final Test Cartridge
08D9	1	Final Test Cartridge
08DA	2	Final Test Cartridge; Q-bert II
08DB	2	Final Test Cartridge; Q-bert II
08DC	2	Final Test Cartridge; Q-bert II
08DD	1	Final Test Cartridge
08DE	1	Final Test Cartridge
08DF	2	Final Test Cartridge; Q-bert II
08E0	2	Final Test Cartridge; Q-bert II
08E1	1	Final Test Cartridge
08E2	2	Final Test Cartridge; Q-bert II
08E3	1	Final Test Cartridge
08E4	2	Final Test Cartridge; Q-bert II
08E5	1	Final Test Cartridge
08E6	1	Final Test Cartridge
08E7	1	Final Test Cartridge
08E8	1	Final Test Cartridge
08E9	1	Final Test Cartridge
08EA	2	Final Test Cartridge; Q-bert II
08EB	1	Final Test Cartridge
08EC	2	Final Test Cartridge; Q-bert II
08ED	2	Final Test Cartridge; Q-bert II
08EE	1	Final Test Cartridge
08EF	2	Final Test Cartridge; Q-bert II
08F0	1	Final Test Cartridge
08F1	3	Final Test Cartridge; Q-bert II; Super Action Controller Test Cartridge
08F2	3	Final Test Cartridge; Q-bert II; Super Action Controller Test Cartridge
08F3	3	Final Test Cartridge; Q-bert II; Super Action Controller Test Cartridge
08F4	3	Final Test Cartridge; Monkey Academy; Q-bert II
08F5	3	Final Test Cartridge; Monkey Academy; Q-bert II
08F6	1	Final Test Cartridge
08F7	2	Final Test Cartridge; Q-bert II
08F8	2	Final Test Cartridge; Q-bert II
08F9	2	Final Test Cartridge; Q-bert II
08FA	2	Final Test Cartridge; Q-bert II
08FB	1	Final Test Cartridge
08FC	1	Final Test Cartridge
08FD	1	Final Test Cartridge
08FE	2	Final Test Cartridge; Q-bert II
08FF	2	Final Test Cartridge; Q-bert II
0900	1	Final Test Cartridge
0901	1	Final Test Cartridge
0902	2	Final Test Cartridge; Q-bert II
0903	3	Final Test Cartridge; Monkey Academy; Q-bert II
0904	3	Final Test Cartridge; Monkey Academy; Q-bert II
0905	2	Final Test Cartridge; Q-bert II
0906	2	Final Test Cartridge; Q-bert II
0907	2	Final Test Cartridge; Q-bert II
0908	2	Final Test Cartridge; Q-bert II
0909	2	Final Test Cartridge; Q-bert II
090A	2	Final Test Cartridge; Q-bert II
090B	2	Final Test Cartridge; Q-bert II
090C	2	Final Test Cartridge; Q-bert II
090D	2	Final Test Cartridge; Q-bert II
090E	2	Final Test Cartridge; Q-bert II
090F	1	Final Test Cartridge
0910	2	Final Test Cartridge; Q-bert II
0911	2	Final Test Cartridge; Q-bert II
0912	2	Final Test Cartridge; Q-bert II
0913	2	Final Test Cartridge; Q-bert II
0914	2	Final Test Cartridge; Q-bert II
0915	2	Final Test Cartridge; Q-bert II
0916	2	Final Test Cartridge; Q-bert II
0917	2	Final Test Cartridge; Q-bert II
0918	1	Final Test Cartridge
0919	2	Final Test Cartridge; Q-bert II
091A	2	Final Test Cartridge; Q-bert II
091B	2	Final Test Cartridge; Q-bert II
091C	3	Final Test Cartridge; Q-bert II; Super Action Controller Test Cartridge
091D	3	Final Test Cartridge; Q-bert II; Super Action Controller Test Cartridge
091E	3	Final Test Cartridge; Q-bert II; Super Action Controller Test Cartridge
091F	2	Final Test Cartridge; Q-bert II
0920	1	Final Test Cartridge
0921	2	Final Test Cartridge; Q-bert II
0922	2	Final Test Cartridge; Q-bert II
0923	2	Final Test Cartridge; Q-bert II
0924	1	Final Test Cartridge
0925	2	Final Test Cartridge; Q-bert II
0926	2	Final Test Cartridge; Q-bert II
0927	2	Final Test Cartridge; Q-bert II
0928	1	Final Test Cartridge
0929	2	Final Test Cartridge; Q-bert II
092A	2	Final Test Cartridge; Q-bert II
092B	2	Final Test Cartridge; Q-bert II
092C	2	Final Test Cartridge; Q-bert II
092D	2	Final Test Cartridge; Q-bert II
092E	2	Final Test Cartridge; Q-bert II
092F	2	Final Test Cartridge; Q-bert II
0930	2	Final Test Cartridge; Q-bert II
0931	2	Final Test Cartridge; Q-bert II
0932	2	Final Test Cartridge; Q-bert II
0933	2	Final Test Cartridge; Q-bert II
0934	2	Final Test Cartridge; Q-bert II
0935	2	Final Test Cartridge; Q-bert II
0936	2	Final Test Cartridge; Q-bert II
0937	2	Final Test Cartridge; Q-bert II
0938	2	Final Test Cartridge; Q-bert II
0939	2	Final Test Cartridge; Q-bert II
093A	2	Final Test Cartridge; Q-bert II
093B	2	Final Test Cartridge; Q-bert II
093C	2	Final Test Cartridge; Q-bert II
093D	2	Final Test Cartridge; Q-bert II
093E	2	Final Test Cartridge; Q-bert II
093F	2	Final Test Cartridge; Q-bert II
0940	2	Final Test Cartridge; Q-bert II
0941	2	Final Test Cartridge; Q-bert II
0942	3	Final Test Cartridge; Q-bert II; Super Action Controller Test Cartridge
0943	2	Final Test Cartridge; Super Action Controller Test Cartridge
0944	2	Final Test Cartridge; Super Action Controller Test Cartridge
0945	1	Final Test Cartridge
0946	1	Final Test Cartridge
0947	2	Final Test Cartridge; Q-bert II
0948	2	Final Test Cartridge; Q-bert II
0949	1	Final Test Cartridge
094A	2	Final Test Cartridge; Pac-Man
094B	3	Final Test Cartridge; Monkey Academy; Q-bert II
094C	2	Final Test Cartridge; Monkey Academy
094D	2	Final Test Cartridge; Q-bert II
094E	1	Final Test Cartridge
094F	2	Final Test Cartridge; Q-bert II
0950	2	Final Test Cartridge; Q-bert II
0951	1	Final Test Cartridge
0952	1	Final Test Cartridge
0953	1	Final Test Cartridge
0954	2	Final Test Cartridge; Q-bert II
0955	1	Final Test Cartridge
0956	1	Final Test Cartridge
0957	2	Final Test Cartridge; Q-bert II
0958	2	Final Test Cartridge; Q-bert II
0959	2	Final Test Cartridge; Q-bert II
095A	2	Final Test Cartridge; Q-bert II
095B	1	Final Test Cartridge
095C	2	Final Test Cartridge; Q-bert II
095D	1	Final Test Cartridge
095E	2	Final Test Cartridge; Q-bert II
095F	2	Final Test Cartridge; Q-bert II
0960	2	Final Test Cartridge; Q-bert II
0961	1	Final Test Cartridge
0962	2	Final Test Cartridge; Q-bert II
0963	1	Final Test Cartridge
0964	1	Final Test Cartridge
0965	1	Final Test Cartridge
0966	2	Final Test Cartridge; Q-bert II
0967	1	Final Test Cartridge
0968	1	Final Test Cartridge
0969	1	Final Test Cartridge
096A	1	Final Test Cartridge
096B	2	Final Test Cartridge; Q-bert II
096C	1	Final Test Cartridge
096D	1	Final Test Cartridge
096E	1	Final Test Cartridge
096F	1	Final Test Cartridge
0970	1	Final Test Cartridge
0971	1	Final Test Cartridge
0972	2	Final Test Cartridge; Q-bert II
0973	1	Final Test Cartridge
0974	1	Final Test Cartridge
0975	2	Final Test Cartridge; Q-bert II
0976	1	Final Test Cartridge
0977	2	Final Test Cartridge; Q-bert II
0978	2	Final Test Cartridge; Q-bert II
0979	1	Final Test Cartridge
097A	1	Final Test Cartridge
097B	1	Final Test Cartridge
097C	1	Final Test Cartridge
097D	2	Final Test Cartridge; Q-bert II
097E	2	Final Test Cartridge; Q-bert II
097F	1	Final Test Cartridge
0980	1	Final Test Cartridge
0981	1	Final Test Cartridge
0982	2	Final Test Cartridge; Q-bert II
0983	1	Final Test Cartridge
0984	1	Final Test Cartridge
0985	2	Final Test Cartridge; Q-bert II
0986	1	Final Test Cartridge
0987	2	Final Test Cartridge; Q-bert II
0988	1	Final Test Cartridge
0989	1	Final Test Cartridge
098A	1	Final Test Cartridge
098B	1	Final Test Cartridge
098C	1	Final Test Cartridge
098D	1	Final Test Cartridge
098E	2	Final Test Cartridge; Q-bert II
098F	2	Final Test Cartridge; Q-bert II
0990	1	Final Test Cartridge
0991	1	Final Test Cartridge
0992	1	Final Test Cartridge
0993	1	Final Test Cartridge
0994	2	Final Test Cartridge; Q-bert II
0995	2	Final Test Cartridge; Q-bert II
0996	1	Final Test Cartridge
0997	1	Final Test Cartridge
0998	1	Final Test Cartridge
0999	1	Final Test Cartridge
099A	2	Final Test Cartridge; Q-bert II
099B	1	Final Test Cartridge
099C	1	Final Test Cartridge
099D	1	Final Test Cartridge
099E	1	Final Test Cartridge
099F	1	Final Test Cartridge
09A0	1	Final Test Cartridge
09A1	1	Final Test Cartridge
09A2	1	Final Test Cartridge
09A3	1	Final Test Cartridge
09A4	2	Final Test Cartridge; Q-bert II
09A5	1	Final Test Cartridge
09A6	1	Final Test Cartridge
09A7	1	Final Test Cartridge
09A8	1	Final Test Cartridge
09A9	1	Final Test Cartridge
09AA	2	Final Test Cartridge; Q-bert II
09AB	1	Final Test Cartridge
09AC	1	Final Test Cartridge
09AD	1	Final Test Cartridge
09AE	1	Final Test Cartridge
09AF	1	Final Test Cartridge
09B0	1	Final Test Cartridge
09B1	1	Final Test Cartridge
09B2	2	Final Test Cartridge; Q-bert II
09B3	1	Final Test Cartridge
09B4	1	Final Test Cartridge
09B5	1	Final Test Cartridge
09B6	1	Final Test Cartridge
09B7	2	Final Test Cartridge; Q-bert II
09B8	1	Final Test Cartridge
09B9	1	Final Test Cartridge
09BA	2	Final Test Cartridge; Q-bert II
09BB	1	Final Test Cartridge
09BC	1	Final Test Cartridge
09BD	1	Final Test Cartridge
09BE	1	Final Test Cartridge
09BF	1	Final Test Cartridge
09C0	1	Final Test Cartridge
09C1	1	Final Test Cartridge
09C2	2	Final Test Cartridge; Q-bert II
09C3	2	Final Test Cartridge; Q-bert II
09C4	1	Final Test Cartridge
09C5	1	Final Test Cartridge
09C6	1	Final Test Cartridge
09C7	1	Final Test Cartridge
09C8	1	Final Test Cartridge
09C9	1	Final Test Cartridge
09CA	1	Final Test Cartridge
09CB	1	Final Test Cartridge
09CC	1	Final Test Cartridge
09CD	1	Final Test Cartridge
09CE	1	Final Test Cartridge
09CF	2	Final Test Cartridge; Q-bert II
09D0	1	Final Test Cartridge
09D1	2	Final Test Cartridge; Q-bert II
09D2	2	Final Test Cartridge; Q-bert II
09D3	1	Final Test Cartridge
09D4	2	Final Test Cartridge; Q-bert II
09D5	1	Final Test Cartridge
09D6	1	Final Test Cartridge
09D7	1	Final Test Cartridge
09D8	1	Final Test Cartridge
09D9	1	Final Test Cartridge
09DA	1	Final Test Cartridge
09DB	1	Final Test Cartridge
09DC	1	Final Test Cartridge
09DD	1	Final Test Cartridge
09DE	2	Final Test Cartridge; Q-bert II
09DF	1	Final Test Cartridge
09E0	1	Final Test Cartridge
09E1	1	Final Test Cartridge
09E2	2	Final Test Cartridge; Q-bert II
09E3	1	Final Test Cartridge
09E4	1	Final Test Cartridge
09E5	1	Final Test Cartridge
09E6	1	Final Test Cartridge
09E7	1	Final Test Cartridge
09E8	1	Final Test Cartridge
09E9	1	Final Test Cartridge
09EA	2	Final Test Cartridge; Q-bert II
09EB	1	Final Test Cartridge
09EC	2	Final Test Cartridge; Q-bert II
09ED	2	Final Test Cartridge; Q-bert II
09EE	1	Final Test Cartridge
09EF	2	Final Test Cartridge; Q-bert II
09F0	1	Final Test Cartridge
09F1	2	Final Test Cartridge; Q-bert II
09F2	1	Final Test Cartridge
09F3	2	Final Test Cartridge; Q-bert II
09F4	1	Final Test Cartridge
09F5	1	Final Test Cartridge
09F6	1	Final Test Cartridge
09F7	1	Final Test Cartridge
09F8	1	Final Test Cartridge
09F9	1	Final Test Cartridge
09FA	1	Final Test Cartridge
09FB	2	Final Test Cartridge; Q-bert II
09FC	1	Final Test Cartridge
09FD	1	Final Test Cartridge
09FE	2	Final Test Cartridge; Q-bert II
09FF	1	Final Test Cartridge
0A00	1	Final Test Cartridge
0A01	2	Final Test Cartridge; Q-bert II
0A02	2	Final Test Cartridge; Q-bert II
0A03	2	Final Test Cartridge; Q-bert II
0A04	2	Final Test Cartridge; Q-bert II
0A05	2	Final Test Cartridge; Q-bert II
0A06	2	Final Test Cartridge; Q-bert II
0A07	2	Final Test Cartridge; Q-bert II
0A08	1	Final Test Cartridge
0A09	2	Final Test Cartridge; Q-bert II
0A0A	2	Final Test Cartridge; Q-bert II
0A0B	2	Final Test Cartridge; Q-bert II
0A0C	2	Final Test Cartridge; Q-bert II
0A0D	2	Final Test Cartridge; Q-bert II
0A0E	2	Final Test Cartridge; Q-bert II
0A0F	2	Final Test Cartridge; Q-bert II
0A10	3	Final Test Cartridge; Q-bert II; Super Action Controller Test Cartridge
0A11	3	Final Test Cartridge; Q-bert II; Super Action Controller Test Cartridge
0A12	3	Final Test Cartridge; Q-bert II; Super Action Controller Test Cartridge
0A13	2	Final Test Cartridge; Q-bert II
0A14	2	Final Test Cartridge; Q-bert II
0A15	2	Final Test Cartridge; Q-bert II
0A16	2	Final Test Cartridge; Q-bert II
0A17	2	Final Test Cartridge; Q-bert II
0A18	2	Final Test Cartridge; Q-bert II
0A19	2	Final Test Cartridge; Q-bert II
0A1A	2	Final Test Cartridge; Q-bert II
0A1B	2	Final Test Cartridge; Q-bert II
0A1C	2	Final Test Cartridge; Q-bert II
0A1D	2	Final Test Cartridge; Q-bert II
0A1E	2	Final Test Cartridge; Q-bert II
0A1F	2	Final Test Cartridge; Q-bert II
0A20	2	Final Test Cartridge; Q-bert II
0A21	2	Final Test Cartridge; Q-bert II
0A22	2	Final Test Cartridge; Q-bert II
0A23	2	Final Test Cartridge; Q-bert II
0A24	2	Final Test Cartridge; Q-bert II
0A25	2	Final Test Cartridge; Q-bert II
0A26	2	Final Test Cartridge; Q-bert II
0A27	3	Final Test Cartridge; Monkey Academy; Q-bert II
0A28	2	Final Test Cartridge; Monkey Academy
0A29	2	Final Test Cartridge; Q-bert II
0A2A	2	Final Test Cartridge; Q-bert II
0A2B	1	Final Test Cartridge
0A2C	2	Final Test Cartridge; Q-bert II
0A2D	2	Final Test Cartridge; Q-bert II
0A2E	2	Final Test Cartridge; Q-bert II
0A2F	2	Final Test Cartridge; Q-bert II
0A30	2	Final Test Cartridge; Q-bert II
0A31	2	Final Test Cartridge; Q-bert II
0A32	2	Final Test Cartridge; Q-bert II
0A33	2	Final Test Cartridge; Q-bert II
0A34	2	Final Test Cartridge; Q-bert II
0A35	2	Final Test Cartridge; Q-bert II
0A36	2	Final Test Cartridge; Q-bert II
0A37	2	Final Test Cartridge; Q-bert II
0A38	2	Final Test Cartridge; Q-bert II
0A39	3	Final Test Cartridge; Monkey Academy; Q-bert II
0A3A	3	Final Test Cartridge; Monkey Academy; Q-bert II
0A3B	2	Final Test Cartridge; Q-bert II
0A3C	2	Final Test Cartridge; Q-bert II
0A3D	2	Final Test Cartridge; Q-bert II
0A3E	2	Final Test Cartridge; Q-bert II
0A3F	2	Final Test Cartridge; Q-bert II
0A40	1	Final Test Cartridge
0A41	2	Final Test Cartridge; Q-bert II
0A42	2	Final Test Cartridge; Q-bert II
0A43	2	Final Test Cartridge; Q-bert II
0A44	2	Final Test Cartridge; Q-bert II
0A45	1	Final Test Cartridge
0A46	2	Final Test Cartridge; Q-bert II
0A47	1	Final Test Cartridge
0A48	1	Final Test Cartridge
0A49	1	Final Test Cartridge
0A4A	1	Final Test Cartridge
0A4B	2	Final Test Cartridge; Pac-Man
0A4C	2	Final Test Cartridge; Q-bert II
0A4D	3	Final Test Cartridge; Monkey Academy; Q-bert II
0A4E	3	Final Test Cartridge; Monkey Academy; Q-bert II
0A4F	1	Final Test Cartridge
0A50	2	Final Test Cartridge; Q-bert II
0A51	2	Final Test Cartridge; Monkey Academy
0A52	3	Final Test Cartridge; Monkey Academy; Q-bert II
0A53	2	Final Test Cartridge; Monkey Academy
0A54	1	Final Test Cartridge
0A55	2	Final Test Cartridge; Q-bert II
0A56	2	Final Test Cartridge; Q-bert II
0A57	2	Final Test Cartridge; Q-bert II
0A58	1	Final Test Cartridge
0A59	2	Final Test Cartridge; Q-bert II
0A5A	2	Final Test Cartridge; Q-bert II
0A5B	2	Final Test Cartridge; Q-bert II
0A5C	2	Final Test Cartridge; Q-bert II
0A5D	2	Final Test Cartridge; Q-bert II
0A5E	1	Final Test Cartridge
0A5F	2	Final Test Cartridge; Q-bert II
0A60	2	Final Test Cartridge; Q-bert II
0A61	1	Final Test Cartridge
0A62	2	Final Test Cartridge; Q-bert II
0A63	2	Final Test Cartridge; Q-bert II
0A64	2	Final Test Cartridge; Q-bert II
0A65	1	Final Test Cartridge
0A66	1	Final Test Cartridge
0A67	1	Final Test Cartridge
0A68	1	Final Test Cartridge
0A69	2	Final Test Cartridge; Q-bert II
0A6A	1	Final Test Cartridge
0A6B	1	Final Test Cartridge
0A6C	2	Final Test Cartridge; Q-bert II
0A6D	1	Final Test Cartridge
0A6E	1	Final Test Cartridge
0A6F	2	Final Test Cartridge; Q-bert II
0A70	2	Final Test Cartridge; Q-bert II
0A71	2	Final Test Cartridge; Q-bert II
0A72	1	Final Test Cartridge
0A73	2	Final Test Cartridge; Q-bert II
0A74	1	Final Test Cartridge
0A75	2	Final Test Cartridge; Q-bert II
0A76	1	Final Test Cartridge
0A77	2	Final Test Cartridge; Q-bert II
0A78	2	Final Test Cartridge; Q-bert II
0A79	2	Final Test Cartridge; Super Action Controller Test Cartridge
0A7A	2	Final Test Cartridge; Super Action Controller Test Cartridge
0A7B	3	Final Test Cartridge; Q-bert II; Super Action Controller Test Cartridge
0A7C	2	Final Test Cartridge; Q-bert II
0A7D	2	Final Test Cartridge; Q-bert II
0A7E	1	Final Test Cartridge
0A7F	3	Final Test Cartridge; Monkey Academy; Q-bert II
0A80	2	Final Test Cartridge; Monkey Academy
0A81	1	Final Test Cartridge
0A82	1	Final Test Cartridge
0A83	1	Final Test Cartridge
0A84	1	Final Test Cartridge
0A85	1	Final Test Cartridge
0A86	1	Final Test Cartridge
0A87	1	Final Test Cartridge
0A88	1	Final Test Cartridge
0A89	2	Final Test Cartridge; Q-bert II
0A8A	2	Final Test Cartridge; Q-bert II
0A8B	1	Final Test Cartridge
0A8C	1	Final Test Cartridge
0A8D	1	Final Test Cartridge
0A8E	2	Final Test Cartridge; Q-bert II
0A8F	2	Final Test Cartridge; Q-bert II
0A90	2	Final Test Cartridge; Q-bert II
0A91	1	Final Test Cartridge
0A92	1	Final Test Cartridge
0A93	1	Final Test Cartridge
0A94	2	Final Test Cartridge; Q-bert II
0A95	1	Final Test Cartridge
0A96	2	Final Test Cartridge; Q-bert II
0A97	2	Final Test Cartridge; Q-bert II
0A98	1	Final Test Cartridge
0A99	1	Final Test Cartridge
0A9A	1	Final Test Cartridge
0A9B	1	Final Test Cartridge
0A9C	1	Final Test Cartridge
0A9D	1	Final Test Cartridge
0A9E	2	Final Test Cartridge; Q-bert II
0A9F	1	Final Test Cartridge
0AA0	1	Final Test Cartridge
0AA1	1	Final Test Cartridge
0AA2	1	Final Test Cartridge
0AA3	1	Final Test Cartridge
0AA4	1	Final Test Cartridge
0AA5	1	Final Test Cartridge
0AA6	1	Final Test Cartridge
0AA7	1	Final Test Cartridge
0AA8	1	Final Test Cartridge
0AA9	2	Final Test Cartridge; Q-bert II
0AAA	2	Final Test Cartridge; Q-bert II
0AAB	1	Final Test Cartridge
0AAC	1	Final Test Cartridge
0AAD	1	Final Test Cartridge
0AAE	2	Final Test Cartridge; Q-bert II
0AAF	2	Final Test Cartridge; Q-bert II
0AB0	1	Final Test Cartridge
0AB1	2	Final Test Cartridge; Q-bert II
0AB2	2	Final Test Cartridge; Q-bert II
0AB3	1	Final Test Cartridge
0AB4	1	Final Test Cartridge
0AB5	2	Final Test Cartridge; Q-bert II
0AB6	1	Final Test Cartridge
0AB7	1	Final Test Cartridge
0AB8	1	Final Test Cartridge
0AB9	1	Final Test Cartridge
0ABA	2	Final Test Cartridge; Q-bert II
0ABB	2	Final Test Cartridge; Q-bert II
0ABC	2	Final Test Cartridge; Q-bert II
0ABD	1	Final Test Cartridge
0ABE	2	Final Test Cartridge; Q-bert II
0ABF	1	Final Test Cartridge
0AC0	1	Final Test Cartridge
0AC1	1	Final Test Cartridge
0AC2	1	Final Test Cartridge
0AC3	1	Final Test Cartridge
0AC4	1	Final Test Cartridge
0AC5	1	Final Test Cartridge
0AC6	1	Final Test Cartridge
0AC7	1	Final Test Cartridge
0AC8	1	Final Test Cartridge
0AC9	1	Final Test Cartridge
0ACA	1	Final Test Cartridge
0ACB	1	Final Test Cartridge
0ACC	2	Final Test Cartridge; Q-bert II
0ACD	1	Final Test Cartridge
0ACE	1	Final Test Cartridge
0ACF	1	Final Test Cartridge
0AD0	2	Final Test Cartridge; Q-bert II
0AD1	2	Final Test Cartridge; Q-bert II
0AD2	1	Final Test Cartridge
0AD3	1	Final Test Cartridge
0AD4	1	Final Test Cartridge
0AD5	1	Final Test Cartridge
0AD6	1	Final Test Cartridge
0AD7	1	Final Test Cartridge
0AD8	1	Final Test Cartridge
0AD9	1	Final Test Cartridge
0ADA	1	Final Test Cartridge
0ADB	1	Final Test Cartridge
0ADC	2	Final Test Cartridge; Q-bert II
0ADD	1	Final Test Cartridge
0ADE	1	Final Test Cartridge
0ADF	1	Final Test Cartridge
0AE0	1	Final Test Cartridge
0AE1	2	Final Test Cartridge; Q-bert II
0AE2	1	Final Test Cartridge
0AE3	1	Final Test Cartridge
0AE4	1	Final Test Cartridge
0AE5	1	Final Test Cartridge
0AE6	1	Final Test Cartridge
0AE7	1	Final Test Cartridge
0AE8	1	Final Test Cartridge
0AE9	1	Final Test Cartridge
0AEA	2	Final Test Cartridge; Q-bert II
0AEB	1	Final Test Cartridge
0AEC	1	Final Test Cartridge
0AED	2	Final Test Cartridge; Q-bert II
0AEE	1	Final Test Cartridge
0AEF	1	Final Test Cartridge
0AF0	1	Final Test Cartridge
0AF1	1	Final Test Cartridge
0AF2	1	Final Test Cartridge
0AF3	1	Final Test Cartridge
0AF4	1	Final Test Cartridge
0AF5	2	Final Test Cartridge; Q-bert II
0AF6	2	Final Test Cartridge; Q-bert II
0AF7	1	Final Test Cartridge
0AF8	1	Final Test Cartridge
0AF9	1	Final Test Cartridge
0AFA	1	Final Test Cartridge
0AFB	1	Final Test Cartridge
0AFC	2	Final Test Cartridge; Q-bert II
0AFD	1	Final Test Cartridge
0AFE	1	Final Test Cartridge
0AFF	1	Final Test Cartridge
0B00	2	Final Test Cartridge; Q-bert II
0B01	2	Final Test Cartridge; Q-bert II
0B02	2	Final Test Cartridge; Q-bert II
0B03	2	Final Test Cartridge; Q-bert II
0B04	2	Final Test Cartridge; Q-bert II
0B05	3	Final Test Cartridge; Monkey Academy; Q-bert II
0B06	3	Final Test Cartridge; Monkey Academy; Q-bert II
0B07	2	Final Test Cartridge; Q-bert II
0B08	1	Final Test Cartridge
0B09	2	Final Test Cartridge; Q-bert II
0B0A	2	Final Test Cartridge; Q-bert II
0B0B	2	Final Test Cartridge; Q-bert II
0B0C	2	Final Test Cartridge; Q-bert II
0B0D	2	Final Test Cartridge; Q-bert II
0B0E	2	Final Test Cartridge; Q-bert II
0B0F	2	Final Test Cartridge; Q-bert II
0B10	1	Final Test Cartridge
0B11	2	Final Test Cartridge; Q-bert II
0B12	2	Final Test Cartridge; Q-bert II
0B13	3	Final Test Cartridge; Monkey Academy; Q-bert II
0B14	3	Final Test Cartridge; Monkey Academy; Q-bert II
0B15	2	Final Test Cartridge; Q-bert II
0B16	2	Final Test Cartridge; Q-bert II
0B17	2	Final Test Cartridge; Q-bert II
0B18	2	Final Test Cartridge; Q-bert II
0B19	2	Final Test Cartridge; Q-bert II
0B1A	2	Final Test Cartridge; Q-bert II
0B1B	2	Final Test Cartridge; Q-bert II
0B1C	2	Final Test Cartridge; Q-bert II
0B1D	2	Final Test Cartridge; Q-bert II
0B1E	2	Final Test Cartridge; Q-bert II
0B1F	2	Final Test Cartridge; Q-bert II
0B20	1	Final Test Cartridge
0B21	2	Final Test Cartridge; Q-bert II
0B22	2	Final Test Cartridge; Q-bert II
0B23	2	Final Test Cartridge; Q-bert II
0B24	1	Final Test Cartridge
0B25	2	Final Test Cartridge; Q-bert II
0B26	2	Final Test Cartridge; Q-bert II
0B27	3	Final Test Cartridge; Monkey Academy; Q-bert II
0B28	2	Final Test Cartridge; Monkey Academy
0B29	2	Final Test Cartridge; Q-bert II
0B2A	2	Final Test Cartridge; Q-bert II
0B2B	2	Final Test Cartridge; Q-bert II
0B2C	3	Final Test Cartridge; Monkey Academy; Q-bert II
0B2D	3	Final Test Cartridge; Monkey Academy; Q-bert II
0B2E	1	Final Test Cartridge
0B2F	2	Final Test Cartridge; Q-bert II
0B30	2	Final Test Cartridge; Q-bert II
0B31	2	Final Test Cartridge; Q-bert II
0B32	2	Final Test Cartridge; Q-bert II
0B33	2	Final Test Cartridge; Q-bert II
0B34	2	Final Test Cartridge; Q-bert II
0B35	2	Final Test Cartridge; Q-bert II
0B36	2	Final Test Cartridge; Q-bert II
0B37	2	Final Test Cartridge; Q-bert II
0B38	2	Final Test Cartridge; Q-bert II
0B39	2	Final Test Cartridge; Q-bert II
0B3A	2	Final Test Cartridge; Q-bert II
0B3B	2	Final Test Cartridge; Q-bert II
0B3C	1	Final Test Cartridge
0B3D	2	Final Test Cartridge; Q-bert II
0B3E	2	Final Test Cartridge; Q-bert II
0B3F	2	Final Test Cartridge; Q-bert II
0B40	1	Final Test Cartridge
0B41	1	Final Test Cartridge
0B42	1	Final Test Cartridge
0B43	1	Final Test Cartridge
0B44	2	Final Test Cartridge; Q-bert II
0B45	1	Final Test Cartridge
0B46	1	Final Test Cartridge
0B47	2	Final Test Cartridge; Q-bert II
0B48	1	Final Test Cartridge
0B49	2	Final Test Cartridge; Q-bert II
0B4A	2	Final Test Cartridge; Q-bert II
0B4B	1	Final Test Cartridge
0B4C	2	Final Test Cartridge; Pac-Man
0B4D	2	Final Test Cartridge; Q-bert II
0B4E	1	Final Test Cartridge
0B4F	2	Final Test Cartridge; Q-bert II
0B50	1	Final Test Cartridge
0B51	1	Final Test Cartridge
0B52	3	Final Test Cartridge; Monkey Academy; Q-bert II
0B53	2	Final Test Cartridge; Monkey Academy
0B54	2	Final Test Cartridge; Q-bert II
0B55	1	Final Test Cartridge
0B56	2	Final Test Cartridge; Q-bert II
0B57	2	Final Test Cartridge; Q-bert II
0B58	2	Final Test Cartridge; Q-bert II
0B59	2	Final Test Cartridge; Q-bert II
0B5A	2	Final Test Cartridge; Q-bert II
0B5B	2	Final Test Cartridge; Super Action Controller Test Cartridge
0B5C	2	Final Test Cartridge; Q-bert II
0B5D	1	Final Test Cartridge
0B5E	2	Final Test Cartridge; Q-bert II
0B5F	1	Final Test Cartridge
0B60	1	Final Test Cartridge
0B61	2	Final Test Cartridge; Q-bert II
0B62	1	Final Test Cartridge
0B63	2	Final Test Cartridge; Q-bert II
0B64	1	Final Test Cartridge
0B65	2	Final Test Cartridge; Q-bert II
0B66	2	Final Test Cartridge; Q-bert II
0B67	2	Final Test Cartridge; Q-bert II
0B68	2	Final Test Cartridge; Q-bert II
0B69	1	Final Test Cartridge
0B6A	2	Final Test Cartridge; Q-bert II
0B6B	2	Final Test Cartridge; Q-bert II
0B6C	2	Final Test Cartridge; Q-bert II
0B6D	1	Final Test Cartridge
0B6E	2	Final Test Cartridge; Q-bert II
0B6F	1	Final Test Cartridge
0B70	1	Final Test Cartridge
0B71	2	Final Test Cartridge; Q-bert II
0B72	2	Final Test Cartridge; Q-bert II
0B73	2	Final Test Cartridge; Q-bert II
0B74	2	Final Test Cartridge; Q-bert II
0B75	2	Final Test Cartridge; Q-bert II
0B76	1	Final Test Cartridge
0B77	1	Final Test Cartridge
0B78	2	Final Test Cartridge; Q-bert II
0B79	2	Final Test Cartridge; Monkey Academy
0B7A	2	Final Test Cartridge; Monkey Academy
0B7B	1	Final Test Cartridge
0B7C	1	Final Test Cartridge
0B7D	1	Final Test Cartridge
0B7E	2	Final Test Cartridge; Q-bert II
0B7F	1	Final Test Cartridge
0B80	1	Final Test Cartridge
0B81	1	Final Test Cartridge
0B82	1	Final Test Cartridge
0B83	3	Final Test Cartridge; Monkey Academy; Q-bert II
0B84	2	Final Test Cartridge; Monkey Academy
0B85	2	Final Test Cartridge; Q-bert II
0B86	1	Final Test Cartridge
0B87	1	Final Test Cartridge
0B88	2	Final Test Cartridge; Q-bert II
0B89	1	Final Test Cartridge
0B8A	2	Final Test Cartridge; Q-bert II
0B8B	2	Final Test Cartridge; Q-bert II
0B8C	2	Final Test Cartridge; Q-bert II
0B8D	1	Final Test Cartridge
0B8E	2	Final Test Cartridge; Q-bert II
0B8F	2	Final Test Cartridge; Q-bert II
0B90	2	Final Test Cartridge; Q-bert II
0B91	1	Final Test Cartridge
0B92	1	Final Test Cartridge
0B93	2	Final Test Cartridge; Q-bert II
0B94	1	Final Test Cartridge
0B95	1	Final Test Cartridge
0B96	1	Final Test Cartridge
0B97	1	Final Test Cartridge
0B98	1	Final Test Cartridge
0B99	2	Final Test Cartridge; Q-bert II
0B9A	1	Final Test Cartridge
0B9B	1	Final Test Cartridge
0B9C	1	Final Test Cartridge
0B9D	1	Final Test Cartridge
0B9E	1	Final Test Cartridge
0B9F	2	Final Test Cartridge; Q-bert II
0BA0	1	Final Test Cartridge
0BA1	1	Final Test Cartridge
0BA2	2	Final Test Cartridge; Q-bert II
0BA3	1	Final Test Cartridge
0BA4	2	Final Test Cartridge; Q-bert II
0BA5	2	Final Test Cartridge; Q-bert II
0BA6	2	Final Test Cartridge; Q-bert II
0BA7	2	Final Test Cartridge; Q-bert II
0BA8	2	Final Test Cartridge; Q-bert II
0BA9	1	Final Test Cartridge
0BAA	1	Final Test Cartridge
0BAB	1	Final Test Cartridge
0BAC	1	Final Test Cartridge
0BAD	2	Final Test Cartridge; Q-bert II
0BAE	2	Final Test Cartridge; Q-bert II
0BAF	1	Final Test Cartridge
0BB0	2	Final Test Cartridge; Q-bert II
0BB1	2	Final Test Cartridge; Q-bert II
0BB2	1	Final Test Cartridge
0BB3	2	Final Test Cartridge; Q-bert II
0BB4	1	Final Test Cartridge
0BB5	1	Final Test Cartridge
0BB6	1	Final Test Cartridge
0BB7	1	Final Test Cartridge
0BB8	1	Final Test Cartridge
0BB9	1	Final Test Cartridge
0BBA	1	Final Test Cartridge
0BBB	1	Final Test Cartridge
0BBC	1	Final Test Cartridge
0BBD	1	Final Test Cartridge
0BBE	1	Final Test Cartridge
0BBF	1	Final Test Cartridge
0BC0	1	Final Test Cartridge
0BC1	1	Final Test Cartridge
0BC2	1	Final Test Cartridge
0BC3	1	Final Test Cartridge
0BC4	1	Final Test Cartridge
0BC5	2	Final Test Cartridge; Q-bert II
0BC6	2	Final Test Cartridge; Q-bert II
0BC7	1	Final Test Cartridge
0BC8	2	Final Test Cartridge; Q-bert II
0BC9	1	Final Test Cartridge
0BCA	1	Final Test Cartridge
0BCB	1	Final Test Cartridge
0BCC	2	Final Test Cartridge; Q-bert II
0BCD	1	Final Test Cartridge
0BCE	1	Final Test Cartridge
0BCF	2	Final Test Cartridge; Q-bert II
0BD0	1	Final Test Cartridge
0BD1	1	Final Test Cartridge
0BD2	1	Final Test Cartridge
0BD3	1	Final Test Cartridge
0BD4	2	Final Test Cartridge; Q-bert II
0BD5	1	Final Test Cartridge
0BD6	1	Final Test Cartridge
0BD7	1	Final Test Cartridge
0BD8	1	Final Test Cartridge
0BD9	2	Final Test Cartridge; Q-bert II
0BDA	1	Final Test Cartridge
0BDB	2	Final Test Cartridge; Q-bert II
0BDC	2	Final Test Cartridge; Q-bert II
0BDD	2	Final Test Cartridge; Q-bert II
0BDE	1	Final Test Cartridge
0BDF	1	Final Test Cartridge
0BE0	1	Final Test Cartridge
0BE1	2	Final Test Cartridge; Q-bert II
0BE2	2	Final Test Cartridge; Q-bert II
0BE3	1	Final Test Cartridge
0BE4	2	Final Test Cartridge; Q-bert II
0BE5	1	Final Test Cartridge
0BE6	1	Final Test Cartridge
0BE7	1	Final Test Cartridge
0BE8	1	Final Test Cartridge
0BE9	1	Final Test Cartridge
0BEA	2	Final Test Cartridge; Q-bert II
0BEB	1	Final Test Cartridge
0BEC	2	Final Test Cartridge; Q-bert II
0BED	1	Final Test Cartridge
0BEE	1	Final Test Cartridge
0BEF	1	Final Test Cartridge
0BF0	2	Final Test Cartridge; Q-bert II
0BF1	2	Final Test Cartridge; Q-bert II
0BF2	1	Final Test Cartridge
0BF3	1	Final Test Cartridge
0BF4	2	Final Test Cartridge; Q-bert II
0BF5	1	Final Test Cartridge
0BF6	3	Final Test Cartridge; Monkey Academy; Q-bert II
0BF7	3	Final Test Cartridge; Monkey Academy; Q-bert II
0BF8	2	Final Test Cartridge; Q-bert II
0BF9	2	Final Test Cartridge; Monkey Academy
0BFA	3	Final Test Cartridge; Monkey Academy; Q-bert II
0BFB	2	Final Test Cartridge; Q-bert II
0BFC	1	Final Test Cartridge
0BFD	1	Final Test Cartridge
0BFE	1	Final Test Cartridge
0BFF	2	Final Test Cartridge; Q-bert II
0C00	1	Final Test Cartridge
0C01	2	Final Test Cartridge; Q-bert II
0C02	2	Final Test Cartridge; Q-bert II
0C03	2	Final Test Cartridge; Q-bert II
0C04	2	Final Test Cartridge; Q-bert II
0C05	2	Final Test Cartridge; Q-bert II
0C06	2	Final Test Cartridge; Q-bert II
0C07	2	Final Test Cartridge; Q-bert II
0C08	2	Final Test Cartridge; Q-bert II
0C09	2	Final Test Cartridge; Q-bert II
0C0A	2	Final Test Cartridge; Q-bert II
0C0B	2	Final Test Cartridge; Q-bert II
0C0C	2	Final Test Cartridge; Q-bert II
0C0D	2	Final Test Cartridge; Q-bert II
0C0E	2	Final Test Cartridge; Q-bert II
0C0F	2	Final Test Cartridge; Q-bert II
0C10	2	Final Test Cartridge; Q-bert II
0C11	2	Final Test Cartridge; Q-bert II
0C12	2	Final Test Cartridge; Q-bert II
0C13	2	Final Test Cartridge; Q-bert II
0C14	2	Final Test Cartridge; Q-bert II
0C15	2	Final Test Cartridge; Q-bert II
0C16	2	Final Test Cartridge; Q-bert II
0C17	2	Final Test Cartridge; Q-bert II
0C18	1	Final Test Cartridge
0C19	2	Final Test Cartridge; Q-bert II
0C1A	2	Final Test Cartridge; Q-bert II
0C1B	2	Final Test Cartridge; Q-bert II
0C1C	2	Final Test Cartridge; Q-bert II
0C1D	2	Final Test Cartridge; Q-bert II
0C1E	2	Final Test Cartridge; Q-bert II
0C1F	2	Final Test Cartridge; Q-bert II
0C20	2	Final Test Cartridge; Q-bert II
0C21	2	Final Test Cartridge; Q-bert II
0C22	2	Final Test Cartridge; Q-bert II
0C23	2	Final Test Cartridge; Q-bert II
0C24	2	Final Test Cartridge; Q-bert II
0C25	2	Final Test Cartridge; Q-bert II
0C26	2	Final Test Cartridge; Q-bert II
0C27	2	Final Test Cartridge; Q-bert II
0C28	2	Final Test Cartridge; Q-bert II
0C29	2	Final Test Cartridge; Q-bert II
0C2A	1	Final Test Cartridge
0C2B	2	Final Test Cartridge; Q-bert II
0C2C	2	Final Test Cartridge; Q-bert II
0C2D	2	Final Test Cartridge; Q-bert II
0C2E	2	Final Test Cartridge; Q-bert II
0C2F	2	Final Test Cartridge; Q-bert II
0C30	2	Final Test Cartridge; Q-bert II
0C31	2	Final Test Cartridge; Q-bert II
0C32	2	Final Test Cartridge; Q-bert II
0C33	2	Final Test Cartridge; Q-bert II
0C34	2	Final Test Cartridge; Q-bert II
0C35	2	Final Test Cartridge; Q-bert II
0C36	1	Final Test Cartridge
0C37	3	Final Test Cartridge; Monkey Academy; Q-bert II
0C38	2	Final Test Cartridge; Monkey Academy
0C39	2	Final Test Cartridge; Q-bert II
0C3A	2	Final Test Cartridge; Q-bert II
0C3B	2	Final Test Cartridge; Q-bert II
0C3C	2	Final Test Cartridge; Q-bert II
0C3D	2	Final Test Cartridge; Q-bert II
0C3E	2	Final Test Cartridge; Q-bert II
0C3F	2	Final Test Cartridge; Q-bert II
0C40	1	Final Test Cartridge
0C41	1	Final Test Cartridge
0C42	2	Final Test Cartridge; Q-bert II
0C43	1	Final Test Cartridge
0C44	1	Final Test Cartridge
0C45	1	Final Test Cartridge
0C46	2	Final Test Cartridge; Monkey Academy
0C47	3	Final Test Cartridge; Monkey Academy; Q-bert II
0C48	1	Final Test Cartridge
0C49	1	Final Test Cartridge
0C4A	1	Final Test Cartridge
0C4B	1	Final Test Cartridge
0C4C	2	Final Test Cartridge; Q-bert II
0C4D	3	Final Test Cartridge; Pac-Man; Q-bert II
0C4E	2	Final Test Cartridge; Q-bert II
0C4F	1	Final Test Cartridge
0C50	2	Final Test Cartridge; Q-bert II
0C51	1	Final Test Cartridge
0C52	2	Final Test Cartridge; Q-bert II
0C53	2	Final Test Cartridge; Q-bert II
0C54	2	Final Test Cartridge; Q-bert II
0C55	1	Final Test Cartridge
0C56	2	Final Test Cartridge; Monkey Academy
0C57	2	Final Test Cartridge; Monkey Academy
0C58	2	Final Test Cartridge; Monkey Academy
0C59	1	Final Test Cartridge
0C5A	1	Final Test Cartridge
0C5B	1	Final Test Cartridge
0C5C	2	Final Test Cartridge; Q-bert II
0C5D	2	Final Test Cartridge; Q-bert II
0C5E	1	Final Test Cartridge
0C5F	1	Final Test Cartridge
0C60	1	Final Test Cartridge
0C61	2	Final Test Cartridge; Q-bert II
0C62	1	Final Test Cartridge
0C63	1	Final Test Cartridge
0C64	1	Final Test Cartridge
0C65	2	Final Test Cartridge; Q-bert II
0C66	1	Final Test Cartridge
0C67	2	Final Test Cartridge; Q-bert II
0C68	1	Final Test Cartridge
0C69	2	Final Test Cartridge; Q-bert II
0C6A	2	Final Test Cartridge; Q-bert II
0C6B	1	Final Test Cartridge
0C6C	1	Final Test Cartridge
0C6D	1	Final Test Cartridge
0C6E	2	Final Test Cartridge; Q-bert II
0C6F	1	Final Test Cartridge
0C70	1	Final Test Cartridge
0C71	2	Final Test Cartridge; Q-bert II
0C72	1	Final Test Cartridge
0C73	2	Final Test Cartridge; Q-bert II
0C74	1	Final Test Cartridge
0C75	2	Final Test Cartridge; Q-bert II
0C76	1	Final Test Cartridge
0C77	1	Final Test Cartridge
0C78	2	Final Test Cartridge; Q-bert II
0C79	1	Final Test Cartridge
0C7A	2	Final Test Cartridge; Q-bert II
0C7B	1	Final Test Cartridge
0C7C	3	Final Test Cartridge; Monkey Academy; Q-bert II
0C7D	2	Final Test Cartridge; Monkey Academy
0C7E	1	Final Test Cartridge
0C7F	1	Final Test Cartridge
0C80	1	Final Test Cartridge
0C81	1	Final Test Cartridge
0C82	1	Final Test Cartridge
0C83	1	Final Test Cartridge
0C84	1	Final Test Cartridge
0C85	1	Final Test Cartridge
0C86	2	Final Test Cartridge; Q-bert II
0C87	1	Final Test Cartridge
0C88	1	Final Test Cartridge
0C89	2	Final Test Cartridge; Q-bert II
0C8A	1	Final Test Cartridge
0C8B	1	Final Test Cartridge
0C8C	2	Final Test Cartridge; Q-bert II
0C8D	1	Final Test Cartridge
0C8E	1	Final Test Cartridge
0C8F	1	Final Test Cartridge
0C90	2	Final Test Cartridge; Q-bert II
0C91	2	Final Test Cartridge; Q-bert II
0C92	2	Final Test Cartridge; Q-bert II
0C93	2	Final Test Cartridge; Q-bert II
0C94	2	Final Test Cartridge; Q-bert II
0C95	1	Final Test Cartridge
0C96	1	Final Test Cartridge
0C97	1	Final Test Cartridge
0C98	1	Final Test Cartridge
0C99	1	Final Test Cartridge
0C9A	1	Final Test Cartridge
0C9B	1	Final Test Cartridge
0C9C	2	Final Test Cartridge; Q-bert II
0C9D	1	Final Test Cartridge
0C9E	1	Final Test Cartridge
0C9F	1	Final Test Cartridge
0CA0	1	Final Test Cartridge
0CA1	1	Final Test Cartridge
0CA2	2	Final Test Cartridge; Q-bert II
0CA3	1	Final Test Cartridge
0CA4	2	Final Test Cartridge; Q-bert II
0CA5	1	Final Test Cartridge
0CA6	1	Final Test Cartridge
0CA7	2	Final Test Cartridge; Q-bert II
0CA8	2	Final Test Cartridge; Q-bert II
0CA9	1	Final Test Cartridge
0CAA	1	Final Test Cartridge
0CAB	2	Final Test Cartridge; Q-bert II
0CAC	1	Final Test Cartridge
0CAD	1	Final Test Cartridge
0CAE	1	Final Test Cartridge
0CAF	1	Final Test Cartridge
0CB0	1	Final Test Cartridge
0CB1	1	Final Test Cartridge
0CB2	1	Final Test Cartridge
0CB3	2	Final Test Cartridge; Q-bert II
0CB4	1	Final Test Cartridge
0CB5	1	Final Test Cartridge
0CB6	1	Final Test Cartridge
0CB7	2	Final Test Cartridge; Q-bert II
0CB8	1	Final Test Cartridge
0CB9	1	Final Test Cartridge
0CBA	2	Final Test Cartridge; Monkey Academy
0CBB	2	Final Test Cartridge; Monkey Academy
0CBC	2	Final Test Cartridge; Q-bert II
0CBD	1	Final Test Cartridge
0CBE	2	Final Test Cartridge; Q-bert II
0CBF	2	Final Test Cartridge; Q-bert II
0CC0	2	Final Test Cartridge; Q-bert II
0CC1	2	Final Test Cartridge; Q-bert II
0CC2	1	Final Test Cartridge
0CC3	2	Final Test Cartridge; Q-bert II
0CC4	1	Final Test Cartridge
0CC5	1	Final Test Cartridge
0CC6	1	Final Test Cartridge
0CC7	2	Final Test Cartridge; Q-bert II
0CC8	1	Final Test Cartridge
0CC9	2	Final Test Cartridge; Q-bert II
0CCA	1	Final Test Cartridge
0CCB	1	Final Test Cartridge
0CCC	1	Final Test Cartridge
0CCD	2	Final Test Cartridge; Q-bert II
0CCE	2	Final Test Cartridge; Q-bert II
0CCF	1	Final Test Cartridge
0CD0	1	Final Test Cartridge
0CD1	1	Final Test Cartridge
0CD2	1	Final Test Cartridge
0CD3	2	Final Test Cartridge; Q-bert II
0CD4	1	Final Test Cartridge
0CD5	1	Final Test Cartridge
0CD6	1	Final Test Cartridge
0CD7	2	Final Test Cartridge; Q-bert II
0CD8	1	Final Test Cartridge
0CD9	1	Final Test Cartridge
0CDA	1	Final Test Cartridge
0CDB	1	Final Test Cartridge
0CDC	2	Final Test Cartridge; Q-bert II
0CDD	1	Final Test Cartridge
0CDE	1	Final Test Cartridge
0CDF	1	Final Test Cartridge
0CE0	2	Final Test Cartridge; Q-bert II
0CE1	1	Final Test Cartridge
0CE2	2	Final Test Cartridge; Q-bert II
0CE3	1	Final Test Cartridge
0CE4	1	Final Test Cartridge
0CE5	2	Final Test Cartridge; Q-bert II
0CE6	1	Final Test Cartridge
0CE7	2	Final Test Cartridge; Q-bert II
0CE8	2	Final Test Cartridge; Q-bert II
0CE9	1	Final Test Cartridge
0CEA	2	Final Test Cartridge; Q-bert II
0CEB	1	Final Test Cartridge
0CEC	1	Final Test Cartridge
0CED	1	Final Test Cartridge
0CEE	1	Final Test Cartridge
0CEF	1	Final Test Cartridge
0CF0	1	Final Test Cartridge
0CF1	1	Final Test Cartridge
0CF2	1	Final Test Cartridge
0CF3	1	Final Test Cartridge
0CF4	2	Final Test Cartridge; Q-bert II
0CF5	2	Final Test Cartridge; Q-bert II
0CF6	1	Final Test Cartridge
0CF7	2	Final Test Cartridge; Q-bert II
0CF8	2	Final Test Cartridge; Q-bert II
0CF9	1	Final Test Cartridge
0CFA	2	Final Test Cartridge; Q-bert II
0CFB	2	Final Test Cartridge; Q-bert II
0CFC	1	Final Test Cartridge
0CFD	1	Final Test Cartridge
0CFE	1	Final Test Cartridge
0CFF	2	Final Test Cartridge; Q-bert II
0D00	2	Final Test Cartridge; Q-bert II
0D01	2	Final Test Cartridge; Q-bert II
0D02	2	Final Test Cartridge; Q-bert II
0D03	2	Final Test Cartridge; Q-bert II
0D04	2	Final Test Cartridge; Q-bert II
0D05	2	Final Test Cartridge; Q-bert II
0D06	2	Final Test Cartridge; Q-bert II
0D07	2	Final Test Cartridge; Q-bert II
0D08	1	Final Test Cartridge
0D09	2	Final Test Cartridge; Q-bert II
0D0A	2	Final Test Cartridge; Q-bert II
0D0B	2	Final Test Cartridge; Q-bert II
0D0C	2	Final Test Cartridge; Q-bert II
0D0D	2	Final Test Cartridge; Q-bert II
0D0E	2	Final Test Cartridge; Q-bert II
0D0F	2	Final Test Cartridge; Q-bert II
0D10	1	Final Test Cartridge
0D11	2	Final Test Cartridge; Q-bert II
0D12	2	Final Test Cartridge; Q-bert II
0D13	2	Final Test Cartridge; Q-bert II
0D14	2	Final Test Cartridge; Q-bert II
0D15	2	Final Test Cartridge; Q-bert II
0D16	2	Final Test Cartridge; Q-bert II
0D17	2	Final Test Cartridge; Q-bert II
0D18	1	Final Test Cartridge
0D19	2	Final Test Cartridge; Q-bert II
0D1A	2	Final Test Cartridge; Q-bert II
0D1B	2	Final Test Cartridge; Q-bert II
0D1C	2	Final Test Cartridge; Q-bert II
0D1D	2	Final Test Cartridge; Q-bert II
0D1E	2	Final Test Cartridge; Q-bert II
0D1F	2	Final Test Cartridge; Q-bert II
0D20	2	Final Test Cartridge; Q-bert II
0D21	2	Final Test Cartridge; Q-bert II
0D22	2	Final Test Cartridge; Q-bert II
0D23	2	Final Test Cartridge; Q-bert II
0D24	1	Final Test Cartridge
0D25	2	Final Test Cartridge; Q-bert II
0D26	2	Final Test Cartridge; Q-bert II
0D27	2	Final Test Cartridge; Q-bert II
0D28	2	Final Test Cartridge; Q-bert II
0D29	2	Final Test Cartridge; Q-bert II
0D2A	2	Final Test Cartridge; Q-bert II
0D2B	1	Final Test Cartridge
0D2C	2	Final Test Cartridge; Q-bert II
0D2D	2	Final Test Cartridge; Q-bert II
0D2E	2	Final Test Cartridge; Q-bert II
0D2F	2	Final Test Cartridge; Q-bert II
0D30	1	Final Test Cartridge
0D31	2	Final Test Cartridge; Q-bert II
0D32	2	Final Test Cartridge; Q-bert II
0D33	2	Final Test Cartridge; Q-bert II
0D34	2	Final Test Cartridge; Q-bert II
0D35	1	Final Test Cartridge
0D36	2	Final Test Cartridge; Q-bert II
0D37	2	Final Test Cartridge; Q-bert II
0D38	2	Final Test Cartridge; Q-bert II
0D39	2	Final Test Cartridge; Q-bert II
0D3A	2	Final Test Cartridge; Q-bert II
0D3B	2	Final Test Cartridge; Q-bert II
0D3C	1	Final Test Cartridge
0D3D	2	Final Test Cartridge; Q-bert II
0D3E	2	Final Test Cartridge; Q-bert II
0D3F	2	Final Test Cartridge; Q-bert II
0D40	1	Final Test Cartridge
0D41	1	Final Test Cartridge
0D42	2	Final Test Cartridge; Q-bert II
0D43	1	Final Test Cartridge
0D44	1	Final Test Cartridge
0D45	2	Final Test Cartridge; Q-bert II
0D46	1	Final Test Cartridge
0D47	1	Final Test Cartridge
0D48	2	Final Test Cartridge; Q-bert II
0D49	2	Final Test Cartridge; Q-bert II
0D4A	2	Final Test Cartridge; Q-bert II
0D4B	1	Final Test Cartridge
0D4C	2	Final Test Cartridge; Q-bert II
0D4D	2	Final Test Cartridge; Q-bert II
0D4E	2	Final Test Cartridge; Pac-Man
0D4F	1	Final Test Cartridge
0D50	2	Final Test Cartridge; Q-bert II
0D51	1	Final Test Cartridge
0D52	1	Final Test Cartridge
0D53	1	Final Test Cartridge
0D54	1	Final Test Cartridge
0D55	2	Final Test Cartridge; Q-bert II
0D56	1	Final Test Cartridge
0D57	1	Final Test Cartridge
0D58	2	Final Test Cartridge; Q-bert II
0D59	2	Final Test Cartridge; Q-bert II
0D5A	2	Final Test Cartridge; Q-bert II
0D5B	2	Final Test Cartridge; Q-bert II
0D5C	1	Final Test Cartridge
0D5D	2	Final Test Cartridge; Q-bert II
0D5E	1	Final Test Cartridge
0D5F	2	Final Test Cartridge; Q-bert II
0D60	1	Final Test Cartridge
0D61	1	Final Test Cartridge
0D62	1	Final Test Cartridge
0D63	1	Final Test Cartridge
0D64	2	Final Test Cartridge; Q-bert II
0D65	2	Final Test Cartridge; Q-bert II
0D66	2	Final Test Cartridge; Q-bert II
0D67	1	Final Test Cartridge
0D68	2	Final Test Cartridge; Q-bert II
0D69	2	Final Test Cartridge; Q-bert II
0D6A	2	Final Test Cartridge; Q-bert II
0D6B	1	Final Test Cartridge
0D6C	1	Final Test Cartridge
0D6D	2	Final Test Cartridge; Q-bert II
0D6E	2	Final Test Cartridge; Q-bert II
0D6F	2	Final Test Cartridge; Q-bert II
0D70	1	Final Test Cartridge
0D71	1	Final Test Cartridge
0D72	2	Final Test Cartridge; Q-bert II
0D73	2	Final Test Cartridge; Q-bert II
0D74	1	Final Test Cartridge
0D75	1	Final Test Cartridge
0D76	2	Final Test Cartridge; Q-bert II
0D77	1	Final Test Cartridge
0D78	2	Final Test Cartridge; Q-bert II
0D79	1	Final Test Cartridge
0D7A	2	Final Test Cartridge; Q-bert II
0D7B	2	Final Test Cartridge; Q-bert II
0D7C	1	Final Test Cartridge
0D7D	2	Final Test Cartridge; Q-bert II
0D7E	1	Final Test Cartridge
0D7F	1	Final Test Cartridge
0D80	1	Final Test Cartridge
0D81	1	Final Test Cartridge
0D82	1	Final Test Cartridge
0D83	1	Final Test Cartridge
0D84	1	Final Test Cartridge
0D85	1	Final Test Cartridge
0D86	2	Final Test Cartridge; Q-bert II
0D87	2	Final Test Cartridge; Q-bert II
0D88	1	Final Test Cartridge
0D89	1	Final Test Cartridge
0D8A	1	Final Test Cartridge
0D8B	1	Final Test Cartridge
0D8C	1	Final Test Cartridge
0D8D	1	Final Test Cartridge
0D8E	2	Final Test Cartridge; Q-bert II
0D8F	1	Final Test Cartridge
0D90	1	Final Test Cartridge
0D91	1	Final Test Cartridge
0D92	1	Final Test Cartridge
0D93	1	Final Test Cartridge
0D94	1	Final Test Cartridge
0D95	1	Final Test Cartridge
0D96	1	Final Test Cartridge
0D97	2	Final Test Cartridge; Q-bert II
0D98	1	Final Test Cartridge
0D99	1	Final Test Cartridge
0D9A	1	Final Test Cartridge
0D9B	1	Final Test Cartridge
0D9C	1	Final Test Cartridge
0D9D	2	Final Test Cartridge; Q-bert II
0D9E	1	Final Test Cartridge
0D9F	2	Final Test Cartridge; Q-bert II
0DA0	1	Final Test Cartridge
0DA1	1	Final Test Cartridge
0DA2	1	Final Test Cartridge
0DA3	1	Final Test Cartridge
0DA4	1	Final Test Cartridge
0DA5	1	Final Test Cartridge
0DA6	2	Final Test Cartridge; Q-bert II
0DA7	1	Final Test Cartridge
0DA8	1	Final Test Cartridge
0DA9	1	Final Test Cartridge
0DAA	1	Final Test Cartridge
0DAB	1	Final Test Cartridge
0DAC	1	Final Test Cartridge
0DAD	2	Final Test Cartridge; Q-bert II
0DAE	1	Final Test Cartridge
0DAF	1	Final Test Cartridge
0DB0	1	Final Test Cartridge
0DB1	1	Final Test Cartridge
0DB2	1	Final Test Cartridge
0DB3	1	Final Test Cartridge
0DB4	1	Final Test Cartridge
0DB5	1	Final Test Cartridge
0DB6	1	Final Test Cartridge
0DB7	2	Final Test Cartridge; Q-bert II
0DB8	1	Final Test Cartridge
0DB9	1	Final Test Cartridge
0DBA	1	Final Test Cartridge
0DBB	2	Final Test Cartridge; Q-bert II
0DBC	2	Final Test Cartridge; Q-bert II
0DBD	1	Final Test Cartridge
0DBE	1	Final Test Cartridge
0DBF	2	Final Test Cartridge; Q-bert II
0DC0	1	Final Test Cartridge
0DC1	1	Final Test Cartridge
0DC2	1	Final Test Cartridge
0DC3	1	Final Test Cartridge
0DC4	2	Final Test Cartridge; Q-bert II
0DC5	2	Final Test Cartridge; Q-bert II
0DC6	1	Final Test Cartridge
0DC7	2	Final Test Cartridge; Q-bert II
0DC8	1	Final Test Cartridge
0DC9	1	Final Test Cartridge
0DCA	1	Final Test Cartridge
0DCB	1	Final Test Cartridge
0DCC	1	Final Test Cartridge
0DCD	1	Final Test Cartridge
0DCE	1	Final Test Cartridge
0DCF	1	Final Test Cartridge
0DD0	2	Final Test Cartridge; Q-bert II
0DD1	1	Final Test Cartridge
0DD2	1	Final Test Cartridge
0DD3	1	Final Test Cartridge
0DD4	1	Final Test Cartridge
0DD5	1	Final Test Cartridge
0DD6	1	Final Test Cartridge
0DD7	1	Final Test Cartridge
0DD8	2	Final Test Cartridge; Q-bert II
0DD9	1	Final Test Cartridge
0DDA	2	Final Test Cartridge; Q-bert II
0DDB	1	Final Test Cartridge
0DDC	1	Final Test Cartridge
0DDD	2	Final Test Cartridge; Q-bert II
0DDE	1	Final Test Cartridge
0DDF	1	Final Test Cartridge
0DE0	1	Final Test Cartridge
0DE1	1	Final Test Cartridge
0DE2	2	Final Test Cartridge; Q-bert II
0DE3	1	Final Test Cartridge
0DE4	1	Final Test Cartridge
0DE5	1	Final Test Cartridge
0DE6	1	Final Test Cartridge
0DE7	2	Final Test Cartridge; Q-bert II
0DE8	1	Final Test Cartridge
0DE9	1	Final Test Cartridge
0DEA	2	Final Test Cartridge; Q-bert II
0DEB	1	Final Test Cartridge
0DEC	1	Final Test Cartridge
0DED	1	Final Test Cartridge
0DEE	1	Final Test Cartridge
0DEF	1	Final Test Cartridge
0DF0	1	Final Test Cartridge
0DF1	1	Final Test Cartridge
0DF2	1	Final Test Cartridge
0DF3	1	Final Test Cartridge
0DF4	2	Final Test Cartridge; Q-bert II
0DF5	2	Final Test Cartridge; Q-bert II
0DF6	1	Final Test Cartridge
0DF7	1	Final Test Cartridge
0DF8	1	Final Test Cartridge
0DF9	2	Final Test Cartridge; Q-bert II
0DFA	1	Final Test Cartridge
0DFB	2	Final Test Cartridge; Q-bert II
0DFC	1	Final Test Cartridge
0DFD	1	Final Test Cartridge
0DFE	1	Final Test Cartridge
0DFF	1	Final Test Cartridge
0E00	2	Final Test Cartridge; Q-bert II
0E01	2	Final Test Cartridge; Q-bert II
0E02	2	Final Test Cartridge; Q-bert II
0E03	2	Final Test Cartridge; Q-bert II
0E04	2	Final Test Cartridge; Q-bert II
0E05	2	Final Test Cartridge; Q-bert II
0E06	2	Final Test Cartridge; Q-bert II
0E07	2	Final Test Cartridge; Q-bert II
0E08	2	Final Test Cartridge; Q-bert II
0E09	2	Final Test Cartridge; Q-bert II
0E0A	2	Final Test Cartridge; Q-bert II
0E0B	2	Final Test Cartridge; Q-bert II
0E0C	1	Final Test Cartridge
0E0D	2	Final Test Cartridge; Q-bert II
0E0E	2	Final Test Cartridge; Q-bert II
0E0F	2	Final Test Cartridge; Q-bert II
0E10	2	Final Test Cartridge; Q-bert II
0E11	2	Final Test Cartridge; Q-bert II
0E12	2	Final Test Cartridge; Q-bert II
0E13	2	Final Test Cartridge; Q-bert II
0E14	2	Final Test Cartridge; Q-bert II
0E15	2	Final Test Cartridge; Q-bert II
0E16	2	Final Test Cartridge; Q-bert II
0E17	2	Final Test Cartridge; Q-bert II
0E18	2	Final Test Cartridge; Q-bert II
0E19	2	Final Test Cartridge; Q-bert II
0E1A	2	Final Test Cartridge; Q-bert II
0E1B	1	Final Test Cartridge
0E1C	2	Final Test Cartridge; Q-bert II
0E1D	1	Final Test Cartridge
0E1E	2	Final Test Cartridge; Q-bert II
0E1F	2	Final Test Cartridge; Q-bert II
0E20	2	Final Test Cartridge; Q-bert II
0E21	2	Final Test Cartridge; Q-bert II
0E22	2	Final Test Cartridge; Q-bert II
0E23	2	Final Test Cartridge; Q-bert II
0E24	2	Final Test Cartridge; Q-bert II
0E25	2	Final Test Cartridge; Q-bert II
0E26	1	Final Test Cartridge
0E27	2	Final Test Cartridge; Q-bert II
0E28	2	Final Test Cartridge; Q-bert II
0E29	2	Final Test Cartridge; Q-bert II
0E2A	2	Final Test Cartridge; Q-bert II
0E2B	2	Final Test Cartridge; Q-bert II
0E2C	2	Final Test Cartridge; Q-bert II
0E2D	2	Final Test Cartridge; Q-bert II
0E2E	2	Final Test Cartridge; Q-bert II
0E2F	2	Final Test Cartridge; Q-bert II
0E30	2	Final Test Cartridge; Q-bert II
0E31	2	Final Test Cartridge; Q-bert II
0E32	2	Final Test Cartridge; Q-bert II
0E33	2	Final Test Cartridge; Q-bert II
0E34	2	Final Test Cartridge; Q-bert II
0E35	2	Final Test Cartridge; Q-bert II
0E36	2	Final Test Cartridge; Q-bert II
0E37	2	Final Test Cartridge; Q-bert II
0E38	1	Final Test Cartridge
0E39	2	Final Test Cartridge; Q-bert II
0E3A	2	Final Test Cartridge; Q-bert II
0E3B	2	Final Test Cartridge; Q-bert II
0E3C	2	Final Test Cartridge; Q-bert II
0E3D	2	Final Test Cartridge; Q-bert II
0E3E	2	Final Test Cartridge; Q-bert II
0E3F	2	Final Test Cartridge; Q-bert II
0E40	2	Final Test Cartridge; Q-bert II
0E41	2	Final Test Cartridge; Q-bert II
0E42	1	Final Test Cartridge
0E43	1	Final Test Cartridge
0E44	1	Final Test Cartridge
0E45	2	Final Test Cartridge; Q-bert II
0E46	1	Final Test Cartridge
0E47	1	Final Test Cartridge
0E48	2	Final Test Cartridge; Q-bert II
0E49	2	Final Test Cartridge; Q-bert II
0E4A	1	Final Test Cartridge
0E4B	1	Final Test Cartridge
0E4C	1	Final Test Cartridge
0E4D	1	Final Test Cartridge
0E4E	2	Final Test Cartridge; Q-bert II
0E4F	3	Final Test Cartridge; Pac-Man; Q-bert II
0E50	1	Final Test Cartridge
0E51	2	Final Test Cartridge; Q-bert II
0E52	1	Final Test Cartridge
0E53	2	Final Test Cartridge; Q-bert II
0E54	1	Final Test Cartridge
0E55	1	Final Test Cartridge
0E56	1	Final Test Cartridge
0E57	2	Final Test Cartridge; Q-bert II
0E58	2	Final Test Cartridge; Q-bert II
0E59	1	Final Test Cartridge
0E5A	2	Final Test Cartridge; Q-bert II
0E5B	1	Final Test Cartridge
0E5C	1	Final Test Cartridge
0E5D	2	Final Test Cartridge; Q-bert II
0E5E	1	Final Test Cartridge
0E5F	2	Final Test Cartridge; Q-bert II
0E60	2	Final Test Cartridge; Q-bert II
0E61	1	Final Test Cartridge
0E62	2	Final Test Cartridge; Q-bert II
0E63	1	Final Test Cartridge
0E64	1	Final Test Cartridge
0E65	2	Final Test Cartridge; Q-bert II
0E66	1	Final Test Cartridge
0E67	1	Final Test Cartridge
0E68	1	Final Test Cartridge
0E69	2	Final Test Cartridge; Q-bert II
0E6A	1	Final Test Cartridge
0E6B	2	Final Test Cartridge; Q-bert II
0E6C	1	Final Test Cartridge
0E6D	2	Final Test Cartridge; Q-bert II
0E6E	2	Final Test Cartridge; Q-bert II
0E6F	1	Final Test Cartridge
0E70	1	Final Test Cartridge
0E71	2	Final Test Cartridge; Q-bert II
0E72	1	Final Test Cartridge
0E73	1	Final Test Cartridge
0E74	1	Final Test Cartridge
0E75	2	Final Test Cartridge; Q-bert II
0E76	1	Final Test Cartridge
0E77	1	Final Test Cartridge
0E78	2	Final Test Cartridge; Q-bert II
0E79	2	Final Test Cartridge; Q-bert II
0E7A	2	Final Test Cartridge; Q-bert II
0E7B	2	Final Test Cartridge; Q-bert II
0E7C	1	Final Test Cartridge
0E7D	1	Final Test Cartridge
0E7E	2	Final Test Cartridge; Q-bert II
0E7F	2	Final Test Cartridge; Q-bert II
0E80	1	Final Test Cartridge
0E81	2	Final Test Cartridge; Q-bert II
0E82	2	Final Test Cartridge; Q-bert II
0E83	1	Final Test Cartridge
0E84	1	Final Test Cartridge
0E85	1	Final Test Cartridge
0E86	1	Final Test Cartridge
0E87	1	Final Test Cartridge
0E88	1	Final Test Cartridge
0E89	1	Final Test Cartridge
0E8A	2	Final Test Cartridge; Q-bert II
0E8B	2	Final Test Cartridge; Q-bert II
0E8C	1	Final Test Cartridge
0E8D	2	Final Test Cartridge; Q-bert II
0E8E	1	Final Test Cartridge
0E8F	1	Final Test Cartridge
0E90	2	Final Test Cartridge; Q-bert II
0E91	1	Final Test Cartridge
0E92	1	Final Test Cartridge
0E93	1	Final Test Cartridge
0E94	1	Final Test Cartridge
0E95	2	Final Test Cartridge; Q-bert II
0E96	1	Final Test Cartridge
0E97	1	Final Test Cartridge
0E98	1	Final Test Cartridge
0E99	1	Final Test Cartridge
0E9A	2	Final Test Cartridge; Q-bert II
0E9B	1	Final Test Cartridge
0E9C	1	Final Test Cartridge
0E9D	1	Final Test Cartridge
0E9E	1	Final Test Cartridge
0E9F	1	Final Test Cartridge
0EA0	2	Final Test Cartridge; Q-bert II
0EA1	1	Final Test Cartridge
0EA2	1	Final Test Cartridge
0EA3	1	Final Test Cartridge
0EA4	1	Final Test Cartridge
0EA5	1	Final Test Cartridge
0EA6	1	Final Test Cartridge
0EA7	1	Final Test Cartridge
0EA8	2	Final Test Cartridge; Q-bert II
0EA9	2	Final Test Cartridge; Q-bert II
0EAA	1	Final Test Cartridge
0EAB	2	Final Test Cartridge; Q-bert II
0EAC	2	Final Test Cartridge; Q-bert II
0EAD	2	Final Test Cartridge; Q-bert II
0EAE	1	Final Test Cartridge
0EAF	1	Final Test Cartridge
0EB0	1	Final Test Cartridge
0EB1	1	Final Test Cartridge
0EB2	1	Final Test Cartridge
0EB3	1	Final Test Cartridge
0EB4	1	Final Test Cartridge
0EB5	1	Final Test Cartridge
0EB6	1	Final Test Cartridge
0EB7	1	Final Test Cartridge
0EB8	1	Final Test Cartridge
0EB9	2	Final Test Cartridge; Q-bert II
0EBA	1	Final Test Cartridge
0EBB	1	Final Test Cartridge
0EBC	1	Final Test Cartridge
0EBD	1	Final Test Cartridge
0EBE	2	Final Test Cartridge; Q-bert II
0EBF	1	Final Test Cartridge
0EC0	1	Final Test Cartridge
0EC1	1	Final Test Cartridge
0EC2	1	Final Test Cartridge
0EC3	1	Final Test Cartridge
0EC4	1	Final Test Cartridge
0EC5	1	Final Test Cartridge
0EC6	1	Final Test Cartridge
0EC7	1	Final Test Cartridge
0EC8	1	Final Test Cartridge
0EC9	1	Final Test Cartridge
0ECA	1	Final Test Cartridge
0ECB	1	Final Test Cartridge
0ECC	1	Final Test Cartridge
0ECD	1	Final Test Cartridge
0ECE	2	Final Test Cartridge; Q-bert II
0ECF	1	Final Test Cartridge
0ED0	1	Final Test Cartridge
0ED1	1	Final Test Cartridge
0ED2	1	Final Test Cartridge
0ED3	1	Final Test Cartridge
0ED4	1	Final Test Cartridge
0ED5	1	Final Test Cartridge
0ED6	1	Final Test Cartridge
0ED7	2	Final Test Cartridge; Q-bert II
0ED8	1	Final Test Cartridge
0ED9	1	Final Test Cartridge
0EDA	1	Final Test Cartridge
0EDB	1	Final Test Cartridge
0EDC	2	Final Test Cartridge; Q-bert II
0EDD	1	Final Test Cartridge
0EDE	1	Final Test Cartridge
0EDF	1	Final Test Cartridge
0EE0	1	Final Test Cartridge
0EE1	2	Final Test Cartridge; Q-bert II
0EE2	2	Final Test Cartridge; Q-bert II
0EE3	2	Final Test Cartridge; Q-bert II
0EE4	2	Final Test Cartridge; Q-bert II
0EE5	1	Final Test Cartridge
0EE6	1	Final Test Cartridge
0EE7	1	Final Test Cartridge
0EE8	1	Final Test Cartridge
0EE9	1	Final Test Cartridge
0EEA	1	Final Test Cartridge
0EEB	1	Final Test Cartridge
0EEC	1	Final Test Cartridge
0EED	1	Final Test Cartridge
0EEE	1	Final Test Cartridge
0EEF	2	Final Test Cartridge; Q-bert II
0EF0	1	Final Test Cartridge
0EF1	1	Final Test Cartridge
0EF2	1	Final Test Cartridge
0EF3	1	Final Test Cartridge
0EF4	1	Final Test Cartridge
0EF5	1	Final Test Cartridge
0EF6	1	Final Test Cartridge
0EF7	1	Final Test Cartridge
0EF8	1	Final Test Cartridge
0EF9	1	Final Test Cartridge
0EFA	2	Final Test Cartridge; Q-bert II
0EFB	1	Final Test Cartridge
0EFC	1	Final Test Cartridge
0EFD	2	Final Test Cartridge; Q-bert II
0EFE	1	Final Test Cartridge
0EFF	2	Final Test Cartridge; Q-bert II
0F00	1	Final Test Cartridge
0F01	2	Final Test Cartridge; Q-bert II
0F02	2	Final Test Cartridge; Q-bert II
0F03	1	Final Test Cartridge
0F04	2	Final Test Cartridge; Q-bert II
0F05	1	Final Test Cartridge
0F06	2	Final Test Cartridge; Q-bert II
0F07	2	Final Test Cartridge; Q-bert II
0F08	2	Final Test Cartridge; Q-bert II
0F09	2	Final Test Cartridge; Q-bert II
0F0A	2	Final Test Cartridge; Q-bert II
0F0B	1	Final Test Cartridge
0F0C	2	Final Test Cartridge; Q-bert II
0F0D	2	Final Test Cartridge; Q-bert II
0F0E	2	Final Test Cartridge; Q-bert II
0F0F	2	Final Test Cartridge; Q-bert II
0F10	2	Final Test Cartridge; Q-bert II
0F11	2	Final Test Cartridge; Q-bert II
0F12	2	Final Test Cartridge; Q-bert II
0F13	2	Final Test Cartridge; Q-bert II
0F14	2	Final Test Cartridge; Q-bert II
0F15	2	Final Test Cartridge; Q-bert II
0F16	2	Final Test Cartridge; Q-bert II
0F17	2	Final Test Cartridge; Q-bert II
0F18	2	Final Test Cartridge; Q-bert II
0F19	2	Final Test Cartridge; Q-bert II
0F1A	2	Final Test Cartridge; Q-bert II
0F1B	2	Final Test Cartridge; Q-bert II
0F1C	1	Final Test Cartridge
0F1D	2	Final Test Cartridge; Q-bert II
0F1E	2	Final Test Cartridge; Q-bert II
0F1F	2	Final Test Cartridge; Q-bert II
0F20	1	Final Test Cartridge
0F21	2	Final Test Cartridge; Q-bert II
0F22	2	Final Test Cartridge; Q-bert II
0F23	2	Final Test Cartridge; Q-bert II
0F24	2	Final Test Cartridge; Q-bert II
0F25	2	Final Test Cartridge; Q-bert II
0F26	2	Final Test Cartridge; Q-bert II
0F27	2	Final Test Cartridge; Q-bert II
0F28	2	Final Test Cartridge; Q-bert II
0F29	2	Final Test Cartridge; Q-bert II
0F2A	1	Final Test Cartridge
0F2B	2	Final Test Cartridge; Q-bert II
0F2C	1	Final Test Cartridge
0F2D	2	Final Test Cartridge; Q-bert II
0F2E	2	Final Test Cartridge; Q-bert II
0F2F	2	Final Test Cartridge; Q-bert II
0F30	1	Final Test Cartridge
0F31	2	Final Test Cartridge; Q-bert II
0F32	2	Final Test Cartridge; Q-bert II
0F33	2	Final Test Cartridge; Q-bert II
0F34	2	Final Test Cartridge; Q-bert II
0F35	2	Final Test Cartridge; Q-bert II
0F36	2	Final Test Cartridge; Q-bert II
0F37	2	Final Test Cartridge; Q-bert II
0F38	1	Final Test Cartridge
0F39	2	Final Test Cartridge; Q-bert II
0F3A	2	Final Test Cartridge; Q-bert II
0F3B	2	Final Test Cartridge; Q-bert II
0F3C	1	Final Test Cartridge
0F3D	2	Final Test Cartridge; Q-bert II
0F3E	2	Final Test Cartridge; Q-bert II
0F3F	1	Final Test Cartridge
0F40	2	Final Test Cartridge; Q-bert II
0F41	2	Final Test Cartridge; Q-bert II
0F42	1	Final Test Cartridge
0F43	1	Final Test Cartridge
0F44	2	Final Test Cartridge; Q-bert II
0F45	1	Final Test Cartridge
0F46	1	Final Test Cartridge
0F47	2	Final Test Cartridge; Q-bert II
0F48	1	Final Test Cartridge
0F49	1	Final Test Cartridge
0F4A	1	Final Test Cartridge
0F4B	1	Final Test Cartridge
0F4C	1	Final Test Cartridge
0F4D	2	Final Test Cartridge; Q-bert II
0F4E	1	Final Test Cartridge
0F4F	1	Final Test Cartridge
0F50	2	Final Test Cartridge; Pac-Man
0F51	2	Final Test Cartridge; Q-bert II
0F52	2	Final Test Cartridge; Q-bert II
0F53	2	Final Test Cartridge; Q-bert II
0F54	2	Final Test Cartridge; Q-bert II
0F55	1	Final Test Cartridge
0F56	1	Final Test Cartridge
0F57	1	Final Test Cartridge
0F58	1	Final Test Cartridge
0F59	2	Final Test Cartridge; Q-bert II
0F5A	2	Final Test Cartridge; Q-bert II
0F5B	1	Final Test Cartridge
0F5C	2	Final Test Cartridge; Q-bert II
0F5D	2	Final Test Cartridge; Q-bert II
0F5E	1	Final Test Cartridge
0F5F	1	Final Test Cartridge
0F60	1	Final Test Cartridge
0F61	1	Final Test Cartridge
0F62	2	Final Test Cartridge; Q-bert II
0F63	1	Final Test Cartridge
0F64	1	Final Test Cartridge
0F65	2	Final Test Cartridge; Q-bert II
0F66	2	Final Test Cartridge; Q-bert II
0F67	2	Final Test Cartridge; Q-bert II
0F68	1	Final Test Cartridge
0F69	1	Final Test Cartridge
0F6A	1	Final Test Cartridge
0F6B	2	Final Test Cartridge; Q-bert II
0F6C	1	Final Test Cartridge
0F6D	1	Final Test Cartridge
0F6E	1	Final Test Cartridge
0F6F	1	Final Test Cartridge
0F70	1	Final Test Cartridge
0F71	1	Final Test Cartridge
0F72	2	Final Test Cartridge; Q-bert II
0F73	2	Final Test Cartridge; Q-bert II
0F74	1	Final Test Cartridge
0F75	1	Final Test Cartridge
0F76	2	Final Test Cartridge; Q-bert II
0F77	2	Final Test Cartridge; Q-bert II
0F78	2	Final Test Cartridge; Q-bert II
0F79	1	Final Test Cartridge
0F7A	2	Final Test Cartridge; Q-bert II
0F7B	2	Final Test Cartridge; Q-bert II
0F7C	2	Final Test Cartridge; Q-bert II
0F7D	1	Final Test Cartridge
0F7E	1	Final Test Cartridge
0F7F	1	Final Test Cartridge
0F80	1	Final Test Cartridge
0F81	1	Final Test Cartridge
0F82	2	Final Test Cartridge; Q-bert II
0F83	1	Final Test Cartridge
0F84	1	Final Test Cartridge
0F85	1	Final Test Cartridge
0F86	1	Final Test Cartridge
0F87	1	Final Test Cartridge
0F88	2	Final Test Cartridge; Q-bert II
0F89	1	Final Test Cartridge
0F8A	2	Final Test Cartridge; Q-bert II
0F8B	2	Final Test Cartridge; Q-bert II
0F8C	1	Final Test Cartridge
0F8D	1	Final Test Cartridge
0F8E	1	Final Test Cartridge
0F8F	2	Final Test Cartridge; Q-bert II
0F90	1	Final Test Cartridge
0F91	1	Final Test Cartridge
0F92	1	Final Test Cartridge
0F93	1	Final Test Cartridge
0F94	1	Final Test Cartridge
0F95	1	Final Test Cartridge
0F96	2	Final Test Cartridge; Q-bert II
0F97	1	Final Test Cartridge
0F98	2	Final Test Cartridge; Q-bert II
0F99	1	Final Test Cartridge
0F9A	1	Final Test Cartridge
0F9B	2	Final Test Cartridge; Q-bert II
0F9C	1	Final Test Cartridge
0F9D	1	Final Test Cartridge
0F9E	2	Final Test Cartridge; Q-bert II
0F9F	1	Final Test Cartridge
0FA0	2	Final Test Cartridge; Q-bert II
0FA1	1	Final Test Cartridge
0FA2	1	Final Test Cartridge
0FA3	1	Final Test Cartridge
0FA4	1	Final Test Cartridge
0FA5	1	Final Test Cartridge
0FA6	2	Final Test Cartridge; Q-bert II
0FA7	1	Final Test Cartridge
0FA8	2	Final Test Cartridge; Q-bert II
0FA9	1	Final Test Cartridge
0FAA	1	Final Test Cartridge
0FAB	1	Final Test Cartridge
0FAC	2	Final Test Cartridge; Q-bert II
0FAD	1	Final Test Cartridge
0FAE	1	Final Test Cartridge
0FAF	1	Final Test Cartridge
0FB0	2	Final Test Cartridge; Q-bert II
0FB1	1	Final Test Cartridge
0FB2	2	Final Test Cartridge; Q-bert II
0FB3	1	Final Test Cartridge
0FB4	1	Final Test Cartridge
0FB5	1	Final Test Cartridge
0FB6	2	Final Test Cartridge; Q-bert II
0FB7	2	Final Test Cartridge; Q-bert II
0FB8	2	Final Test Cartridge; Q-bert II
0FB9	1	Final Test Cartridge
0FBA	1	Final Test Cartridge
0FBB	2	Final Test Cartridge; Q-bert II
0FBC	2	Final Test Cartridge; Q-bert II
0FBD	2	Final Test Cartridge; Q-bert II
0FBE	1	Final Test Cartridge
0FBF	1	Final Test Cartridge
0FC0	1	Final Test Cartridge
0FC1	2	Final Test Cartridge; Q-bert II
0FC2	1	Final Test Cartridge
0FC3	1	Final Test Cartridge
0FC4	1	Final Test Cartridge
0FC5	1	Final Test Cartridge
0FC6	1	Final Test Cartridge
0FC7	1	Final Test Cartridge
0FC8	1	Final Test Cartridge
0FC9	1	Final Test Cartridge
0FCA	2	Final Test Cartridge; Q-bert II
0FCB	2	Final Test Cartridge; Q-bert II
0FCC	2	Final Test Cartridge; Q-bert II
0FCD	1	Final Test Cartridge
0FCE	2	Final Test Cartridge; Q-bert II
0FCF	2	Final Test Cartridge; Q-bert II
0FD0	2	Final Test Cartridge; Q-bert II
0FD1	2	Final Test Cartridge; Q-bert II
0FD2	1	Final Test Cartridge
0FD3	2	Final Test Cartridge; Q-bert II
0FD4	1	Final Test Cartridge
0FD5	1	Final Test Cartridge
0FD6	1	Final Test Cartridge
0FD7	2	Final Test Cartridge; Q-bert II
0FD8	1	Final Test Cartridge
0FD9	2	Final Test Cartridge; Q-bert II
0FDA	1	Final Test Cartridge
0FDB	2	Final Test Cartridge; Q-bert II
0FDC	1	Final Test Cartridge
0FDD	1	Final Test Cartridge
0FDE	1	Final Test Cartridge
0FDF	1	Final Test Cartridge
0FE0	2	Final Test Cartridge; Q-bert II
0FE1	2	Final Test Cartridge; Q-bert II
0FE2	2	Final Test Cartridge; Q-bert II
0FE3	1	Final Test Cartridge
0FE4	1	Final Test Cartridge
0FE5	1	Final Test Cartridge
0FE6	1	Final Test Cartridge
0FE7	1	Final Test Cartridge
0FE8	2	Final Test Cartridge; Q-bert II
0FE9	2	Final Test Cartridge; Q-bert II
0FEA	1	Final Test Cartridge
0FEB	2	Final Test Cartridge; Q-bert II
0FEC	1	Final Test Cartridge
0FED	2	Final Test Cartridge; Q-bert II
0FEE	1	Final Test Cartridge
0FEF	2	Final Test Cartridge; Q-bert II
0FF0	1	Final Test Cartridge
0FF1	1	Final Test Cartridge
0FF2	2	Final Test Cartridge; Q-bert II
0FF3	1	Final Test Cartridge
0FF4	1	Final Test Cartridge
0FF5	2	Final Test Cartridge; Q-bert II
0FF6	1	Final Test Cartridge
0FF7	2	Final Test Cartridge; Q-bert II
0FF8	1	Final Test Cartridge
0FF9	1	Final Test Cartridge
0FFA	2	Final Test Cartridge; Q-bert II
0FFB	1	Final Test Cartridge
0FFC	2	Final Test Cartridge; Q-bert II
0FFD	1	Final Test Cartridge
0FFE	1	Final Test Cartridge
0FFF	1	Final Test Cartridge
1000	2	Final Test Cartridge; Q-bert II
1001	2	Final Test Cartridge; Q-bert II
1002	2	Final Test Cartridge; Q-bert II
1003	2	Final Test Cartridge; Q-bert II
1004	2	Final Test Cartridge; Q-bert II
1005	2	Final Test Cartridge; Q-bert II
1006	2	Final Test Cartridge; Q-bert II
1007	2	Final Test Cartridge; Q-bert II
1008	2	Final Test Cartridge; Q-bert II
1009	1	Final Test Cartridge
100A	2	Final Test Cartridge; Q-bert II
100B	2	Final Test Cartridge; Q-bert II
100C	1	Final Test Cartridge
100D	2	Final Test Cartridge; Q-bert II
100E	2	Final Test Cartridge; Q-bert II
100F	2	Final Test Cartridge; Q-bert II
1010	1	Final Test Cartridge
1011	2	Final Test Cartridge; Q-bert II
1012	2	Final Test Cartridge; Q-bert II
1013	2	Final Test Cartridge; Q-bert II
1014	2	Final Test Cartridge; Q-bert II
1015	2	Final Test Cartridge; Q-bert II
1016	2	Final Test Cartridge; Q-bert II
1017	2	Final Test Cartridge; Q-bert II
1018	1	Final Test Cartridge
1019	2	Final Test Cartridge; Q-bert II
101A	2	Final Test Cartridge; Q-bert II
101B	2	Final Test Cartridge; Q-bert II
101C	2	Final Test Cartridge; Q-bert II
101D	2	Final Test Cartridge; Q-bert II
101E	2	Final Test Cartridge; Q-bert II
101F	2	Final Test Cartridge; Q-bert II
1020	1	Final Test Cartridge
1021	2	Final Test Cartridge; Q-bert II
1022	2	Final Test Cartridge; Q-bert II
1023	2	Final Test Cartridge; Q-bert II
1024	2	Final Test Cartridge; Q-bert II
1025	2	Final Test Cartridge; Q-bert II
1026	3	Final Test Cartridge; Monkey Academy; Q-bert II
1027	3	Final Test Cartridge; Monkey Academy; Q-bert II
1028	1	Final Test Cartridge
1029	2	Final Test Cartridge; Q-bert II
102A	2	Final Test Cartridge; Q-bert II
102B	2	Final Test Cartridge; Q-bert II
102C	1	Final Test Cartridge
102D	2	Final Test Cartridge; Q-bert II
102E	2	Final Test Cartridge; Q-bert II
102F	2	Final Test Cartridge; Q-bert II
1030	1	Final Test Cartridge
1031	2	Final Test Cartridge; Q-bert II
1032	2	Final Test Cartridge; Q-bert II
1033	2	Final Test Cartridge; Q-bert II
1034	2	Final Test Cartridge; Q-bert II
1035	2	Final Test Cartridge; Q-bert II
1036	2	Final Test Cartridge; Q-bert II
1037	2	Final Test Cartridge; Q-bert II
1038	2	Final Test Cartridge; Q-bert II
1039	2	Final Test Cartridge; Q-bert II
103A	2	Final Test Cartridge; Q-bert II
103B	2	Final Test Cartridge; Q-bert II
103C	2	Final Test Cartridge; Q-bert II
103D	2	Final Test Cartridge; Q-bert II
103E	2	Final Test Cartridge; Q-bert II
103F	2	Final Test Cartridge; Q-bert II
1040	1	Final Test Cartridge
1041	2	Final Test Cartridge; Q-bert II
1042	1	Final Test Cartridge
1043	2	Final Test Cartridge; Q-bert II
1044	2	Final Test Cartridge; Q-bert II
1045	1	Final Test Cartridge
1046	1	Final Test Cartridge
1047	1	Final Test Cartridge
1048	1	Final Test Cartridge
1049	1	Final Test Cartridge
104A	1	Final Test Cartridge
104B	2	Final Test Cartridge; Q-bert II
104C	2	Final Test Cartridge; Q-bert II
104D	1	Final Test Cartridge
104E	2	Final Test Cartridge; Q-bert II
104F	1	Final Test Cartridge
1050	2	Final Test Cartridge; Q-bert II
1051	2	Final Test Cartridge; Pac-Man
1052	2	Final Test Cartridge; Q-bert II
1053	1	Final Test Cartridge
1054	2	Final Test Cartridge; Q-bert II
1055	1	Final Test Cartridge
1056	2	Final Test Cartridge; Q-bert II
1057	1	Final Test Cartridge
1058	2	Final Test Cartridge; Q-bert II
1059	1	Final Test Cartridge
105A	2	Final Test Cartridge; Q-bert II
105B	1	Final Test Cartridge
105C	1	Final Test Cartridge
105D	1	Final Test Cartridge
105E	2	Final Test Cartridge; Q-bert II
105F	1	Final Test Cartridge
1060	1	Final Test Cartridge
1061	1	Final Test Cartridge
1062	1	Final Test Cartridge
1063	2	Final Test Cartridge; Q-bert II
1064	2	Final Test Cartridge; Q-bert II
1065	1	Final Test Cartridge
1066	2	Final Test Cartridge; Q-bert II
1067	2	Final Test Cartridge; Q-bert II
1068	1	Final Test Cartridge
1069	2	Final Test Cartridge; Q-bert II
106A	2	Final Test Cartridge; Q-bert II
106B	1	Final Test Cartridge
106C	1	Final Test Cartridge
106D	2	Final Test Cartridge; Q-bert II
106E	2	Final Test Cartridge; Q-bert II
106F	2	Final Test Cartridge; Q-bert II
1070	1	Final Test Cartridge
1071	1	Final Test Cartridge
1072	2	Final Test Cartridge; Q-bert II
1073	2	Final Test Cartridge; Q-bert II
1074	2	Final Test Cartridge; Q-bert II
1075	1	Final Test Cartridge
1076	1	Final Test Cartridge
1077	1	Final Test Cartridge
1078	2	Final Test Cartridge; Q-bert II
1079	1	Final Test Cartridge
107A	2	Final Test Cartridge; Q-bert II
107B	1	Final Test Cartridge
107C	1	Final Test Cartridge
107D	1	Final Test Cartridge
107E	1	Final Test Cartridge
107F	2	Final Test Cartridge; Q-bert II
1080	1	Final Test Cartridge
1081	1	Final Test Cartridge
1082	1	Final Test Cartridge
1083	1	Final Test Cartridge
1084	2	Final Test Cartridge; Q-bert II
1085	1	Final Test Cartridge
1086	2	Final Test Cartridge; Q-bert II
1087	1	Final Test Cartridge
1088	1	Final Test Cartridge
1089	1	Final Test Cartridge
108A	1	Final Test Cartridge
108B	1	Final Test Cartridge
108C	1	Final Test Cartridge
108D	2	Final Test Cartridge; Q-bert II
108E	1	Final Test Cartridge
108F	1	Final Test Cartridge
1090	2	Final Test Cartridge; Q-bert II
1091	1	Final Test Cartridge
1092	1	Final Test Cartridge
1093	1	Final Test Cartridge
1094	1	Final Test Cartridge
1095	1	Final Test Cartridge
1096	2	Final Test Cartridge; Q-bert II
1097	1	Final Test Cartridge
1098	1	Final Test Cartridge
1099	2	Final Test Cartridge; Q-bert II
109A	2	Final Test Cartridge; Q-bert II
109B	1	Final Test Cartridge
109C	2	Final Test Cartridge; Q-bert II
109D	1	Final Test Cartridge
109E	1	Final Test Cartridge
109F	1	Final Test Cartridge
10A0	1	Final Test Cartridge
10A1	1	Final Test Cartridge
10A2	1	Final Test Cartridge
10A3	2	Final Test Cartridge; Q-bert II
10A4	1	Final Test Cartridge
10A5	1	Final Test Cartridge
10A6	2	Final Test Cartridge; Q-bert II
10A7	1	Final Test Cartridge
10A8	1	Final Test Cartridge
10A9	1	Final Test Cartridge
10AA	1	Final Test Cartridge
10AB	1	Final Test Cartridge
10AC	1	Final Test Cartridge
10AD	1	Final Test Cartridge
10AE	1	Final Test Cartridge
10AF	2	Final Test Cartridge; Q-bert II
10B0	1	Final Test Cartridge
10B1	2	Final Test Cartridge; Q-bert II
10B2	1	Final Test Cartridge
10B3	1	Final Test Cartridge
10B4	1	Final Test Cartridge
10B5	1	Final Test Cartridge
10B6	1	Final Test Cartridge
10B7	1	Final Test Cartridge
10B8	1	Final Test Cartridge
10B9	2	Final Test Cartridge; Q-bert II
10BA	1	Final Test Cartridge
10BB	1	Final Test Cartridge
10BC	2	Final Test Cartridge; Q-bert II
10BD	1	Final Test Cartridge
10BE	2	Final Test Cartridge; Q-bert II
10BF	1	Final Test Cartridge
10C0	1	Final Test Cartridge
10C1	1	Final Test Cartridge
10C2	2	Final Test Cartridge; Q-bert II
10C3	1	Final Test Cartridge
10C4	2	Final Test Cartridge; Q-bert II
10C5	1	Final Test Cartridge
10C6	2	Final Test Cartridge; Q-bert II
10C7	1	Final Test Cartridge
10C8	1	Final Test Cartridge
10C9	1	Final Test Cartridge
10CA	1	Final Test Cartridge
10CB	1	Final Test Cartridge
10CC	1	Final Test Cartridge
10CD	1	Final Test Cartridge
10CE	1	Final Test Cartridge
10CF	1	Final Test Cartridge
10D0	1	Final Test Cartridge
10D1	1	Final Test Cartridge
10D2	2	Final Test Cartridge; Q-bert II
10D3	1	Final Test Cartridge
10D4	2	Final Test Cartridge; Q-bert II
10D5	1	Final Test Cartridge
10D6	1	Final Test Cartridge
10D7	2	Final Test Cartridge; Q-bert II
10D8	1	Final Test Cartridge
10D9	1	Final Test Cartridge
10DA	2	Final Test Cartridge; Q-bert II
10DB	1	Final Test Cartridge
10DC	1	Final Test Cartridge
10DD	2	Final Test Cartridge; Q-bert II
10DE	2	Final Test Cartridge; Q-bert II
10DF	2	Final Test Cartridge; Q-bert II
10E0	1	Final Test Cartridge
10E1	2	Final Test Cartridge; Q-bert II
10E2	1	Final Test Cartridge
10E3	2	Final Test Cartridge; Q-bert II
10E4	1	Final Test Cartridge
10E5	1	Final Test Cartridge
10E6	1	Final Test Cartridge
10E7	1	Final Test Cartridge
10E8	1	Final Test Cartridge
10E9	1	Final Test Cartridge
10EA	1	Final Test Cartridge
10EB	1	Final Test Cartridge
10EC	1	Final Test Cartridge
10ED	1	Final Test Cartridge
10EE	1	Final Test Cartridge
10EF	2	Final Test Cartridge; Q-bert II
10F0	2	Final Test Cartridge; Q-bert II
10F1	1	Final Test Cartridge
10F2	1	Final Test Cartridge
10F3	2	Final Test Cartridge; Q-bert II
10F4	1	Final Test Cartridge
10F5	1	Final Test Cartridge
10F6	1	Final Test Cartridge
10F7	1	Final Test Cartridge
10F8	2	Final Test Cartridge; Q-bert II
10F9	1	Final Test Cartridge
10FA	1	Final Test Cartridge
10FB	1	Final Test Cartridge
10FC	2	Final Test Cartridge; Q-bert II
10FD	1	Final Test Cartridge
10FE	2	Final Test Cartridge; Q-bert II
10FF	2	Final Test Cartridge; Q-bert II
1100	2	Final Test Cartridge; Q-bert II
1101	3	Final Test Cartridge; Monkey Academy; Q-bert II
1102	3	Final Test Cartridge; Monkey Academy; Q-bert II
1103	2	Final Test Cartridge; Q-bert II
1104	2	Final Test Cartridge; Q-bert II
1105	2	Final Test Cartridge; Q-bert II
1106	2	Final Test Cartridge; Q-bert II
1107	1	Final Test Cartridge
1108	1	Final Test Cartridge
1109	2	Final Test Cartridge; Q-bert II
110A	2	Final Test Cartridge; Q-bert II
110B	2	Final Test Cartridge; Q-bert II
110C	2	Final Test Cartridge; Q-bert II
110D	2	Final Test Cartridge; Q-bert II
110E	2	Final Test Cartridge; Q-bert II
110F	2	Final Test Cartridge; Q-bert II
1110	2	Final Test Cartridge; Q-bert II
1111	2	Final Test Cartridge; Q-bert II
1112	1	Final Test Cartridge
1113	2	Final Test Cartridge; Q-bert II
1114	1	Final Test Cartridge
1115	2	Final Test Cartridge; Q-bert II
1116	2	Final Test Cartridge; Q-bert II
1117	1	Final Test Cartridge
1118	1	Final Test Cartridge
1119	2	Final Test Cartridge; Q-bert II
111A	2	Final Test Cartridge; Q-bert II
111B	2	Final Test Cartridge; Q-bert II
111C	2	Final Test Cartridge; Q-bert II
111D	2	Final Test Cartridge; Q-bert II
111E	2	Final Test Cartridge; Q-bert II
111F	2	Final Test Cartridge; Q-bert II
1120	2	Final Test Cartridge; Q-bert II
1121	2	Final Test Cartridge; Q-bert II
1122	2	Final Test Cartridge; Q-bert II
1123	2	Final Test Cartridge; Q-bert II
1124	2	Final Test Cartridge; Q-bert II
1125	2	Final Test Cartridge; Q-bert II
1126	2	Final Test Cartridge; Q-bert II
1127	2	Final Test Cartridge; Q-bert II
1128	1	Final Test Cartridge
1129	2	Final Test Cartridge; Q-bert II
112A	2	Final Test Cartridge; Q-bert II
112B	2	Final Test Cartridge; Q-bert II
112C	1	Final Test Cartridge
112D	2	Final Test Cartridge; Q-bert II
112E	2	Final Test Cartridge; Q-bert II
112F	2	Final Test Cartridge; Q-bert II
1130	1	Final Test Cartridge
1131	2	Final Test Cartridge; Q-bert II
1132	2	Final Test Cartridge; Q-bert II
1133	2	Final Test Cartridge; Q-bert II
1134	2	Final Test Cartridge; Q-bert II
1135	2	Final Test Cartridge; Q-bert II
1136	2	Final Test Cartridge; Q-bert II
1137	2	Final Test Cartridge; Q-bert II
1138	1	Final Test Cartridge
1139	2	Final Test Cartridge; Q-bert II
113A	2	Final Test Cartridge; Q-bert II
113B	2	Final Test Cartridge; Q-bert II
113C	2	Final Test Cartridge; Q-bert II
113D	2	Final Test Cartridge; Q-bert II
113E	2	Final Test Cartridge; Q-bert II
113F	2	Final Test Cartridge; Q-bert II
1140	1	Final Test Cartridge
1141	2	Final Test Cartridge; Q-bert II
1142	1	Final Test Cartridge
1143	2	Final Test Cartridge; Q-bert II
1144	1	Final Test Cartridge
1145	2	Final Test Cartridge; Q-bert II
1146	1	Final Test Cartridge
1147	1	Final Test Cartridge
1148	2	Final Test Cartridge; Q-bert II
1149	2	Final Test Cartridge; Q-bert II
114A	1	Final Test Cartridge
114B	1	Final Test Cartridge
114C	2	Final Test Cartridge; Q-bert II
114D	1	Final Test Cartridge
114E	1	Final Test Cartridge
114F	2	Final Test Cartridge; Q-bert II
1150	1	Final Test Cartridge
1151	2	Final Test Cartridge; Q-bert II
1152	3	Final Test Cartridge; Pac-Man; Q-bert II
1153	1	Final Test Cartridge
1154	1	Final Test Cartridge
1155	1	Final Test Cartridge
1156	2	Final Test Cartridge; Q-bert II
1157	1	Final Test Cartridge
1158	2	Final Test Cartridge; Q-bert II
1159	3	Final Test Cartridge; Monkey Academy; Q-bert II
115A	3	Final Test Cartridge; Monkey Academy; Q-bert II
115B	1	Final Test Cartridge
115C	2	Final Test Cartridge; Q-bert II
115D	1	Final Test Cartridge
115E	1	Final Test Cartridge
115F	2	Final Test Cartridge; Q-bert II
1160	1	Final Test Cartridge
1161	2	Final Test Cartridge; Q-bert II
1162	2	Final Test Cartridge; Q-bert II
1163	2	Final Test Cartridge; Q-bert II
1164	1	Final Test Cartridge
1165	2	Final Test Cartridge; Q-bert II
1166	2	Final Test Cartridge; Q-bert II
1167	2	Final Test Cartridge; Q-bert II
1168	1	Final Test Cartridge
1169	2	Final Test Cartridge; Q-bert II
116A	1	Final Test Cartridge
116B	1	Final Test Cartridge
116C	2	Final Test Cartridge; Q-bert II
116D	2	Final Test Cartridge; Q-bert II
116E	1	Final Test Cartridge
116F	1	Final Test Cartridge
1170	2	Final Test Cartridge; Q-bert II
1171	2	Final Test Cartridge; Q-bert II
1172	2	Final Test Cartridge; Q-bert II
1173	1	Final Test Cartridge
1174	1	Final Test Cartridge
1175	1	Final Test Cartridge
1176	1	Final Test Cartridge
1177	1	Final Test Cartridge
1178	2	Final Test Cartridge; Q-bert II
1179	2	Final Test Cartridge; Q-bert II
117A	2	Final Test Cartridge; Q-bert II
117B	2	Final Test Cartridge; Q-bert II
117C	2	Final Test Cartridge; Q-bert II
117D	2	Final Test Cartridge; Q-bert II
117E	1	Final Test Cartridge
117F	1	Final Test Cartridge
1180	1	Final Test Cartridge
1181	2	Final Test Cartridge; Q-bert II
1182	2	Final Test Cartridge; Q-bert II
1183	1	Final Test Cartridge
1184	1	Final Test Cartridge
1185	1	Final Test Cartridge
1186	2	Final Test Cartridge; Q-bert II
1187	1	Final Test Cartridge
1188	1	Final Test Cartridge
1189	1	Final Test Cartridge
118A	1	Final Test Cartridge
118B	1	Final Test Cartridge
118C	1	Final Test Cartridge
118D	1	Final Test Cartridge
118E	2	Final Test Cartridge; Q-bert II
118F	1	Final Test Cartridge
1190	2	Final Test Cartridge; Q-bert II
1191	1	Final Test Cartridge
1192	1	Final Test Cartridge
1193	1	Final Test Cartridge
1194	2	Final Test Cartridge; Q-bert II
1195	1	Final Test Cartridge
1196	1	Final Test Cartridge
1197	1	Final Test Cartridge
1198	2	Final Test Cartridge; Q-bert II
1199	2	Final Test Cartridge; Q-bert II
119A	2	Final Test Cartridge; Q-bert II
119B	1	Final Test Cartridge
119C	1	Final Test Cartridge
119D	2	Final Test Cartridge; Q-bert II
119E	1	Final Test Cartridge
119F	1	Final Test Cartridge
11A0	1	Final Test Cartridge
11A1	1	Final Test Cartridge
11A2	2	Final Test Cartridge; Q-bert II
11A3	2	Final Test Cartridge; Q-bert II
11A4	2	Final Test Cartridge; Q-bert II
11A5	1	Final Test Cartridge
11A6	1	Final Test Cartridge
11A7	1	Final Test Cartridge
11A8	1	Final Test Cartridge
11A9	1	Final Test Cartridge
11AA	1	Final Test Cartridge
11AB	1	Final Test Cartridge
11AC	1	Final Test Cartridge
11AD	1	Final Test Cartridge
11AE	1	Final Test Cartridge
11AF	1	Final Test Cartridge
11B0	1	Final Test Cartridge
11B1	1	Final Test Cartridge
11B2	1	Final Test Cartridge
11B3	1	Final Test Cartridge
11B4	2	Final Test Cartridge; Q-bert II
11B5	1	Final Test Cartridge
11B6	1	Final Test Cartridge
11B7	2	Final Test Cartridge; Q-bert II
11B8	1	Final Test Cartridge
11B9	1	Final Test Cartridge
11BA	1	Final Test Cartridge
11BB	1	Final Test Cartridge
11BC	1	Final Test Cartridge
11BD	2	Final Test Cartridge; Q-bert II
11BE	2	Final Test Cartridge; Q-bert II
11BF	1	Final Test Cartridge
11C0	2	Final Test Cartridge; Q-bert II
11C1	1	Final Test Cartridge
11C2	1	Final Test Cartridge
11C3	2	Final Test Cartridge; Q-bert II
11C4	2	Final Test Cartridge; Q-bert II
11C5	2	Final Test Cartridge; Q-bert II
11C6	1	Final Test Cartridge
11C7	1	Final Test Cartridge
11C8	2	Final Test Cartridge; Q-bert II
11C9	1	Final Test Cartridge
11CA	1	Final Test Cartridge
11CB	1	Final Test Cartridge
11CC	1	Final Test Cartridge
11CD	1	Final Test Cartridge
11CE	1	Final Test Cartridge
11CF	1	Final Test Cartridge
11D0	1	Final Test Cartridge
11D1	1	Final Test Cartridge
11D2	2	Final Test Cartridge; Q-bert II
11D3	2	Final Test Cartridge; Q-bert II
11D4	2	Final Test Cartridge; Q-bert II
11D5	1	Final Test Cartridge
11D6	1	Final Test Cartridge
11D7	1	Final Test Cartridge
11D8	1	Final Test Cartridge
11D9	1	Final Test Cartridge
11DA	1	Final Test Cartridge
11DB	1	Final Test Cartridge
11DC	2	Final Test Cartridge; Q-bert II
11DD	1	Final Test Cartridge
11DE	1	Final Test Cartridge
11DF	2	Final Test Cartridge; Q-bert II
11E0	1	Final Test Cartridge
11E1	1	Final Test Cartridge
11E2	2	Final Test Cartridge; Q-bert II
11E3	1	Final Test Cartridge
11E4	1	Final Test Cartridge
11E5	1	Final Test Cartridge
11E6	1	Final Test Cartridge
11E7	1	Final Test Cartridge
11E8	1	Final Test Cartridge
11E9	2	Final Test Cartridge; Q-bert II
11EA	1	Final Test Cartridge
11EB	1	Final Test Cartridge
11EC	1	Final Test Cartridge
11ED	2	Final Test Cartridge; Q-bert II
11EE	2	Final Test Cartridge; Q-bert II
11EF	2	Final Test Cartridge; Q-bert II
11F0	2	Final Test Cartridge; Q-bert II
11F1	1	Final Test Cartridge
11F2	1	Final Test Cartridge
11F3	1	Final Test Cartridge
11F4	1	Final Test Cartridge
11F5	1	Final Test Cartridge
11F6	2	Final Test Cartridge; Q-bert II
11F7	2	Final Test Cartridge; Q-bert II
11F8	1	Final Test Cartridge
11F9	1	Final Test Cartridge
11FA	2	Final Test Cartridge; Q-bert II
11FB	2	Final Test Cartridge; Q-bert II
11FC	1	Final Test Cartridge
11FD	1	Final Test Cartridge
11FE	1	Final Test Cartridge
11FF	1	Final Test Cartridge
1200	1	Final Test Cartridge
1201	2	Final Test Cartridge; Q-bert II
1202	2	Final Test Cartridge; Q-bert II
1203	2	Final Test Cartridge; Q-bert II
1204	1	Final Test Cartridge
1205	1	Final Test Cartridge
1206	2	Final Test Cartridge; Q-bert II
1207	2	Final Test Cartridge; Q-bert II
1208	1	Final Test Cartridge
1209	2	Final Test Cartridge; Q-bert II
120A	2	Final Test Cartridge; Q-bert II
120B	2	Final Test Cartridge; Q-bert II
120C	2	Final Test Cartridge; Q-bert II
120D	2	Final Test Cartridge; Q-bert II
120E	2	Final Test Cartridge; Q-bert II
120F	2	Final Test Cartridge; Q-bert II
1210	2	Final Test Cartridge; Q-bert II
1211	2	Final Test Cartridge; Q-bert II
1212	2	Final Test Cartridge; Q-bert II
1213	2	Final Test Cartridge; Q-bert II
1214	1	Final Test Cartridge
1215	2	Final Test Cartridge; Q-bert II
1216	2	Final Test Cartridge; Q-bert II
1217	2	Final Test Cartridge; Q-bert II
1218	2	Final Test Cartridge; Q-bert II
1219	2	Final Test Cartridge; Q-bert II
121A	2	Final Test Cartridge; Q-bert II
121B	2	Final Test Cartridge; Q-bert II
121C	2	Final Test Cartridge; Q-bert II
121D	1	Final Test Cartridge
121E	2	Final Test Cartridge; Q-bert II
121F	2	Final Test Cartridge; Q-bert II
1220	1	Final Test Cartridge
1221	2	Final Test Cartridge; Q-bert II
1222	3	Final Test Cartridge; Monkey Academy; Q-bert II
1223	2	Final Test Cartridge; Monkey Academy
1224	2	Final Test Cartridge; Q-bert II
1225	2	Final Test Cartridge; Q-bert II
1226	2	Final Test Cartridge; Q-bert II
1227	2	Final Test Cartridge; Q-bert II
1228	1	Final Test Cartridge
1229	2	Final Test Cartridge; Q-bert II
122A	2	Final Test Cartridge; Q-bert II
122B	2	Final Test Cartridge; Q-bert II
122C	2	Final Test Cartridge; Q-bert II
122D	1	Final Test Cartridge
122E	2	Final Test Cartridge; Q-bert II
122F	2	Final Test Cartridge; Q-bert II
1230	1	Final Test Cartridge
1231	2	Final Test Cartridge; Q-bert II
1232	2	Final Test Cartridge; Q-bert II
1233	2	Final Test Cartridge; Q-bert II
1234	2	Final Test Cartridge; Q-bert II
1235	2	Final Test Cartridge; Q-bert II
1236	2	Final Test Cartridge; Q-bert II
1237	2	Final Test Cartridge; Q-bert II
1238	2	Final Test Cartridge; Q-bert II
1239	2	Final Test Cartridge; Q-bert II
123A	2	Final Test Cartridge; Q-bert II
123B	2	Final Test Cartridge; Q-bert II
123C	1	Final Test Cartridge
123D	2	Final Test Cartridge; Q-bert II
123E	2	Final Test Cartridge; Q-bert II
123F	2	Final Test Cartridge; Q-bert II
1240	2	Final Test Cartridge; Q-bert II
1241	1	Final Test Cartridge
1242	1	Final Test Cartridge
1243	1	Final Test Cartridge
1244	1	Final Test Cartridge
1245	2	Final Test Cartridge; Q-bert II
1246	2	Final Test Cartridge; Q-bert II
1247	2	Final Test Cartridge; Q-bert II
1248	2	Final Test Cartridge; Q-bert II
1249	1	Final Test Cartridge
124A	2	Final Test Cartridge; Q-bert II
124B	2	Final Test Cartridge; Q-bert II
124C	1	Final Test Cartridge
124D	1	Final Test Cartridge
124E	2	Final Test Cartridge; Q-bert II
124F	1	Final Test Cartridge
1250	1	Final Test Cartridge
1251	1	Final Test Cartridge
1252	2	Final Test Cartridge; Q-bert II
1253	3	Final Test Cartridge; Pac-Man; Q-bert II
1254	2	Final Test Cartridge; Q-bert II
1255	1	Final Test Cartridge
1256	2	Final Test Cartridge; Q-bert II
1257	1	Final Test Cartridge
1258	3	Final Test Cartridge; Monkey Academy; Q-bert II
1259	3	Final Test Cartridge; Monkey Academy; Q-bert II
125A	2	Final Test Cartridge; Q-bert II
125B	2	Final Test Cartridge; Q-bert II
125C	2	Final Test Cartridge; Q-bert II
125D	2	Final Test Cartridge; Q-bert II
125E	1	Final Test Cartridge
125F	2	Final Test Cartridge; Q-bert II
1260	1	Final Test Cartridge
1261	1	Final Test Cartridge
1262	2	Final Test Cartridge; Q-bert II
1263	2	Final Test Cartridge; Q-bert II
1264	1	Final Test Cartridge
1265	1	Final Test Cartridge
1266	1	Final Test Cartridge
1267	1	Final Test Cartridge
1268	2	Final Test Cartridge; Q-bert II
1269	2	Final Test Cartridge; Q-bert II
126A	2	Final Test Cartridge; Q-bert II
126B	1	Final Test Cartridge
126C	2	Final Test Cartridge; Q-bert II
126D	1	Final Test Cartridge
126E	2	Final Test Cartridge; Q-bert II
126F	2	Final Test Cartridge; Q-bert II
1270	1	Final Test Cartridge
1271	2	Final Test Cartridge; Q-bert II
1272	1	Final Test Cartridge
1273	2	Final Test Cartridge; Q-bert II
1274	2	Final Test Cartridge; Q-bert II
1275	1	Final Test Cartridge
1276	2	Final Test Cartridge; Q-bert II
1277	2	Final Test Cartridge; Q-bert II
1278	2	Final Test Cartridge; Q-bert II
1279	2	Final Test Cartridge; Q-bert II
127A	1	Final Test Cartridge
127B	1	Final Test Cartridge
127C	1	Final Test Cartridge
127D	2	Final Test Cartridge; Q-bert II
127E	1	Final Test Cartridge
127F	1	Final Test Cartridge
1280	2	Final Test Cartridge; Q-bert II
1281	2	Final Test Cartridge; Q-bert II
1282	2	Final Test Cartridge; Q-bert II
1283	1	Final Test Cartridge
1284	1	Final Test Cartridge
1285	1	Final Test Cartridge
1286	1	Final Test Cartridge
1287	1	Final Test Cartridge
1288	1	Final Test Cartridge
1289	1	Final Test Cartridge
128A	1	Final Test Cartridge
128B	1	Final Test Cartridge
128C	2	Final Test Cartridge; Q-bert II
128D	1	Final Test Cartridge
128E	1	Final Test Cartridge
128F	1	Final Test Cartridge
1290	2	Final Test Cartridge; Q-bert II
1291	1	Final Test Cartridge
1292	2	Final Test Cartridge; Q-bert II
1293	1	Final Test Cartridge
1294	1	Final Test Cartridge
1295	2	Final Test Cartridge; Q-bert II
1296	1	Final Test Cartridge
1297	2	Final Test Cartridge; Q-bert II
1298	1	Final Test Cartridge
1299	1	Final Test Cartridge
129A	1	Final Test Cartridge
129B	1	Final Test Cartridge
129C	1	Final Test Cartridge
129D	1	Final Test Cartridge
129E	2	Final Test Cartridge; Q-bert II
129F	1	Final Test Cartridge
12A0	1	Final Test Cartridge
12A1	1	Final Test Cartridge
12A2	1	Final Test Cartridge
12A3	1	Final Test Cartridge
12A4	2	Final Test Cartridge; Q-bert II
12A5	1	Final Test Cartridge
12A6	1	Final Test Cartridge
12A7	1	Final Test Cartridge
12A8	2	Final Test Cartridge; Q-bert II
12A9	1	Final Test Cartridge
12AA	1	Final Test Cartridge
12AB	2	Final Test Cartridge; Q-bert II
12AC	2	Final Test Cartridge; Q-bert II
12AD	1	Final Test Cartridge
12AE	1	Final Test Cartridge
12AF	2	Final Test Cartridge; Q-bert II
12B0	2	Final Test Cartridge; Q-bert II
12B1	1	Final Test Cartridge
12B2	1	Final Test Cartridge
12B3	1	Final Test Cartridge
12B4	1	Final Test Cartridge
12B5	1	Final Test Cartridge
12B6	2	Final Test Cartridge; Q-bert II
12B7	2	Final Test Cartridge; Q-bert II
12B8	2	Final Test Cartridge; Q-bert II
12B9	1	Final Test Cartridge
12BA	1	Final Test Cartridge
12BB	1	Final Test Cartridge
12BC	1	Final Test Cartridge
12BD	2	Final Test Cartridge; Q-bert II
12BE	2	Final Test Cartridge; Q-bert II
12BF	1	Final Test Cartridge
12C0	1	Final Test Cartridge
12C1	1	Final Test Cartridge
12C2	2	Final Test Cartridge; Q-bert II
12C3	2	Final Test Cartridge; Q-bert II
12C4	1	Final Test Cartridge
12C5	1	Final Test Cartridge
12C6	1	Final Test Cartridge
12C7	1	Final Test Cartridge
12C8	1	Final Test Cartridge
12C9	2	Final Test Cartridge; Q-bert II
12CA	1	Final Test Cartridge
12CB	2	Final Test Cartridge; Q-bert II
12CC	1	Final Test Cartridge
12CD	1	Final Test Cartridge
12CE	1	Final Test Cartridge
12CF	1	Final Test Cartridge
12D0	2	Final Test Cartridge; Q-bert II
12D1	1	Final Test Cartridge
12D2	2	Final Test Cartridge; Q-bert II
12D3	2	Final Test Cartridge; Q-bert II
12D4	2	Final Test Cartridge; Q-bert II
12D5	2	Final Test Cartridge; Q-bert II
12D6	1	Final Test Cartridge
12D7	1	Final Test Cartridge
12D8	2	Final Test Cartridge; Q-bert II
12D9	1	Final Test Cartridge
12DA	1	Final Test Cartridge
12DB	1	Final Test Cartridge
12DC	2	Final Test Cartridge; Q-bert II
12DD	1	Final Test Cartridge
12DE	1	Final Test Cartridge
12DF	2	Final Test Cartridge; Q-bert II
12E0	1	Final Test Cartridge
12E1	2	Final Test Cartridge; Q-bert II
12E2	1	Final Test Cartridge
12E3	1	Final Test Cartridge
12E4	1	Final Test Cartridge
12E5	2	Final Test Cartridge; Q-bert II
12E6	1	Final Test Cartridge
12E7	2	Final Test Cartridge; Q-bert II
12E8	1	Final Test Cartridge
12E9	1	Final Test Cartridge
12EA	1	Final Test Cartridge
12EB	1	Final Test Cartridge
12EC	1	Final Test Cartridge
12ED	1	Final Test Cartridge
12EE	1	Final Test Cartridge
12EF	1	Final Test Cartridge
12F0	1	Final Test Cartridge
12F1	1	Final Test Cartridge
12F2	1	Final Test Cartridge
12F3	1	Final Test Cartridge
12F4	1	Final Test Cartridge
12F5	2	Final Test Cartridge; Q-bert II
12F6	2	Final Test Cartridge; Q-bert II
12F7	1	Final Test Cartridge
12F8	2	Final Test Cartridge; Q-bert II
12F9	2	Final Test Cartridge; Q-bert II
12FA	2	Final Test Cartridge; Q-bert II
12FB	1	Final Test Cartridge
12FC	1	Final Test Cartridge
12FD	2	Final Test Cartridge; Q-bert II
12FE	2	Final Test Cartridge; Q-bert II
12FF	1	Final Test Cartridge
1300	1	Final Test Cartridge
1301	2	Final Test Cartridge; Q-bert II
1302	2	Final Test Cartridge; Q-bert II
1303	2	Final Test Cartridge; Q-bert II
1304	2	Final Test Cartridge; Q-bert II
1305	2	Final Test Cartridge; Q-bert II
1306	2	Final Test Cartridge; Q-bert II
1307	2	Final Test Cartridge; Q-bert II
1308	2	Final Test Cartridge; Q-bert II
1309	2	Final Test Cartridge; Q-bert II
130A	2	Final Test Cartridge; Q-bert II
130B	2	Final Test Cartridge; Q-bert II
130C	2	Final Test Cartridge; Q-bert II
130D	2	Final Test Cartridge; Q-bert II
130E	2	Final Test Cartridge; Q-bert II
130F	2	Final Test Cartridge; Q-bert II
1310	1	Final Test Cartridge
1311	2	Final Test Cartridge; Q-bert II
1312	2	Final Test Cartridge; Q-bert II
1313	2	Final Test Cartridge; Q-bert II
1314	2	Final Test Cartridge; Q-bert II
1315	2	Final Test Cartridge; Q-bert II
1316	2	Final Test Cartridge; Q-bert II
1317	2	Final Test Cartridge; Q-bert II
1318	2	Final Test Cartridge; Q-bert II
1319	2	Final Test Cartridge; Q-bert II
131A	2	Final Test Cartridge; Q-bert II
131B	2	Final Test Cartridge; Q-bert II
131C	2	Final Test Cartridge; Q-bert II
131D	2	Final Test Cartridge; Q-bert II
131E	2	Final Test Cartridge; Q-bert II
131F	2	Final Test Cartridge; Q-bert II
1320	2	Final Test Cartridge; Q-bert II
1321	2	Final Test Cartridge; Q-bert II
1322	2	Final Test Cartridge; Q-bert II
1323	2	Final Test Cartridge; Q-bert II
1324	2	Final Test Cartridge; Q-bert II
1325	2	Final Test Cartridge; Q-bert II
1326	2	Final Test Cartridge; Q-bert II
1327	2	Final Test Cartridge; Q-bert II
1328	1	Final Test Cartridge
1329	2	Final Test Cartridge; Q-bert II
132A	2	Final Test Cartridge; Q-bert II
132B	2	Final Test Cartridge; Q-bert II
132C	2	Final Test Cartridge; Q-bert II
132D	2	Final Test Cartridge; Q-bert II
132E	2	Final Test Cartridge; Q-bert II
132F	2	Final Test Cartridge; Q-bert II
1330	1	Final Test Cartridge
1331	2	Final Test Cartridge; Q-bert II
1332	2	Final Test Cartridge; Q-bert II
1333	2	Final Test Cartridge; Q-bert II
1334	2	Final Test Cartridge; Q-bert II
1335	1	Final Test Cartridge
1336	2	Final Test Cartridge; Q-bert II
1337	2	Final Test Cartridge; Q-bert II
1338	2	Final Test Cartridge; Q-bert II
1339	2	Final Test Cartridge; Q-bert II
133A	3	Final Test Cartridge; Monkey Academy; Q-bert II
133B	3	Final Test Cartridge; Monkey Academy; Q-bert II
133C	3	Final Test Cartridge; Monkey Academy; Q-bert II
133D	2	Final Test Cartridge; Q-bert II
133E	2	Final Test Cartridge; Q-bert II
133F	2	Final Test Cartridge; Q-bert II
1340	2	Final Test Cartridge; Q-bert II
1341	1	Final Test Cartridge
1342	2	Final Test Cartridge; Q-bert II
1343	2	Final Test Cartridge; Q-bert II
1344	1	Final Test Cartridge
1345	1	Final Test Cartridge
1346	2	Final Test Cartridge; Q-bert II
1347	1	Final Test Cartridge
1348	2	Final Test Cartridge; Q-bert II
1349	1	Final Test Cartridge
134A	1	Final Test Cartridge
134B	2	Final Test Cartridge; Q-bert II
134C	2	Final Test Cartridge; Q-bert II
134D	1	Final Test Cartridge
134E	2	Final Test Cartridge; Q-bert II
134F	1	Final Test Cartridge
1350	2	Final Test Cartridge; Q-bert II
1351	2	Final Test Cartridge; Q-bert II
1352	2	Final Test Cartridge; Q-bert II
1353	1	Final Test Cartridge
1354	3	Final Test Cartridge; Pac-Man; Q-bert II
1355	1	Final Test Cartridge
1356	2	Final Test Cartridge; Q-bert II
1357	2	Final Test Cartridge; Q-bert II
1358	1	Final Test Cartridge
1359	1	Final Test Cartridge
135A	2	Final Test Cartridge; Q-bert II
135B	2	Final Test Cartridge; Q-bert II
135C	2	Final Test Cartridge; Q-bert II
135D	1	Final Test Cartridge
135E	2	Final Test Cartridge; Q-bert II
135F	3	Final Test Cartridge; Monkey Academy; Q-bert II
1360	3	Final Test Cartridge; Monkey Academy; Q-bert II
1361	2	Final Test Cartridge; Q-bert II
1362	1	Final Test Cartridge
1363	2	Final Test Cartridge; Q-bert II
1364	1	Final Test Cartridge
1365	1	Final Test Cartridge
1366	2	Final Test Cartridge; Q-bert II
1367	2	Final Test Cartridge; Q-bert II
1368	1	Final Test Cartridge
1369	2	Final Test Cartridge; Q-bert II
136A	1	Final Test Cartridge
136B	2	Final Test Cartridge; Q-bert II
136C	2	Final Test Cartridge; Monkey Academy
136D	2	Final Test Cartridge; Monkey Academy
136E	1	Final Test Cartridge
136F	2	Final Test Cartridge; Q-bert II
1370	1	Final Test Cartridge
1371	2	Final Test Cartridge; Q-bert II
1372	2	Final Test Cartridge; Q-bert II
1373	1	Final Test Cartridge
1374	1	Final Test Cartridge
1375	1	Final Test Cartridge
1376	1	Final Test Cartridge
1377	2	Final Test Cartridge; Q-bert II
1378	1	Final Test Cartridge
1379	2	Final Test Cartridge; Q-bert II
137A	1	Final Test Cartridge
137B	1	Final Test Cartridge
137C	1	Final Test Cartridge
137D	3	Final Test Cartridge; Monkey Academy; Q-bert II
137E	2	Final Test Cartridge; Monkey Academy
137F	1	Final Test Cartridge
1380	1	Final Test Cartridge
1381	1	Final Test Cartridge
1382	1	Final Test Cartridge
1383	1	Final Test Cartridge
1384	1	Final Test Cartridge
1385	1	Final Test Cartridge
1386	2	Final Test Cartridge; Q-bert II
1387	1	Final Test Cartridge
1388	1	Final Test Cartridge
1389	2	Final Test Cartridge; Q-bert II
138A	1	Final Test Cartridge
138B	2	Final Test Cartridge; Q-bert II
138C	1	Final Test Cartridge
138D	1	Final Test Cartridge
138E	1	Final Test Cartridge
138F	1	Final Test Cartridge
1390	1	Final Test Cartridge
1391	1	Final Test Cartridge
1392	2	Final Test Cartridge; Q-bert II
1393	1	Final Test Cartridge
1394	1	Final Test Cartridge
1395	1	Final Test Cartridge
1396	2	Final Test Cartridge; Q-bert II
1397	1	Final Test Cartridge
1398	2	Final Test Cartridge; Q-bert II
1399	1	Final Test Cartridge
139A	1	Final Test Cartridge
139B	1	Final Test Cartridge
139C	1	Final Test Cartridge
139D	1	Final Test Cartridge
139E	1	Final Test Cartridge
139F	1	Final Test Cartridge
13A0	2	Final Test Cartridge; Q-bert II
13A1	1	Final Test Cartridge
13A2	2	Final Test Cartridge; Q-bert II
13A3	1	Final Test Cartridge
13A4	1	Final Test Cartridge
13A5	1	Final Test Cartridge
13A6	2	Final Test Cartridge; Q-bert II
13A7	2	Final Test Cartridge; Q-bert II
13A8	1	Final Test Cartridge
13A9	1	Final Test Cartridge
13AA	1	Final Test Cartridge
13AB	1	Final Test Cartridge
13AC	2	Final Test Cartridge; Monkey Academy
13AD	3	Final Test Cartridge; Monkey Academy; Q-bert II
13AE	1	Final Test Cartridge
13AF	1	Final Test Cartridge
13B0	1	Final Test Cartridge
13B1	1	Final Test Cartridge
13B2	1	Final Test Cartridge
13B3	2	Final Test Cartridge; Q-bert II
13B4	1	Final Test Cartridge
13B5	1	Final Test Cartridge
13B6	1	Final Test Cartridge
13B7	1	Final Test Cartridge
13B8	1	Final Test Cartridge
13B9	1	Final Test Cartridge
13BA	2	Final Test Cartridge; Q-bert II
13BB	1	Final Test Cartridge
13BC	1	Final Test Cartridge
13BD	1	Final Test Cartridge
13BE	1	Final Test Cartridge
13BF	1	Final Test Cartridge
13C0	1	Final Test Cartridge
13C1	1	Final Test Cartridge
13C2	2	Final Test Cartridge; Q-bert II
13C3	2	Final Test Cartridge; Q-bert II
13C4	2	Final Test Cartridge; Q-bert II
13C5	2	Final Test Cartridge; Q-bert II
13C6	1	Final Test Cartridge
13C7	1	Final Test Cartridge
13C8	1	Final Test Cartridge
13C9	1	Final Test Cartridge
13CA	2	Final Test Cartridge; Q-bert II
13CB	1	Final Test Cartridge
13CC	1	Final Test Cartridge
13CD	1	Final Test Cartridge
13CE	1	Final Test Cartridge
13CF	1	Final Test Cartridge
13D0	1	Final Test Cartridge
13D1	2	Final Test Cartridge; Q-bert II
13D2	1	Final Test Cartridge
13D3	1	Final Test Cartridge
13D4	1	Final Test Cartridge
13D5	1	Final Test Cartridge
13D6	1	Final Test Cartridge
13D7	1	Final Test Cartridge
13D8	1	Final Test Cartridge
13D9	1	Final Test Cartridge
13DA	2	Final Test Cartridge; Q-bert II
13DB	1	Final Test Cartridge
13DC	1	Final Test Cartridge
13DD	1	Final Test Cartridge
13DE	1	Final Test Cartridge
13DF	1	Final Test Cartridge
13E0	1	Final Test Cartridge
13E1	1	Final Test Cartridge
13E2	1	Final Test Cartridge
13E3	1	Final Test Cartridge
13E4	1	Final Test Cartridge
13E5	1	Final Test Cartridge
13E6	1	Final Test Cartridge
13E7	2	Final Test Cartridge; Q-bert II
13E8	1	Final Test Cartridge
13E9	1	Final Test Cartridge
13EA	1	Final Test Cartridge
13EB	2	Final Test Cartridge; Q-bert II
13EC	1	Final Test Cartridge
13ED	1	Final Test Cartridge
13EE	1	Final Test Cartridge
13EF	1	Final Test Cartridge
13F0	1	Final Test Cartridge
13F1	1	Final Test Cartridge
13F2	2	Final Test Cartridge; Q-bert II
13F3	2	Final Test Cartridge; Q-bert II
13F4	2	Final Test Cartridge; Q-bert II
13F5	1	Final Test Cartridge
13F6	2	Final Test Cartridge; Q-bert II
13F7	2	Final Test Cartridge; Q-bert II
13F8	2	Final Test Cartridge; Q-bert II
13F9	1	Final Test Cartridge
13FA	1	Final Test Cartridge
13FB	1	Final Test Cartridge
13FC	1	Final Test Cartridge
13FD	1	Final Test Cartridge
13FE	2	Final Test Cartridge; Q-bert II
13FF	1	Final Test Cartridge
1400	1	Final Test Cartridge
1401	2	Final Test Cartridge; Q-bert II
1402	2	Final Test Cartridge; Q-bert II
1403	3	Final Test Cartridge; Monkey Academy; Q-bert II
1404	3	Final Test Cartridge; Monkey Academy; Q-bert II
1405	2	Final Test Cartridge; Q-bert II
1406	2	Final Test Cartridge; Q-bert II
1407	2	Final Test Cartridge; Q-bert II
1408	1	Final Test Cartridge
1409	2	Final Test Cartridge; Q-bert II
140A	1	Final Test Cartridge
140B	2	Final Test Cartridge; Q-bert II
140C	1	Final Test Cartridge
140D	2	Final Test Cartridge; Q-bert II
140E	2	Final Test Cartridge; Q-bert II
140F	2	Final Test Cartridge; Q-bert II
1410	2	Final Test Cartridge; Q-bert II
1411	1	Final Test Cartridge
1412	2	Final Test Cartridge; Q-bert II
1413	2	Final Test Cartridge; Q-bert II
1414	2	Final Test Cartridge; Q-bert II
1415	2	Final Test Cartridge; Q-bert II
1416	2	Final Test Cartridge; Q-bert II
1417	2	Final Test Cartridge; Q-bert II
1418	1	Final Test Cartridge
1419	2	Final Test Cartridge; Q-bert II
141A	2	Final Test Cartridge; Q-bert II
141B	2	Final Test Cartridge; Q-bert II
141C	2	Final Test Cartridge; Q-bert II
141D	2	Final Test Cartridge; Q-bert II
141E	2	Final Test Cartridge; Q-bert II
141F	2	Final Test Cartridge; Q-bert II
1420	2	Final Test Cartridge; Q-bert II
1421	2	Final Test Cartridge; Q-bert II
1422	2	Final Test Cartridge; Q-bert II
1423	2	Final Test Cartridge; Q-bert II
1424	2	Final Test Cartridge; Q-bert II
1425	2	Final Test Cartridge; Q-bert II
1426	2	Final Test Cartridge; Q-bert II
1427	2	Final Test Cartridge; Q-bert II
1428	2	Final Test Cartridge; Q-bert II
1429	2	Final Test Cartridge; Q-bert II
142A	2	Final Test Cartridge; Q-bert II
142B	2	Final Test Cartridge; Q-bert II
142C	2	Final Test Cartridge; Q-bert II
142D	2	Final Test Cartridge; Q-bert II
142E	2	Final Test Cartridge; Q-bert II
142F	2	Final Test Cartridge; Q-bert II
1430	2	Final Test Cartridge; Q-bert II
1431	2	Final Test Cartridge; Q-bert II
1432	2	Final Test Cartridge; Q-bert II
1433	2	Final Test Cartridge; Q-bert II
1434	2	Final Test Cartridge; Q-bert II
1435	2	Final Test Cartridge; Q-bert II
1436	2	Final Test Cartridge; Q-bert II
1437	2	Final Test Cartridge; Q-bert II
1438	2	Final Test Cartridge; Q-bert II
1439	2	Final Test Cartridge; Q-bert II
143A	2	Final Test Cartridge; Q-bert II
143B	2	Final Test Cartridge; Q-bert II
143C	2	Final Test Cartridge; Q-bert II
143D	2	Final Test Cartridge; Q-bert II
143E	2	Final Test Cartridge; Q-bert II
143F	2	Final Test Cartridge; Q-bert II
1440	2	Final Test Cartridge; Q-bert II
1441	2	Final Test Cartridge; Q-bert II
1442	2	Final Test Cartridge; Q-bert II
1443	1	Final Test Cartridge
1444	2	Final Test Cartridge; Q-bert II
1445	2	Final Test Cartridge; Q-bert II
1446	2	Final Test Cartridge; Q-bert II
1447	2	Final Test Cartridge; Q-bert II
1448	1	Final Test Cartridge
1449	1	Final Test Cartridge
144A	1	Final Test Cartridge
144B	1	Final Test Cartridge
144C	2	Final Test Cartridge; Q-bert II
144D	2	Final Test Cartridge; Monkey Academy
144E	2	Final Test Cartridge; Monkey Academy
144F	1	Final Test Cartridge
1450	1	Final Test Cartridge
1451	1	Final Test Cartridge
1452	2	Final Test Cartridge; Q-bert II
1453	2	Final Test Cartridge; Q-bert II
1454	1	Final Test Cartridge
1455	3	Final Test Cartridge; Pac-Man; Q-bert II
1456	1	Final Test Cartridge
1457	1	Final Test Cartridge
1458	2	Final Test Cartridge; Q-bert II
1459	1	Final Test Cartridge
145A	1	Final Test Cartridge
145B	2	Final Test Cartridge; Q-bert II
145C	2	Final Test Cartridge; Q-bert II
145D	1	Final Test Cartridge
145E	1	Final Test Cartridge
145F	1	Final Test Cartridge
1460	1	Final Test Cartridge
1461	1	Final Test Cartridge
1462	1	Final Test Cartridge
1463	2	Final Test Cartridge; Q-bert II
1464	2	Final Test Cartridge; Q-bert II
1465	1	Final Test Cartridge
1466	1	Final Test Cartridge
1467	1	Final Test Cartridge
1468	2	Final Test Cartridge; Q-bert II
1469	2	Final Test Cartridge; Q-bert II
146A	2	Final Test Cartridge; Q-bert II
146B	1	Final Test Cartridge
146C	2	Final Test Cartridge; Q-bert II
146D	1	Final Test Cartridge
146E	2	Final Test Cartridge; Q-bert II
146F	2	Final Test Cartridge; Q-bert II
1470	2	Final Test Cartridge; Q-bert II
1471	1	Final Test Cartridge
1472	1	Final Test Cartridge
1473	2	Final Test Cartridge; Q-bert II
1474	1	Final Test Cartridge
1475	2	Final Test Cartridge; Q-bert II
1476	1	Final Test Cartridge
1477	2	Final Test Cartridge; Q-bert II
1478	2	Final Test Cartridge; Q-bert II
1479	2	Final Test Cartridge; Q-bert II
147A	2	Final Test Cartridge; Q-bert II
147B	1	Final Test Cartridge
147C	1	Final Test Cartridge
147D	1	Final Test Cartridge
147E	1	Final Test Cartridge
147F	2	Final Test Cartridge; Q-bert II
1480	1	Final Test Cartridge
1481	1	Final Test Cartridge
1482	2	Final Test Cartridge; Q-bert II
1483	1	Final Test Cartridge
1484	1	Final Test Cartridge
1485	2	Final Test Cartridge; Q-bert II
1486	1	Final Test Cartridge
1487	2	Final Test Cartridge; Q-bert II
1488	2	Final Test Cartridge; Q-bert II
1489	2	Final Test Cartridge; Q-bert II
148A	1	Final Test Cartridge
148B	1	Final Test Cartridge
148C	1	Final Test Cartridge
148D	2	Final Test Cartridge; Q-bert II
148E	1	Final Test Cartridge
148F	2	Final Test Cartridge; Q-bert II
1490	2	Final Test Cartridge; Q-bert II
1491	1	Final Test Cartridge
1492	2	Final Test Cartridge; Q-bert II
1493	2	Final Test Cartridge; Q-bert II
1494	1	Final Test Cartridge
1495	1	Final Test Cartridge
1496	1	Final Test Cartridge
1497	2	Final Test Cartridge; Q-bert II
1498	1	Final Test Cartridge
1499	1	Final Test Cartridge
149A	1	Final Test Cartridge
149B	1	Final Test Cartridge
149C	1	Final Test Cartridge
149D	1	Final Test Cartridge
149E	2	Final Test Cartridge; Q-bert II
149F	2	Final Test Cartridge; Q-bert II
14A0	1	Final Test Cartridge
14A1	1	Final Test Cartridge
14A2	2	Final Test Cartridge; Q-bert II
14A3	2	Final Test Cartridge; Q-bert II
14A4	1	Final Test Cartridge
14A5	1	Final Test Cartridge
14A6	2	Final Test Cartridge; Q-bert II
14A7	2	Final Test Cartridge; Q-bert II
14A8	2	Final Test Cartridge; Q-bert II
14A9	2	Final Test Cartridge; Q-bert II
14AA	1	Final Test Cartridge
14AB	1	Final Test Cartridge
14AC	2	Final Test Cartridge; Monkey Academy
14AD	2	Final Test Cartridge; Monkey Academy
14AE	1	Final Test Cartridge
14AF	1	Final Test Cartridge
14B0	2	Final Test Cartridge; Q-bert II
14B1	2	Final Test Cartridge; Q-bert II
14B2	2	Final Test Cartridge; Q-bert II
14B3	1	Final Test Cartridge
14B4	1	Final Test Cartridge
14B5	1	Final Test Cartridge
14B6	1	Final Test Cartridge
14B7	2	Final Test Cartridge; Q-bert II
14B8	2	Final Test Cartridge; Q-bert II
14B9	2	Final Test Cartridge; Q-bert II
14BA	1	Final Test Cartridge
14BB	1	Final Test Cartridge
14BC	1	Final Test Cartridge
14BD	1	Final Test Cartridge
14BE	2	Final Test Cartridge; Q-bert II
14BF	2	Final Test Cartridge; Q-bert II
14C0	1	Final Test Cartridge
14C1	2	Final Test Cartridge; Q-bert II
14C2	2	Final Test Cartridge; Q-bert II
14C3	2	Final Test Cartridge; Kevtris by Kevin Horton
14C4	2	Final Test Cartridge; Kevtris by Kevin Horton
14C5	3	Final Test Cartridge; Q-bert II; Kevtris by Kevin Horton
14C6	2	Final Test Cartridge; Kevtris by Kevin Horton
14C7	3	Final Test Cartridge; Q-bert II; Kevtris by Kevin Horton
14C8	2	Final Test Cartridge; Kevtris by Kevin Horton
14C9	3	Final Test Cartridge; Q-bert II; Kevtris by Kevin Horton
14CA	3	Final Test Cartridge; Q-bert II; Kevtris by Kevin Horton
14CB	3	Final Test Cartridge; Q-bert II; Kevtris by Kevin Horton
14CC	3	Final Test Cartridge; Q-bert II; Kevtris by Kevin Horton
14CD	3	Final Test Cartridge; Q-bert II; Kevtris by Kevin Horton
14CE	2	Final Test Cartridge; Kevtris by Kevin Horton
14CF	3	Final Test Cartridge; Q-bert II; Kevtris by Kevin Horton
14D0	2	Final Test Cartridge; Kevtris by Kevin Horton
14D1	2	Final Test Cartridge; Kevtris by Kevin Horton
14D2	2	Final Test Cartridge; Kevtris by Kevin Horton
14D3	2	Final Test Cartridge; Kevtris by Kevin Horton
14D4	2	Final Test Cartridge; Kevtris by Kevin Horton
14D5	3	Final Test Cartridge; Q-bert II; Kevtris by Kevin Horton
14D6	2	Final Test Cartridge; Kevtris by Kevin Horton
14D7	2	Final Test Cartridge; Kevtris by Kevin Horton
14D8	2	Final Test Cartridge; Kevtris by Kevin Horton
14D9	3	Final Test Cartridge; Q-bert II; Kevtris by Kevin Horton
14DA	2	Final Test Cartridge; Kevtris by Kevin Horton
14DB	2	Final Test Cartridge; Kevtris by Kevin Horton
14DC	2	Final Test Cartridge; Kevtris by Kevin Horton
14DD	3	Final Test Cartridge; Q-bert II; Kevtris by Kevin Horton
14DE	3	Final Test Cartridge; Q-bert II; Kevtris by Kevin Horton
14DF	2	Final Test Cartridge; Kevtris by Kevin Horton
14E0	3	Final Test Cartridge; Q-bert II; Kevtris by Kevin Horton
14E1	2	Final Test Cartridge; Kevtris by Kevin Horton
14E2	3	Final Test Cartridge; Q-bert II; Kevtris by Kevin Horton
14E3	3	Final Test Cartridge; Q-bert II; Kevtris by Kevin Horton
14E4	2	Final Test Cartridge; Kevtris by Kevin Horton
14E5	2	Final Test Cartridge; Kevtris by Kevin Horton
14E6	2	Final Test Cartridge; Kevtris by Kevin Horton
14E7	3	Final Test Cartridge; Q-bert II; Kevtris by Kevin Horton
14E8	2	Final Test Cartridge; Kevtris by Kevin Horton
14E9	2	Final Test Cartridge; Kevtris by Kevin Horton
14EA	3	Final Test Cartridge; Q-bert II; Kevtris by Kevin Horton
14EB	2	Final Test Cartridge; Kevtris by Kevin Horton
14EC	3	Final Test Cartridge; Q-bert II; Kevtris by Kevin Horton
14ED	2	Final Test Cartridge; Kevtris by Kevin Horton
14EE	3	Final Test Cartridge; Q-bert II; Kevtris by Kevin Horton
14EF	2	Final Test Cartridge; Kevtris by Kevin Horton
14F0	3	Final Test Cartridge; Q-bert II; Kevtris by Kevin Horton
14F1	2	Final Test Cartridge; Kevtris by Kevin Horton
14F2	2	Final Test Cartridge; Kevtris by Kevin Horton
14F3	3	Final Test Cartridge; Q-bert II; Kevtris by Kevin Horton
14F4	3	Final Test Cartridge; Q-bert II; Kevtris by Kevin Horton
14F5	3	Final Test Cartridge; Q-bert II; Kevtris by Kevin Horton
14F6	2	Final Test Cartridge; Kevtris by Kevin Horton
14F7	2	Final Test Cartridge; Kevtris by Kevin Horton
14F8	2	Final Test Cartridge; Kevtris by Kevin Horton
14F9	2	Final Test Cartridge; Kevtris by Kevin Horton
14FA	2	Final Test Cartridge; Kevtris by Kevin Horton
14FB	2	Final Test Cartridge; Kevtris by Kevin Horton
14FC	3	Final Test Cartridge; Q-bert II; Kevtris by Kevin Horton
14FD	2	Final Test Cartridge; Kevtris by Kevin Horton
14FE	3	Final Test Cartridge; Q-bert II; Kevtris by Kevin Horton
14FF	2	Final Test Cartridge; Kevtris by Kevin Horton
1500	2	Final Test Cartridge; Kevtris by Kevin Horton
1501	3	Final Test Cartridge; Q-bert II; Kevtris by Kevin Horton
1502	3	Final Test Cartridge; Q-bert II; Kevtris by Kevin Horton
1503	3	Final Test Cartridge; Q-bert II; Kevtris by Kevin Horton
1504	3	Final Test Cartridge; Q-bert II; Kevtris by Kevin Horton
1505	3	Final Test Cartridge; Q-bert II; Kevtris by Kevin Horton
1506	3	Final Test Cartridge; Q-bert II; Kevtris by Kevin Horton
1507	3	Final Test Cartridge; Q-bert II; Kevtris by Kevin Horton
1508	2	Final Test Cartridge; Kevtris by Kevin Horton
1509	3	Final Test Cartridge; Q-bert II; Kevtris by Kevin Horton
150A	3	Final Test Cartridge; Q-bert II; Kevtris by Kevin Horton
150B	3	Final Test Cartridge; Q-bert II; Kevtris by Kevin Horton
150C	2	Final Test Cartridge; Kevtris by Kevin Horton
150D	3	Final Test Cartridge; Q-bert II; Kevtris by Kevin Horton
150E	3	Final Test Cartridge; Q-bert II; Kevtris by Kevin Horton
150F	3	Final Test Cartridge; Q-bert II; Kevtris by Kevin Horton
1510	2	Final Test Cartridge; Kevtris by Kevin Horton
1511	3	Final Test Cartridge; Q-bert II; Kevtris by Kevin Horton
1512	3	Final Test Cartridge; Q-bert II; Kevtris by Kevin Horton
1513	3	Final Test Cartridge; Q-bert II; Kevtris by Kevin Horton
1514	3	Final Test Cartridge; Q-bert II; Kevtris by Kevin Horton
1515	3	Final Test Cartridge; Q-bert II; Kevtris by Kevin Horton
1516	3	Final Test Cartridge; Q-bert II; Kevtris by Kevin Horton
1517	2	Final Test Cartridge; Kevtris by Kevin Horton
1518	3	Final Test Cartridge; Q-bert II; Kevtris by Kevin Horton
1519	3	Final Test Cartridge; Q-bert II; Kevtris by Kevin Horton
151A	3	Final Test Cartridge; Q-bert II; Kevtris by Kevin Horton
151B	3	Final Test Cartridge; Q-bert II; Kevtris by Kevin Horton
151C	3	Final Test Cartridge; Q-bert II; Kevtris by Kevin Horton
151D	3	Final Test Cartridge; Q-bert II; Kevtris by Kevin Horton
151E	3	Final Test Cartridge; Q-bert II; Kevtris by Kevin Horton
151F	3	Final Test Cartridge; Q-bert II; Kevtris by Kevin Horton
1520	2	Final Test Cartridge; Kevtris by Kevin Horton
1521	3	Final Test Cartridge; Q-bert II; Kevtris by Kevin Horton
1522	3	Final Test Cartridge; Q-bert II; Kevtris by Kevin Horton
1523	3	Final Test Cartridge; Q-bert II; Kevtris by Kevin Horton
1524	3	Final Test Cartridge; Q-bert II; Kevtris by Kevin Horton
1525	3	Final Test Cartridge; Q-bert II; Kevtris by Kevin Horton
1526	3	Final Test Cartridge; Q-bert II; Kevtris by Kevin Horton
1527	3	Final Test Cartridge; Q-bert II; Kevtris by Kevin Horton
1528	2	Final Test Cartridge; Kevtris by Kevin Horton
1529	3	Final Test Cartridge; Q-bert II; Kevtris by Kevin Horton
152A	3	Final Test Cartridge; Q-bert II; Kevtris by Kevin Horton
152B	4	Final Test Cartridge; Monkey Academy; Q-bert II
152C	3	Final Test Cartridge; Monkey Academy; Kevtris by Kevin Horton
152D	3	Final Test Cartridge; Q-bert II; Kevtris by Kevin Horton
152E	3	Final Test Cartridge; Q-bert II; Kevtris by Kevin Horton
152F	3	Final Test Cartridge; Q-bert II; Kevtris by Kevin Horton
1530	2	Final Test Cartridge; Kevtris by Kevin Horton
1531	4	Final Test Cartridge; Monkey Academy; Q-bert II
1532	3	Final Test Cartridge; Monkey Academy; Kevtris by Kevin Horton
1533	3	Final Test Cartridge; Q-bert II; Kevtris by Kevin Horton
1534	2	Final Test Cartridge; Kevtris by Kevin Horton
1535	3	Final Test Cartridge; Q-bert II; Kevtris by Kevin Horton
1536	3	Final Test Cartridge; Q-bert II; Kevtris by Kevin Horton
1537	3	Final Test Cartridge; Q-bert II; Kevtris by Kevin Horton
1538	2	Final Test Cartridge; Kevtris by Kevin Horton
1539	3	Final Test Cartridge; Q-bert II; Kevtris by Kevin Horton
153A	3	Final Test Cartridge; Q-bert II; Kevtris by Kevin Horton
153B	3	Final Test Cartridge; Q-bert II; Kevtris by Kevin Horton
153C	3	Final Test Cartridge; Q-bert II; Kevtris by Kevin Horton
153D	3	Final Test Cartridge; Q-bert II; Kevtris by Kevin Horton
153E	3	Final Test Cartridge; Q-bert II; Kevtris by Kevin Horton
153F	3	Final Test Cartridge; Q-bert II; Kevtris by Kevin Horton
1540	2	Final Test Cartridge; Kevtris by Kevin Horton
1541	2	Final Test Cartridge; Kevtris by Kevin Horton
1542	2	Final Test Cartridge; Kevtris by Kevin Horton
1543	3	Final Test Cartridge; Q-bert II; Kevtris by Kevin Horton
1544	2	Final Test Cartridge; Kevtris by Kevin Horton
1545	2	Final Test Cartridge; Kevtris by Kevin Horton
1546	2	Final Test Cartridge; Kevtris by Kevin Horton
1547	3	Final Test Cartridge; Q-bert II; Kevtris by Kevin Horton
1548	2	Final Test Cartridge; Kevtris by Kevin Horton
1549	3	Final Test Cartridge; Q-bert II; Kevtris by Kevin Horton
154A	2	Final Test Cartridge; Kevtris by Kevin Horton
154B	3	Final Test Cartridge; Q-bert II; Kevtris by Kevin Horton
154C	2	Final Test Cartridge; Kevtris by Kevin Horton
154D	2	Final Test Cartridge; Kevtris by Kevin Horton
154E	2	Final Test Cartridge; Kevtris by Kevin Horton
154F	3	Final Test Cartridge; Monkey Academy; Kevtris by Kevin Horton
1550	4	Final Test Cartridge; Monkey Academy; Q-bert II
1551	2	Final Test Cartridge; Kevtris by Kevin Horton
1552	3	Final Test Cartridge; Q-bert II; Kevtris by Kevin Horton
1553	2	Final Test Cartridge; Kevtris by Kevin Horton
1554	2	Final Test Cartridge; Kevtris by Kevin Horton
1555	3	Final Test Cartridge; Q-bert II; Kevtris by Kevin Horton
1556	3	Final Test Cartridge; Pac-Man; Kevtris by Kevin Horton
1557	2	Final Test Cartridge; Kevtris by Kevin Horton
1558	2	Final Test Cartridge; Kevtris by Kevin Horton
1559	2	Final Test Cartridge; Kevtris by Kevin Horton
155A	2	Final Test Cartridge; Kevtris by Kevin Horton
155B	2	Final Test Cartridge; Kevtris by Kevin Horton
155C	2	Final Test Cartridge; Kevtris by Kevin Horton
155D	2	Final Test Cartridge; Kevtris by Kevin Horton
155E	2	Final Test Cartridge; Kevtris by Kevin Horton
155F	3	Final Test Cartridge; Q-bert II; Kevtris by Kevin Horton
1560	2	Final Test Cartridge; Kevtris by Kevin Horton
1561	2	Final Test Cartridge; Kevtris by Kevin Horton
1562	2	Final Test Cartridge; Kevtris by Kevin Horton
1563	2	Final Test Cartridge; Kevtris by Kevin Horton
1564	2	Final Test Cartridge; Kevtris by Kevin Horton
1565	3	Final Test Cartridge; Q-bert II; Kevtris by Kevin Horton
1566	2	Final Test Cartridge; Kevtris by Kevin Horton
1567	2	Final Test Cartridge; Kevtris by Kevin Horton
1568	3	Final Test Cartridge; Q-bert II; Kevtris by Kevin Horton
1569	3	Final Test Cartridge; Q-bert II; Kevtris by Kevin Horton
156A	2	Final Test Cartridge; Kevtris by Kevin Horton
156B	3	Final Test Cartridge; Q-bert II; Kevtris by Kevin Horton
156C	3	Final Test Cartridge; Q-bert II; Kevtris by Kevin Horton
156D	3	Final Test Cartridge; Q-bert II; Kevtris by Kevin Horton
156E	3	Final Test Cartridge; Q-bert II; Kevtris by Kevin Horton
156F	2	Final Test Cartridge; Kevtris by Kevin Horton
1570	2	Final Test Cartridge; Kevtris by Kevin Horton
1571	2	Final Test Cartridge; Kevtris by Kevin Horton
1572	2	Final Test Cartridge; Kevtris by Kevin Horton
1573	2	Final Test Cartridge; Kevtris by Kevin Horton
1574	3	Final Test Cartridge; Q-bert II; Kevtris by Kevin Horton
1575	2	Final Test Cartridge; Kevtris by Kevin Horton
1576	2	Final Test Cartridge; Kevtris by Kevin Horton
1577	2	Final Test Cartridge; Kevtris by Kevin Horton
1578	2	Final Test Cartridge; Kevtris by Kevin Horton
1579	3	Final Test Cartridge; Q-bert II; Kevtris by Kevin Horton
157A	3	Final Test Cartridge; Q-bert II; Kevtris by Kevin Horton
157B	2	Final Test Cartridge; Kevtris by Kevin Horton
157C	2	Final Test Cartridge; Kevtris by Kevin Horton
157D	2	Final Test Cartridge; Kevtris by Kevin Horton
157E	2	Final Test Cartridge; Kevtris by Kevin Horton
157F	2	Final Test Cartridge; Kevtris by Kevin Horton
1580	2	Final Test Cartridge; Kevtris by Kevin Horton
1581	3	Final Test Cartridge; Q-bert II; Kevtris by Kevin Horton
1582	3	Final Test Cartridge; Q-bert II; Kevtris by Kevin Horton
1583	3	Final Test Cartridge; Q-bert II; Kevtris by Kevin Horton
1584	2	Final Test Cartridge; Kevtris by Kevin Horton
1585	3	Final Test Cartridge; Q-bert II; Kevtris by Kevin Horton
1586	3	Final Test Cartridge; Q-bert II; Kevtris by Kevin Horton
1587	3	Final Test Cartridge; Q-bert II; Kevtris by Kevin Horton
1588	2	Final Test Cartridge; Kevtris by Kevin Horton
1589	3	Final Test Cartridge; Q-bert II; Kevtris by Kevin Horton
158A	3	Final Test Cartridge; Q-bert II; Kevtris by Kevin Horton
158B	26	Final Test Cartridge; Flipper Slipper; Illusions
158C	25	Final Test Cartridge; Flipper Slipper; Illusions
158D	25	Final Test Cartridge; Flipper Slipper; Illusions
158E	26	Final Test Cartridge; Flipper Slipper; Illusions
158F	26	Final Test Cartridge; Flipper Slipper; Illusions
1590	25	Final Test Cartridge; Flipper Slipper; Illusions
1591	25	Final Test Cartridge; Flipper Slipper; Illusions
1592	26	Final Test Cartridge; Flipper Slipper; Illusions
1593	24	Final Test Cartridge; Flipper Slipper; Sector Alpha
1594	25	Final Test Cartridge; Flipper Slipper; Q-bert II
1595	24	Final Test Cartridge; Flipper Slipper; Sector Alpha
1596	25	Final Test Cartridge; Flipper Slipper; Q-bert II
1597	24	Final Test Cartridge; Flipper Slipper; Sector Alpha
1598	25	Final Test Cartridge; Flipper Slipper; Q-bert II
1599	25	Final Test Cartridge; Flipper Slipper; Q-bert II
159A	25	Final Test Cartridge; Flipper Slipper; Q-bert II
159B	25	Final Test Cartridge; Flipper Slipper; Sector Alpha
159C	25	Final Test Cartridge; Flipper Slipper; Sector Alpha
159D	26	Final Test Cartridge; Flipper Slipper; Q-bert II
159E	26	Final Test Cartridge; Flipper Slipper; Q-bert II
159F	26	Final Test Cartridge; Flipper Slipper; Q-bert II
15A0	25	Final Test Cartridge; Flipper Slipper; Sector Alpha
15A1	25	Final Test Cartridge; Flipper Slipper; Sector Alpha
15A2	25	Final Test Cartridge; Flipper Slipper; Sector Alpha
15A3	28	Defender; Final Test Cartridge; Flipper Slipper
15A4	27	Defender; Final Test Cartridge; Flipper Slipper
15A5	28	Defender; Final Test Cartridge; Flipper Slipper
15A6	27	Defender; Final Test Cartridge; Flipper Slipper
15A7	28	Defender; Final Test Cartridge; Flipper Slipper
15A8	28	Defender; Final Test Cartridge; Flipper Slipper
15A9	28	Defender; Final Test Cartridge; Flipper Slipper
15AA	27	Defender; Final Test Cartridge; Flipper Slipper
15AB	29	Brain Strainers; Defender; Final Test Cartridge
15AC	28	Brain Strainers; Defender; Final Test Cartridge
15AD	28	Brain Strainers; Defender; Final Test Cartridge
15AE	28	Brain Strainers; Defender; Final Test Cartridge
15AF	28	Brain Strainers; Defender; Final Test Cartridge
15B0	28	Brain Strainers; Defender; Final Test Cartridge
15B1	28	Brain Strainers; Defender; Final Test Cartridge
15B2	28	Brain Strainers; Defender; Final Test Cartridge
15B3	29	Brain Strainers; Defender; Final Test Cartridge
15B4	29	Brain Strainers; Defender; Final Test Cartridge
15B5	28	Brain Strainers; Defender; Final Test Cartridge
15B6	28	Brain Strainers; Defender; Final Test Cartridge
15B7	28	Brain Strainers; Defender; Final Test Cartridge
15B8	28	Brain Strainers; Defender; Final Test Cartridge
15B9	28	Brain Strainers; Defender; Final Test Cartridge
15BA	29	Brain Strainers; Defender; Final Test Cartridge
15BB	28	Brain Strainers; Defender; Final Test Cartridge
15BC	29	Brain Strainers; Defender; Final Test Cartridge
15BD	29	Brain Strainers; Defender; Final Test Cartridge
15BE	28	Brain Strainers; Defender; Final Test Cartridge
15BF	29	Brain Strainers; Defender; Final Test Cartridge
15C0	28	Brain Strainers; Defender; Final Test Cartridge
15C1	28	Brain Strainers; Defender; Final Test Cartridge
15C2	29	Brain Strainers; Defender; Final Test Cartridge
15C3	28	Brain Strainers; Defender; Final Test Cartridge
15C4	29	Brain Strainers; Defender; Final Test Cartridge
15C5	28	Brain Strainers; Defender; Final Test Cartridge
15C6	28	Brain Strainers; Defender; Final Test Cartridge
15C7	29	Brain Strainers; Defender; Final Test Cartridge
15C8	28	Brain Strainers; Defender; Final Test Cartridge
15C9	29	Brain Strainers; Defender; Final Test Cartridge
15CA	29	Brain Strainers; Defender; Final Test Cartridge
15CB	28	Brain Strainers; Defender; Final Test Cartridge
15CC	29	Brain Strainers; Defender; Final Test Cartridge
15CD	28	Brain Strainers; Defender; Final Test Cartridge
15CE	29	Brain Strainers; Defender; Final Test Cartridge
15CF	28	Brain Strainers; Defender; Final Test Cartridge
15D0	28	Brain Strainers; Defender; Final Test Cartridge
15D1	29	Brain Strainers; Defender; Final Test Cartridge
15D2	29	Brain Strainers; Defender; Final Test Cartridge
15D3	29	Brain Strainers; Defender; Final Test Cartridge
15D4	29	Brain Strainers; Defender; Final Test Cartridge
15D5	29	Brain Strainers; Defender; Final Test Cartridge
15D6	29	Brain Strainers; Defender; Final Test Cartridge
15D7	28	Brain Strainers; Defender; Final Test Cartridge
15D8	28	Brain Strainers; Defender; Final Test Cartridge
15D9	28	Brain Strainers; Defender; Final Test Cartridge
15DA	28	Brain Strainers; Defender; Final Test Cartridge
15DB	28	Brain Strainers; Defender; Final Test Cartridge
15DC	28	Brain Strainers; Defender; Final Test Cartridge
15DD	29	Brain Strainers; Defender; Final Test Cartridge
15DE	28	Brain Strainers; Defender; Final Test Cartridge
15DF	28	Brain Strainers; Defender; Final Test Cartridge
15E0	28	Brain Strainers; Defender; Final Test Cartridge
15E1	28	Brain Strainers; Defender; Final Test Cartridge
15E2	28	Brain Strainers; Defender; Final Test Cartridge
15E3	28	Brain Strainers; Defender; Final Test Cartridge
15E4	29	Brain Strainers; Defender; Final Test Cartridge
15E5	28	Brain Strainers; Defender; Final Test Cartridge
15E6	29	Brain Strainers; Defender; Final Test Cartridge
15E7	28	Brain Strainers; Defender; Final Test Cartridge
15E8	29	Brain Strainers; Defender; Final Test Cartridge
15E9	28	Brain Strainers; Defender; Final Test Cartridge
15EA	29	Brain Strainers; Defender; Final Test Cartridge
15EB	29	Brain Strainers; Defender; Final Test Cartridge
15EC	28	Brain Strainers; Defender; Final Test Cartridge
15ED	28	Brain Strainers; Defender; Final Test Cartridge
15EE	29	Brain Strainers; Defender; Final Test Cartridge
15EF	29	Brain Strainers; Defender; Final Test Cartridge
15F0	29	Brain Strainers; Defender; Final Test Cartridge
15F1	28	Brain Strainers; Defender; Final Test Cartridge
15F2	28	Brain Strainers; Defender; Final Test Cartridge
15F3	28	Brain Strainers; Defender; Final Test Cartridge
15F4	29	Brain Strainers; Defender; Final Test Cartridge
15F5	29	Brain Strainers; Defender; Final Test Cartridge
15F6	29	Brain Strainers; Defender; Final Test Cartridge
15F7	29	Brain Strainers; Defender; Final Test Cartridge
15F8	28	Brain Strainers; Defender; Final Test Cartridge
15F9	29	Brain Strainers; Defender; Final Test Cartridge
15FA	29	Brain Strainers; Defender; Final Test Cartridge
15FB	29	Brain Strainers; Defender; Final Test Cartridge
15FC	28	Brain Strainers; Defender; Final Test Cartridge
15FD	28	Brain Strainers; Defender; Final Test Cartridge
15FE	28	Brain Strainers; Defender; Final Test Cartridge
15FF	28	Brain Strainers; Defender; Final Test Cartridge
1600	28	Brain Strainers; Defender; Final Test Cartridge
1601	29	Brain Strainers; Defender; Final Test Cartridge
1602	29	Brain Strainers; Defender; Final Test Cartridge
1603	29	Brain Strainers; Defender; Final Test Cartridge
1604	29	Brain Strainers; Defender; Final Test Cartridge
1605	29	Brain Strainers; Defender; Final Test Cartridge
1606	29	Brain Strainers; Defender; Final Test Cartridge
1607	29	Brain Strainers; Defender; Final Test Cartridge
1608	29	Brain Strainers; Defender; Final Test Cartridge
1609	29	Brain Strainers; Defender; Final Test Cartridge
160A	29	Brain Strainers; Defender; Final Test Cartridge
160B	30	Brain Strainers; Defender; Final Test Cartridge
160C	30	Brain Strainers; Defender; Final Test Cartridge
160D	30	Brain Strainers; Defender; Final Test Cartridge
160E	30	Brain Strainers; Defender; Final Test Cartridge
160F	30	Brain Strainers; Defender; Final Test Cartridge
1610	29	Brain Strainers; Defender; Final Test Cartridge
1611	30	Brain Strainers; Defender; Final Test Cartridge
1612	30	Brain Strainers; Defender; Final Test Cartridge
1613	31	Brain Strainers; Defender; Final Test Cartridge
1614	30	Brain Strainers; Defender; Final Test Cartridge
1615	31	Brain Strainers; Defender; Final Test Cartridge
1616	31	Brain Strainers; Defender; Final Test Cartridge
1617	31	Brain Strainers; Defender; Final Test Cartridge
1618	31	Brain Strainers; Defender; Final Test Cartridge
1619	30	Brain Strainers; Defender; Final Test Cartridge
161A	31	Brain Strainers; Defender; Final Test Cartridge
161B	30	Brain Strainers; Defender; Final Test Cartridge
161C	29	Brain Strainers; Defender; Final Test Cartridge
161D	30	Brain Strainers; Defender; Final Test Cartridge
161E	30	Brain Strainers; Defender; Final Test Cartridge
161F	30	Brain Strainers; Defender; Final Test Cartridge
1620	30	Brain Strainers; Defender; Final Test Cartridge
1621	30	Brain Strainers; Defender; Final Test Cartridge
1622	30	Brain Strainers; Defender; Final Test Cartridge
1623	38	Brain Strainers; Choplifter; Defender
1624	39	Brain Strainers; Choplifter; Defender
1625	39	Brain Strainers; Choplifter; Defender
1626	39	Brain Strainers; Choplifter; Defender
1627	39	Brain Strainers; Choplifter; Defender
1628	38	Brain Strainers; Choplifter; Defender
1629	39	Brain Strainers; Choplifter; Defender
162A	39	Brain Strainers; Choplifter; Defender
162B	38	Brain Strainers; Choplifter; Defender
162C	37	Brain Strainers; Choplifter; Defender
162D	38	Brain Strainers; Choplifter; Defender
162E	38	Brain Strainers; Choplifter; Defender
162F	38	Brain Strainers; Choplifter; Defender
1630	37	Brain Strainers; Choplifter; Defender
1631	38	Brain Strainers; Choplifter; Defender
1632	38	Brain Strainers; Choplifter; Defender
1633	38	Brain Strainers; Choplifter; Defender
1634	38	Brain Strainers; Choplifter; Defender
1635	38	Brain Strainers; Choplifter; Defender
1636	38	Brain Strainers; Choplifter; Defender
1637	38	Brain Strainers; Choplifter; Defender
1638	37	Brain Strainers; Choplifter; Defender
1639	38	Brain Strainers; Choplifter; Defender
163A	38	Brain Strainers; Choplifter; Defender
163B	36	Brain Strainers; Choplifter; Defender
163C	35	Brain Strainers; Choplifter; Defender
163D	36	Brain Strainers; Choplifter; Defender
163E	36	Brain Strainers; Choplifter; Defender
163F	36	Brain Strainers; Choplifter; Defender
1640	36	Brain Strainers; Choplifter; Defender
1641	36	Brain Strainers; Choplifter; Defender
1642	35	Brain Strainers; Choplifter; Defender
1643	36	Brain Strainers; Choplifter; Defender
1644	35	Brain Strainers; Choplifter; Defender
1645	35	Brain Strainers; Choplifter; Defender
1646	36	Brain Strainers; Choplifter; Defender
1647	35	Brain Strainers; Choplifter; Defender
1648	36	Brain Strainers; Choplifter; Defender
1649	36	Brain Strainers; Choplifter; Defender
164A	35	Brain Strainers; Choplifter; Defender
164B	37	Brain Strainers; Choplifter; Defender
164C	37	Brain Strainers; Choplifter; Defender
164D	37	Brain Strainers; Choplifter; Defender
164E	38	Brain Strainers; Choplifter; Defender
164F	37	Brain Strainers; Choplifter; Defender
1650	37	Brain Strainers; Choplifter; Defender
1651	37	Brain Strainers; Choplifter; Defender
1652	38	Brain Strainers; Choplifter; Defender
1653	36	Brain Strainers; Choplifter; Defender
1654	37	Brain Strainers; Choplifter; Defender
1655	37	Brain Strainers; Choplifter; Defender
1656	36	Brain Strainers; Choplifter; Defender
1657	38	Brain Strainers; Choplifter; Defender
1658	36	Brain Strainers; Choplifter; Defender
1659	37	Brain Strainers; Choplifter; Defender
165A	37	Brain Strainers; Choplifter; Defender
165B	37	Brain Strainers; Choplifter; Defender
165C	36	Brain Strainers; Choplifter; Defender
165D	37	Brain Strainers; Choplifter; Defender
165E	37	Brain Strainers; Choplifter; Defender
165F	36	Brain Strainers; Choplifter; Defender
1660	36	Brain Strainers; Choplifter; Defender
1661	36	Brain Strainers; Choplifter; Defender
1662	36	Brain Strainers; Choplifter; Defender
1663	36	Brain Strainers; Choplifter; Defender
1664	36	Brain Strainers; Choplifter; Defender
1665	35	Brain Strainers; Choplifter; Defender
1666	35	Brain Strainers; Choplifter; Defender
1667	35	Brain Strainers; Choplifter; Defender
1668	36	Brain Strainers; Choplifter; Defender
1669	36	Brain Strainers; Choplifter; Defender
166A	35	Brain Strainers; Choplifter; Defender
166B	37	Brain Strainers; Choplifter; Defender
166C	37	Brain Strainers; Choplifter; Defender
166D	37	Brain Strainers; Choplifter; Defender
166E	37	Brain Strainers; Choplifter; Defender
166F	37	Brain Strainers; Choplifter; Defender
1670	36	Brain Strainers; Choplifter; Defender
1671	37	Brain Strainers; Choplifter; Defender
1672	35	Brain Strainers; Choplifter; Defender
1673	30	Brain Strainers; Defender; Final Test Cartridge
1674	30	Brain Strainers; Defender; Final Test Cartridge
1675	30	Brain Strainers; Defender; Final Test Cartridge
1676	30	Brain Strainers; Defender; Final Test Cartridge
1677	31	Brain Strainers; Defender; Final Test Cartridge
1678	30	Brain Strainers; Defender; Final Test Cartridge
1679	31	Brain Strainers; Defender; Final Test Cartridge
167A	30	Brain Strainers; Defender; Final Test Cartridge
167B	29	Brain Strainers; Defender; Final Test Cartridge
167C	30	Brain Strainers; Defender; Final Test Cartridge
167D	30	Brain Strainers; Defender; Final Test Cartridge
167E	30	Brain Strainers; Defender; Final Test Cartridge
167F	29	Brain Strainers; Defender; Final Test Cartridge
1680	29	Brain Strainers; Defender; Final Test Cartridge
1681	29	Brain Strainers; Defender; Final Test Cartridge
1682	29	Brain Strainers; Defender; Final Test Cartridge
1683	29	Brain Strainers; Defender; Final Test Cartridge
1684	29	Brain Strainers; Defender; Final Test Cartridge
1685	30	Brain Strainers; Defender; Final Test Cartridge
1686	29	Brain Strainers; Defender; Final Test Cartridge
1687	29	Brain Strainers; Defender; Final Test Cartridge
1688	29	Brain Strainers; Defender; Final Test Cartridge
1689	29	Brain Strainers; Defender; Final Test Cartridge
168A	29	Brain Strainers; Defender; Final Test Cartridge
168B	29	Brain Strainers; Defender; Final Test Cartridge
168C	29	Brain Strainers; Defender; Final Test Cartridge
168D	29	Brain Strainers; Defender; Final Test Cartridge
168E	29	Brain Strainers; Defender; Final Test Cartridge
168F	29	Brain Strainers; Defender; Final Test Cartridge
1690	29	Brain Strainers; Defender; Final Test Cartridge
1691	29	Brain Strainers; Defender; Final Test Cartridge
1692	29	Brain Strainers; Defender; Final Test Cartridge
1693	29	Brain Strainers; Defender; Final Test Cartridge
1694	29	Brain Strainers; Defender; Final Test Cartridge
1695	30	Brain Strainers; Defender; Final Test Cartridge
1696	29	Brain Strainers; Defender; Final Test Cartridge
1697	29	Brain Strainers; Defender; Final Test Cartridge
1698	29	Brain Strainers; Defender; Final Test Cartridge
1699	29	Brain Strainers; Defender; Final Test Cartridge
169A	29	Brain Strainers; Defender; Final Test Cartridge
169B	29	Brain Strainers; Defender; Final Test Cartridge
169C	29	Brain Strainers; Defender; Final Test Cartridge
169D	29	Brain Strainers; Defender; Final Test Cartridge
169E	30	Brain Strainers; Defender; Final Test Cartridge
169F	29	Brain Strainers; Defender; Final Test Cartridge
16A0	29	Brain Strainers; Defender; Final Test Cartridge
16A1	29	Brain Strainers; Defender; Final Test Cartridge
16A2	29	Brain Strainers; Defender; Final Test Cartridge
16A3	29	Brain Strainers; Defender; Final Test Cartridge
16A4	29	Brain Strainers; Defender; Final Test Cartridge
16A5	29	Brain Strainers; Defender; Final Test Cartridge
16A6	29	Brain Strainers; Defender; Final Test Cartridge
16A7	29	Brain Strainers; Defender; Final Test Cartridge
16A8	29	Brain Strainers; Defender; Final Test Cartridge
16A9	29	Brain Strainers; Defender; Final Test Cartridge
16AA	29	Brain Strainers; Defender; Final Test Cartridge
16AB	35	Brain Strainers; Choplifter; Defender
16AC	35	Brain Strainers; Choplifter; Defender
16AD	35	Brain Strainers; Choplifter; Defender
16AE	35	Brain Strainers; Choplifter; Defender
16AF	35	Brain Strainers; Choplifter; Defender
16B0	35	Brain Strainers; Choplifter; Defender
16B1	35	Brain Strainers; Choplifter; Defender
16B2	35	Brain Strainers; Choplifter; Defender
16B3	34	Brain Strainers; Choplifter; Defender
16B4	34	Brain Strainers; Choplifter; Defender
16B5	34	Brain Strainers; Choplifter; Defender
16B6	34	Brain Strainers; Choplifter; Defender
16B7	34	Brain Strainers; Choplifter; Defender
16B8	34	Brain Strainers; Choplifter; Defender
16B9	35	Brain Strainers; Choplifter; Defender
16BA	34	Brain Strainers; Choplifter; Defender
16BB	33	Brain Strainers; Choplifter; Defender
16BC	33	Brain Strainers; Choplifter; Defender
16BD	33	Brain Strainers; Choplifter; Defender
16BE	33	Brain Strainers; Choplifter; Defender
16BF	33	Brain Strainers; Choplifter; Defender
16C0	34	Brain Strainers; Choplifter; Defender
16C1	33	Brain Strainers; Choplifter; Defender
16C2	33	Brain Strainers; Choplifter; Defender
16C3	36	Brain Strainers; Choplifter; Defender
16C4	36	Brain Strainers; Choplifter; Defender
16C5	36	Brain Strainers; Choplifter; Defender
16C6	36	Brain Strainers; Choplifter; Defender
16C7	37	Brain Strainers; Choplifter; Defender
16C8	36	Brain Strainers; Choplifter; Defender
16C9	36	Brain Strainers; Choplifter; Defender
16CA	36	Brain Strainers; Choplifter; Defender
16CB	36	Brain Strainers; Choplifter; Defender
16CC	36	Brain Strainers; Choplifter; Defender
16CD	36	Brain Strainers; Choplifter; Defender
16CE	36	Brain Strainers; Choplifter; Defender
16CF	36	Brain Strainers; Choplifter; Defender
16D0	36	Brain Strainers; Choplifter; Defender
16D1	36	Brain Strainers; Choplifter; Defender
16D2	36	Brain Strainers; Choplifter; Defender
16D3	33	Brain Strainers; Choplifter; Defender
16D4	33	Brain Strainers; Choplifter; Defender
16D5	33	Brain Strainers; Choplifter; Defender
16D6	33	Brain Strainers; Choplifter; Defender
16D7	33	Brain Strainers; Choplifter; Defender
16D8	33	Brain Strainers; Choplifter; Defender
16D9	33	Brain Strainers; Choplifter; Defender
16DA	33	Brain Strainers; Choplifter; Defender
16DB	35	Brain Strainers; Choplifter; Defender
16DC	35	Brain Strainers; Choplifter; Defender
16DD	35	Brain Strainers; Choplifter; Defender
16DE	35	Brain Strainers; Choplifter; Defender
16DF	35	Brain Strainers; Choplifter; Defender
16E0	35	Brain Strainers; Choplifter; Defender
16E1	35	Brain Strainers; Choplifter; Defender
16E2	36	Brain Strainers; Choplifter; Defender
16E3	33	Brain Strainers; Choplifter; Defender
16E4	33	Brain Strainers; Choplifter; Defender
16E5	33	Brain Strainers; Choplifter; Defender
16E6	33	Brain Strainers; Choplifter; Defender
16E7	33	Brain Strainers; Choplifter; Defender
16E8	33	Brain Strainers; Choplifter; Defender
16E9	33	Brain Strainers; Choplifter; Defender
16EA	33	Brain Strainers; Choplifter; Defender
16EB	34	Brain Strainers; Choplifter; Defender
16EC	34	Brain Strainers; Choplifter; Defender
16ED	34	Brain Strainers; Choplifter; Defender
16EE	34	Brain Strainers; Choplifter; Defender
16EF	34	Brain Strainers; Choplifter; Defender
16F0	34	Brain Strainers; Choplifter; Defender
16F1	35	Brain Strainers; Choplifter; Defender
16F2	34	Brain Strainers; Choplifter; Defender
16F3	31	Brain Strainers; Choplifter; Defender
16F4	31	Brain Strainers; Choplifter; Defender
16F5	31	Brain Strainers; Choplifter; Defender
16F6	31	Brain Strainers; Choplifter; Defender
16F7	31	Brain Strainers; Choplifter; Defender
16F8	31	Brain Strainers; Choplifter; Defender
16F9	32	Brain Strainers; Choplifter; Defender
16FA	31	Brain Strainers; Choplifter; Defender
16FB	32	Brain Strainers; Choplifter; Defender
16FC	33	Brain Strainers; Choplifter; Defender
16FD	32	Brain Strainers; Choplifter; Defender
16FE	32	Brain Strainers; Choplifter; Defender
16FF	32	Brain Strainers; Choplifter; Defender
1700	32	Brain Strainers; Choplifter; Defender
1701	33	Brain Strainers; Choplifter; Defender
1702	33	Brain Strainers; Choplifter; Defender
1703	36	Brain Strainers; Choplifter; Defender
1704	36	Brain Strainers; Choplifter; Defender
1705	36	Brain Strainers; Choplifter; Defender
1706	35	Brain Strainers; Choplifter; Defender
1707	36	Brain Strainers; Choplifter; Defender
1708	35	Brain Strainers; Choplifter; Defender
1709	36	Brain Strainers; Choplifter; Defender
170A	36	Brain Strainers; Choplifter; Defender
170B	36	Brain Strainers; Choplifter; Defender
170C	36	Brain Strainers; Choplifter; Defender
170D	36	Brain Strainers; Choplifter; Defender
170E	36	Brain Strainers; Choplifter; Defender
170F	36	Brain Strainers; Choplifter; Defender
1710	35	Brain Strainers; Choplifter; Defender
1711	36	Brain Strainers; Choplifter; Defender
1712	36	Brain Strainers; Choplifter; Defender
1713	37	Brain Strainers; Choplifter; Defender
1714	36	Brain Strainers; Choplifter; Defender
1715	37	Brain Strainers; Choplifter; Defender
1716	37	Brain Strainers; Choplifter; Defender
1717	37	Brain Strainers; Choplifter; Defender
1718	36	Brain Strainers; Choplifter; Defender
1719	37	Brain Strainers; Choplifter; Defender
171A	37	Brain Strainers; Choplifter; Defender
171B	37	Brain Strainers; Choplifter; Defender
171C	36	Brain Strainers; Choplifter; Defender
171D	37	Brain Strainers; Choplifter; Defender
171E	37	Brain Strainers; Choplifter; Defender
171F	37	Brain Strainers; Choplifter; Defender
1720	36	Brain Strainers; Choplifter; Defender
1721	37	Brain Strainers; Choplifter; Defender
1722	37	Brain Strainers; Choplifter; Defender
1723	37	Brain Strainers; Choplifter; Defender
1724	37	Brain Strainers; Choplifter; Defender
1725	37	Brain Strainers; Choplifter; Defender
1726	37	Brain Strainers; Choplifter; Defender
1727	37	Brain Strainers; Choplifter; Defender
1728	36	Brain Strainers; Choplifter; Defender
1729	37	Brain Strainers; Choplifter; Defender
172A	36	Brain Strainers; Choplifter; Defender
172B	32	Brain Strainers; Choplifter; Defender
172C	32	Brain Strainers; Choplifter; Defender
172D	32	Brain Strainers; Choplifter; Defender
172E	32	Brain Strainers; Choplifter; Defender
172F	32	Brain Strainers; Choplifter; Defender
1730	31	Brain Strainers; Choplifter; Defender
1731	32	Brain Strainers; Choplifter; Defender
1732	32	Brain Strainers; Choplifter; Defender
1733	37	Brain Strainers; Choplifter; Defender
1734	37	Brain Strainers; Choplifter; Defender
1735	37	Brain Strainers; Choplifter; Defender
1736	37	Brain Strainers; Choplifter; Defender
1737	36	Brain Strainers; Choplifter; Defender
1738	36	Brain Strainers; Choplifter; Defender
1739	37	Brain Strainers; Choplifter; Defender
173A	37	Brain Strainers; Choplifter; Defender
173B	37	Brain Strainers; Choplifter; Defender
173C	37	Brain Strainers; Choplifter; Defender
173D	37	Brain Strainers; Choplifter; Defender
173E	37	Brain Strainers; Choplifter; Defender
173F	37	Brain Strainers; Choplifter; Defender
1740	36	Brain Strainers; Choplifter; Defender
1741	36	Brain Strainers; Choplifter; Defender
1742	36	Brain Strainers; Choplifter; Defender
1743	36	Brain Strainers; Choplifter; Defender
1744	36	Brain Strainers; Choplifter; Defender
1745	36	Brain Strainers; Choplifter; Defender
1746	36	Brain Strainers; Choplifter; Defender
1747	36	Brain Strainers; Choplifter; Defender
1748	36	Brain Strainers; Choplifter; Defender
1749	36	Brain Strainers; Choplifter; Defender
174A	36	Brain Strainers; Choplifter; Defender
174B	34	Brain Strainers; Choplifter; Defender
174C	35	Brain Strainers; Choplifter; Defender
174D	34	Brain Strainers; Choplifter; Defender
174E	34	Brain Strainers; Choplifter; Defender
174F	35	Brain Strainers; Choplifter; Defender
1750	34	Brain Strainers; Choplifter; Defender
1751	34	Brain Strainers; Choplifter; Defender
1752	35	Brain Strainers; Choplifter; Defender
1753	37	Brain Strainers; Choplifter; Defender
1754	36	Brain Strainers; Choplifter; Defender
1755	37	Brain Strainers; Choplifter; Defender
1756	36	Brain Strainers; Choplifter; Defender
1757	37	Brain Strainers; Choplifter; Defender
1758	37	Brain Strainers; Choplifter; Defender
1759	37	Brain Strainers; Choplifter; Defender
175A	36	Brain Strainers; Choplifter; Defender
175B	33	Brain Strainers; Choplifter; Defender
175C	32	Brain Strainers; Choplifter; Defender
175D	33	Brain Strainers; Choplifter; Defender
175E	32	Brain Strainers; Choplifter; Defender
175F	32	Brain Strainers; Choplifter; Defender
1760	32	Brain Strainers; Choplifter; Defender
1761	32	Brain Strainers; Choplifter; Defender
1762	33	Brain Strainers; Choplifter; Defender
1763	31	Brain Strainers; Choplifter; Defender
1764	31	Brain Strainers; Choplifter; Defender
1765	31	Brain Strainers; Choplifter; Defender
1766	31	Brain Strainers; Choplifter; Defender
1767	32	Brain Strainers; Choplifter; Defender
1768	31	Brain Strainers; Choplifter; Defender
1769	32	Brain Strainers; Choplifter; Defender
176A	32	Brain Strainers; Choplifter; Defender
176B	35	Brain Strainers; Choplifter; Defender
176C	35	Brain Strainers; Choplifter; Defender
176D	36	Brain Strainers; Choplifter; Defender
176E	35	Brain Strainers; Choplifter; Defender
176F	36	Brain Strainers; Choplifter; Defender
1770	35	Brain Strainers; Choplifter; Defender
1771	35	Brain Strainers; Choplifter; Defender
1772	35	Brain Strainers; Choplifter; Defender
1773	31	Brain Strainers; Choplifter; Defender
1774	31	Brain Strainers; Choplifter; Defender
1775	31	Brain Strainers; Choplifter; Defender
1776	31	Brain Strainers; Choplifter; Defender
1777	31	Brain Strainers; Choplifter; Defender
1778	31	Brain Strainers; Choplifter; Defender
1779	31	Brain Strainers; Choplifter; Defender
177A	31	Brain Strainers; Choplifter; Defender
177B	24	Defender; Final Test Cartridge; Illusions
177C	24	Defender; Final Test Cartridge; Illusions
177D	24	Defender; Final Test Cartridge; Illusions
177E	25	Defender; Final Test Cartridge; Illusions
177F	24	Defender; Final Test Cartridge; Illusions
1780	25	Defender; Final Test Cartridge; Illusions
1781	24	Defender; Final Test Cartridge; Illusions
1782	25	Defender; Final Test Cartridge; Illusions
1783	25	Defender; Final Test Cartridge; Illusions
1784	25	Defender; Final Test Cartridge; Illusions
1785	25	Defender; Final Test Cartridge; Illusions
1786	24	Defender; Final Test Cartridge; Illusions
1787	25	Defender; Final Test Cartridge; Illusions
1788	25	Defender; Final Test Cartridge; Illusions
1789	25	Defender; Final Test Cartridge; Illusions
178A	25	Defender; Final Test Cartridge; Illusions
178B	25	Defender; Final Test Cartridge; Illusions
178C	25	Defender; Final Test Cartridge; Illusions
178D	25	Defender; Final Test Cartridge; Illusions
178E	25	Defender; Final Test Cartridge; Illusions
178F	24	Defender; Final Test Cartridge; Illusions
1790	24	Defender; Final Test Cartridge; Illusions
1791	25	Defender; Final Test Cartridge; Illusions
1792	24	Defender; Final Test Cartridge; Illusions
1793	25	Defender; Final Test Cartridge; Illusions
1794	25	Defender; Final Test Cartridge; Illusions
1795	24	Defender; Final Test Cartridge; Illusions
1796	25	Defender; Final Test Cartridge; Illusions
1797	24	Defender; Final Test Cartridge; Illusions
1798	24	Defender; Final Test Cartridge; Illusions
1799	24	Defender; Final Test Cartridge; Illusions
179A	25	Defender; Final Test Cartridge; Illusions
179B	26	Defender; Final Test Cartridge; Illusions
179C	26	Defender; Final Test Cartridge; Illusions
179D	25	Defender; Final Test Cartridge; Illusions
179E	25	Defender; Final Test Cartridge; Illusions
179F	25	Defender; Final Test Cartridge; Illusions
17A0	26	Defender; Final Test Cartridge; Illusions
17A1	26	Defender; Final Test Cartridge; Illusions
17A2	25	Defender; Final Test Cartridge; Illusions
17A3	24	Defender; Final Test Cartridge; Illusions
17A4	24	Defender; Final Test Cartridge; Illusions
17A5	24	Defender; Final Test Cartridge; Illusions
17A6	25	Defender; Final Test Cartridge; Illusions
17A7	25	Defender; Final Test Cartridge; Illusions
17A8	24	Defender; Final Test Cartridge; Illusions
17A9	25	Defender; Final Test Cartridge; Illusions
17AA	25	Defender; Final Test Cartridge; Illusions
17AB	25	Defender; Final Test Cartridge; Illusions
17AC	24	Defender; Final Test Cartridge; Illusions
17AD	25	Defender; Final Test Cartridge; Illusions
17AE	25	Defender; Final Test Cartridge; Illusions
17AF	24	Defender; Final Test Cartridge; Illusions
17B0	24	Defender; Final Test Cartridge; Illusions
17B1	25	Defender; Final Test Cartridge; Illusions
17B2	24	Defender; Final Test Cartridge; Illusions
17B3	25	Defender; Final Test Cartridge; Illusions
17B4	24	Defender; Final Test Cartridge; Illusions
17B5	24	Defender; Final Test Cartridge; Illusions
17B6	25	Defender; Final Test Cartridge; Illusions
17B7	25	Defender; Final Test Cartridge; Illusions
17B8	24	Defender; Final Test Cartridge; Illusions
17B9	24	Defender; Final Test Cartridge; Illusions
17BA	24	Defender; Final Test Cartridge; Illusions
17BB	25	Defender; Final Test Cartridge; Illusions
17BC	25	Defender; Final Test Cartridge; Illusions
17BD	25	Defender; Final Test Cartridge; Illusions
17BE	24	Defender; Final Test Cartridge; Illusions
17BF	25	Defender; Final Test Cartridge; Illusions
17C0	25	Defender; Final Test Cartridge; Illusions
17C1	24	Defender; Final Test Cartridge; Illusions
17C2	25	Defender; Final Test Cartridge; Illusions
17C3	25	Defender; Final Test Cartridge; Illusions
17C4	25	Defender; Final Test Cartridge; Illusions
17C5	24	Defender; Final Test Cartridge; Illusions
17C6	25	Defender; Final Test Cartridge; Illusions
17C7	24	Defender; Final Test Cartridge; Illusions
17C8	24	Defender; Final Test Cartridge; Illusions
17C9	24	Defender; Final Test Cartridge; Illusions
17CA	25	Defender; Final Test Cartridge; Illusions
17CB	25	Defender; Final Test Cartridge; Illusions
17CC	25	Defender; Final Test Cartridge; Illusions
17CD	24	Defender; Final Test Cartridge; Illusions
17CE	24	Defender; Final Test Cartridge; Illusions
17CF	24	Defender; Final Test Cartridge; Illusions
17D0	25	Defender; Final Test Cartridge; Illusions
17D1	24	Defender; Final Test Cartridge; Illusions
17D2	24	Defender; Final Test Cartridge; Illusions
17D3	25	Defender; Final Test Cartridge; Illusions
17D4	25	Defender; Final Test Cartridge; Illusions
17D5	25	Defender; Final Test Cartridge; Illusions
17D6	24	Defender; Final Test Cartridge; Illusions
17D7	25	Defender; Final Test Cartridge; Illusions
17D8	25	Defender; Final Test Cartridge; Illusions
17D9	24	Defender; Final Test Cartridge; Illusions
17DA	24	Defender; Final Test Cartridge; Illusions
17DB	24	Defender; Final Test Cartridge; Illusions
17DC	24	Defender; Final Test Cartridge; Illusions
17DD	25	Defender; Final Test Cartridge; Illusions
17DE	25	Defender; Final Test Cartridge; Illusions
17DF	24	Defender; Final Test Cartridge; Illusions
17E0	24	Defender; Final Test Cartridge; Illusions
17E1	24	Defender; Final Test Cartridge; Illusions
17E2	25	Defender; Final Test Cartridge; Illusions
17E3	24	Defender; Final Test Cartridge; Illusions
17E4	24	Defender; Final Test Cartridge; Illusions
17E5	25	Defender; Final Test Cartridge; Illusions
17E6	25	Defender; Final Test Cartridge; Illusions
17E7	24	Defender; Final Test Cartridge; Illusions
17E8	24	Defender; Final Test Cartridge; Illusions
17E9	24	Defender; Final Test Cartridge; Illusions
17EA	24	Defender; Final Test Cartridge; Illusions
17EB	25	Defender; Final Test Cartridge; Illusions
17EC	24	Defender; Final Test Cartridge; Illusions
17ED	25	Defender; Final Test Cartridge; Illusions
17EE	25	Defender; Final Test Cartridge; Illusions
17EF	24	Defender; Final Test Cartridge; Illusions
17F0	24	Defender; Final Test Cartridge; Illusions
17F1	25	Defender; Final Test Cartridge; Illusions
17F2	24	Defender; Final Test Cartridge; Illusions
17F3	25	Defender; Final Test Cartridge; Illusions
17F4	25	Defender; Final Test Cartridge; Illusions
17F5	24	Defender; Final Test Cartridge; Illusions
17F6	25	Defender; Final Test Cartridge; Illusions
17F7	24	Defender; Final Test Cartridge; Illusions
17F8	25	Defender; Final Test Cartridge; Illusions
17F9	25	Defender; Final Test Cartridge; Illusions
17FA	25	Defender; Final Test Cartridge; Illusions
17FB	25	Defender; Final Test Cartridge; Illusions
17FC	25	Defender; Final Test Cartridge; Illusions
17FD	25	Defender; Final Test Cartridge; Illusions
17FE	24	Defender; Final Test Cartridge; Illusions
17FF	24	Defender; Final Test Cartridge; Illusions
1800	25	Defender; Final Test Cartridge; Illusions
1801	25	Defender; Final Test Cartridge; Illusions
1802	25	Defender; Final Test Cartridge; Illusions
1803	25	Defender; Final Test Cartridge; Illusions
1804	24	Defender; Final Test Cartridge; Illusions
1805	25	Defender; Final Test Cartridge; Illusions
1806	25	Defender; Final Test Cartridge; Illusions
1807	25	Defender; Final Test Cartridge; Illusions
1808	25	Defender; Final Test Cartridge; Illusions
1809	25	Defender; Final Test Cartridge; Illusions
180A	25	Defender; Final Test Cartridge; Illusions
180B	25	Defender; Final Test Cartridge; Illusions
180C	25	Defender; Final Test Cartridge; Illusions
180D	25	Defender; Final Test Cartridge; Illusions
180E	25	Defender; Final Test Cartridge; Illusions
180F	25	Defender; Final Test Cartridge; Illusions
1810	24	Defender; Final Test Cartridge; Illusions
1811	25	Defender; Final Test Cartridge; Illusions
1812	24	Defender; Final Test Cartridge; Illusions
1813	25	Defender; Final Test Cartridge; Illusions
1814	24	Defender; Final Test Cartridge; Illusions
1815	25	Defender; Final Test Cartridge; Illusions
1816	25	Defender; Final Test Cartridge; Illusions
1817	25	Defender; Final Test Cartridge; Illusions
1818	25	Defender; Final Test Cartridge; Illusions
1819	25	Defender; Final Test Cartridge; Illusions
181A	26	Defender; Final Test Cartridge; Illusions
181B	26	Defender; Final Test Cartridge; Illusions
181C	24	Defender; Final Test Cartridge; Illusions
181D	24	Defender; Final Test Cartridge; Illusions
181E	25	Defender; Final Test Cartridge; Illusions
181F	25	Defender; Final Test Cartridge; Illusions
1820	24	Defender; Final Test Cartridge; Illusions
1821	25	Defender; Final Test Cartridge; Illusions
1822	25	Defender; Final Test Cartridge; Illusions
1823	25	Defender; Final Test Cartridge; Illusions
1824	25	Defender; Final Test Cartridge; Illusions
1825	25	Defender; Final Test Cartridge; Illusions
1826	25	Defender; Final Test Cartridge; Illusions
1827	25	Defender; Final Test Cartridge; Illusions
1828	25	Defender; Final Test Cartridge; Illusions
1829	25	Defender; Final Test Cartridge; Illusions
182A	25	Defender; Final Test Cartridge; Illusions
182B	25	Defender; Final Test Cartridge; Illusions
182C	24	Defender; Final Test Cartridge; Illusions
182D	25	Defender; Final Test Cartridge; Illusions
182E	25	Defender; Final Test Cartridge; Illusions
182F	25	Defender; Final Test Cartridge; Illusions
1830	24	Defender; Final Test Cartridge; Illusions
1831	25	Defender; Final Test Cartridge; Illusions
1832	25	Defender; Final Test Cartridge; Illusions
1833	25	Defender; Final Test Cartridge; Illusions
1834	25	Defender; Final Test Cartridge; Illusions
1835	25	Defender; Final Test Cartridge; Illusions
1836	25	Defender; Final Test Cartridge; Illusions
1837	24	Defender; Final Test Cartridge; Illusions
1838	24	Defender; Final Test Cartridge; Illusions
1839	25	Defender; Final Test Cartridge; Illusions
183A	25	Defender; Final Test Cartridge; Illusions
183B	25	Defender; Final Test Cartridge; Illusions
183C	25	Defender; Final Test Cartridge; Illusions
183D	24	Defender; Final Test Cartridge; Illusions
183E	25	Defender; Final Test Cartridge; Illusions
183F	25	Defender; Final Test Cartridge; Illusions
1840	25	Defender; Final Test Cartridge; Illusions
1841	24	Defender; Final Test Cartridge; Illusions
1842	25	Defender; Final Test Cartridge; Illusions
1843	25	Defender; Final Test Cartridge; Illusions
1844	24	Defender; Final Test Cartridge; Illusions
1845	25	Defender; Final Test Cartridge; Illusions
1846	24	Defender; Final Test Cartridge; Illusions
1847	25	Defender; Final Test Cartridge; Illusions
1848	25	Defender; Final Test Cartridge; Illusions
1849	24	Defender; Final Test Cartridge; Illusions
184A	25	Defender; Final Test Cartridge; Illusions
184B	24	Defender; Final Test Cartridge; Illusions
184C	24	Defender; Final Test Cartridge; Illusions
184D	25	Defender; Final Test Cartridge; Illusions
184E	24	Defender; Final Test Cartridge; Illusions
184F	24	Defender; Final Test Cartridge; Illusions
1850	25	Defender; Final Test Cartridge; Illusions
1851	24	Defender; Final Test Cartridge; Illusions
1852	24	Defender; Final Test Cartridge; Illusions
1853	24	Defender; Final Test Cartridge; Illusions
1854	25	Defender; Final Test Cartridge; Illusions
1855	24	Defender; Final Test Cartridge; Illusions
1856	24	Defender; Final Test Cartridge; Illusions
1857	24	Defender; Final Test Cartridge; Illusions
1858	24	Defender; Final Test Cartridge; Illusions
1859	25	Defender; Final Test Cartridge; Illusions
185A	24	Defender; Final Test Cartridge; Illusions
185B	24	Defender; Final Test Cartridge; Illusions
185C	25	Defender; Final Test Cartridge; Illusions
185D	24	Defender; Final Test Cartridge; Illusions
185E	24	Defender; Final Test Cartridge; Illusions
185F	24	Defender; Final Test Cartridge; Illusions
1860	24	Defender; Final Test Cartridge; Illusions
1861	24	Defender; Final Test Cartridge; Illusions
1862	24	Defender; Final Test Cartridge; Illusions
1863	25	Defender; Final Test Cartridge; Illusions
1864	24	Defender; Final Test Cartridge; Illusions
1865	24	Defender; Final Test Cartridge; Illusions
1866	24	Defender; Final Test Cartridge; Illusions
1867	25	Defender; Final Test Cartridge; Illusions
1868	24	Defender; Final Test Cartridge; Illusions
1869	24	Defender; Final Test Cartridge; Illusions
186A	25	Defender; Final Test Cartridge; Illusions
186B	24	Defender; Final Test Cartridge; Illusions
186C	24	Defender; Final Test Cartridge; Illusions
186D	24	Defender; Final Test Cartridge; Illusions
186E	24	Defender; Final Test Cartridge; Illusions
186F	24	Defender; Final Test Cartridge; Illusions
1870	24	Defender; Final Test Cartridge; Illusions
1871	24	Defender; Final Test Cartridge; Illusions
1872	24	Defender; Final Test Cartridge; Illusions
1873	24	Defender; Final Test Cartridge; Illusions
1874	24	Defender; Final Test Cartridge; Illusions
1875	24	Defender; Final Test Cartridge; Illusions
1876	24	Defender; Final Test Cartridge; Illusions
1877	24	Defender; Final Test Cartridge; Illusions
1878	25	Defender; Final Test Cartridge; Illusions
1879	24	Defender; Final Test Cartridge; Illusions
187A	24	Defender; Final Test Cartridge; Illusions
187B	24	Defender; Final Test Cartridge; Illusions
187C	24	Defender; Final Test Cartridge; Illusions
187D	24	Defender; Final Test Cartridge; Illusions
187E	24	Defender; Final Test Cartridge; Illusions
187F	25	Defender; Final Test Cartridge; Illusions
1880	25	Defender; Final Test Cartridge; Illusions
1881	25	Defender; Final Test Cartridge; Illusions
1882	24	Defender; Final Test Cartridge; Illusions
1883	24	Defender; Final Test Cartridge; Illusions
1884	24	Defender; Final Test Cartridge; Illusions
1885	24	Defender; Final Test Cartridge; Illusions
1886	25	Defender; Final Test Cartridge; Illusions
1887	24	Defender; Final Test Cartridge; Illusions
1888	24	Defender; Final Test Cartridge; Illusions
1889	25	Defender; Final Test Cartridge; Illusions
188A	25	Defender; Final Test Cartridge; Illusions
188B	25	Defender; Final Test Cartridge; Illusions
188C	24	Defender; Final Test Cartridge; Illusions
188D	24	Defender; Final Test Cartridge; Illusions
188E	24	Defender; Final Test Cartridge; Illusions
188F	25	Defender; Final Test Cartridge; Illusions
1890	25	Defender; Final Test Cartridge; Illusions
1891	24	Defender; Final Test Cartridge; Illusions
1892	24	Defender; Final Test Cartridge; Illusions
1893	25	Defender; Final Test Cartridge; Illusions
1894	25	Defender; Final Test Cartridge; Illusions
1895	24	Defender; Final Test Cartridge; Illusions
1896	24	Defender; Final Test Cartridge; Illusions
1897	24	Defender; Final Test Cartridge; Illusions
1898	24	Defender; Final Test Cartridge; Illusions
1899	24	Defender; Final Test Cartridge; Illusions
189A	25	Defender; Final Test Cartridge; Illusions
189B	23	Defender; Final Test Cartridge; Illusions
189C	23	Defender; Final Test Cartridge; Illusions
189D	24	Defender; Final Test Cartridge; Illusions
189E	23	Defender; Final Test Cartridge; Illusions
189F	24	Defender; Final Test Cartridge; Illusions
18A0	23	Defender; Final Test Cartridge; Illusions
18A1	23	Defender; Final Test Cartridge; Illusions
18A2	23	Defender; Final Test Cartridge; Illusions
18A3	4	BC's Quest for Tires II - Grog's Revenge; Cabbage Patch Kids - Adventures in the Park; Final Test Cartridge
18A4	5	BC's Quest for Tires II - Grog's Revenge; Cabbage Patch Kids - Adventures in the Park; Final Test Cartridge
18A5	5	BC's Quest for Tires II - Grog's Revenge; Cabbage Patch Kids - Adventures in the Park; Final Test Cartridge
18A6	4	BC's Quest for Tires II - Grog's Revenge; Cabbage Patch Kids - Adventures in the Park; Final Test Cartridge
18A7	4	BC's Quest for Tires II - Grog's Revenge; Cabbage Patch Kids - Adventures in the Park; Final Test Cartridge
18A8	4	BC's Quest for Tires II - Grog's Revenge; Cabbage Patch Kids - Adventures in the Park; Final Test Cartridge
18A9	5	BC's Quest for Tires II - Grog's Revenge; Cabbage Patch Kids - Adventures in the Park; Final Test Cartridge
18AA	4	BC's Quest for Tires II - Grog's Revenge; Cabbage Patch Kids - Adventures in the Park; Final Test Cartridge
18AB	4	BC's Quest for Tires II - Grog's Revenge; Cabbage Patch Kids - Adventures in the Park; Final Test Cartridge
18AC	4	BC's Quest for Tires II - Grog's Revenge; Cabbage Patch Kids - Adventures in the Park; Final Test Cartridge
18AD	4	BC's Quest for Tires II - Grog's Revenge; Cabbage Patch Kids - Adventures in the Park; Final Test Cartridge
18AE	4	BC's Quest for Tires II - Grog's Revenge; Cabbage Patch Kids - Adventures in the Park; Final Test Cartridge
18AF	4	BC's Quest for Tires II - Grog's Revenge; Cabbage Patch Kids - Adventures in the Park; Final Test Cartridge
18B0	4	BC's Quest for Tires II - Grog's Revenge; Cabbage Patch Kids - Adventures in the Park; Final Test Cartridge
18B1	5	BC's Quest for Tires II - Grog's Revenge; Cabbage Patch Kids - Adventures in the Park; Final Test Cartridge
18B2	5	BC's Quest for Tires II - Grog's Revenge; Cabbage Patch Kids - Adventures in the Park; Final Test Cartridge
18B3	5	BC's Quest for Tires II - Grog's Revenge; Cabbage Patch Kids - Adventures in the Park; Final Test Cartridge
18B4	4	BC's Quest for Tires II - Grog's Revenge; Cabbage Patch Kids - Adventures in the Park; Final Test Cartridge
18B5	4	BC's Quest for Tires II - Grog's Revenge; Cabbage Patch Kids - Adventures in the Park; Final Test Cartridge
18B6	5	BC's Quest for Tires II - Grog's Revenge; Cabbage Patch Kids - Adventures in the Park; Final Test Cartridge
18B7	5	BC's Quest for Tires II - Grog's Revenge; Cabbage Patch Kids - Adventures in the Park; Final Test Cartridge
18B8	5	BC's Quest for Tires II - Grog's Revenge; Cabbage Patch Kids - Adventures in the Park; Final Test Cartridge
18B9	4	BC's Quest for Tires II - Grog's Revenge; Cabbage Patch Kids - Adventures in the Park; Final Test Cartridge
18BA	4	BC's Quest for Tires II - Grog's Revenge; Cabbage Patch Kids - Adventures in the Park; Final Test Cartridge
18BB	5	BC's Quest for Tires II - Grog's Revenge; Cabbage Patch Kids - Adventures in the Park; Final Test Cartridge
18BC	5	BC's Quest for Tires II - Grog's Revenge; Cabbage Patch Kids - Adventures in the Park; Final Test Cartridge
18BD	4	BC's Quest for Tires II - Grog's Revenge; Cabbage Patch Kids - Adventures in the Park; Final Test Cartridge
18BE	4	BC's Quest for Tires II - Grog's Revenge; Cabbage Patch Kids - Adventures in the Park; Final Test Cartridge
18BF	4	BC's Quest for Tires II - Grog's Revenge; Cabbage Patch Kids - Adventures in the Park; Final Test Cartridge
18C0	5	BC's Quest for Tires II - Grog's Revenge; Cabbage Patch Kids - Adventures in the Park; Final Test Cartridge
18C1	5	BC's Quest for Tires II - Grog's Revenge; Cabbage Patch Kids - Adventures in the Park; Final Test Cartridge
18C2	4	BC's Quest for Tires II - Grog's Revenge; Cabbage Patch Kids - Adventures in the Park; Final Test Cartridge
18C3	5	BC's Quest for Tires II - Grog's Revenge; Cabbage Patch Kids - Adventures in the Park; Final Test Cartridge
18C4	5	BC's Quest for Tires II - Grog's Revenge; Cabbage Patch Kids - Adventures in the Park; Final Test Cartridge
18C5	4	BC's Quest for Tires II - Grog's Revenge; Cabbage Patch Kids - Adventures in the Park; Final Test Cartridge
18C6	4	BC's Quest for Tires II - Grog's Revenge; Cabbage Patch Kids - Adventures in the Park; Final Test Cartridge
18C7	5	BC's Quest for Tires II - Grog's Revenge; Cabbage Patch Kids - Adventures in the Park; Final Test Cartridge
18C8	4	BC's Quest for Tires II - Grog's Revenge; Cabbage Patch Kids - Adventures in the Park; Final Test Cartridge
18C9	4	BC's Quest for Tires II - Grog's Revenge; Cabbage Patch Kids - Adventures in the Park; Final Test Cartridge
18CA	5	BC's Quest for Tires II - Grog's Revenge; Cabbage Patch Kids - Adventures in the Park; Final Test Cartridge
18CB	4	BC's Quest for Tires II - Grog's Revenge; Cabbage Patch Kids - Adventures in the Park; Final Test Cartridge
18CC	5	BC's Quest for Tires II - Grog's Revenge; Cabbage Patch Kids - Adventures in the Park; Final Test Cartridge
18CD	4	BC's Quest for Tires II - Grog's Revenge; Cabbage Patch Kids - Adventures in the Park; Final Test Cartridge
18CE	4	BC's Quest for Tires II - Grog's Revenge; Cabbage Patch Kids - Adventures in the Park; Final Test Cartridge
18CF	4	BC's Quest for Tires II - Grog's Revenge; Cabbage Patch Kids - Adventures in the Park; Final Test Cartridge
18D0	4	BC's Quest for Tires II - Grog's Revenge; Cabbage Patch Kids - Adventures in the Park; Final Test Cartridge
18D1	5	BC's Quest for Tires II - Grog's Revenge; Cabbage Patch Kids - Adventures in the Park; Final Test Cartridge
18D2	4	BC's Quest for Tires II - Grog's Revenge; Cabbage Patch Kids - Adventures in the Park; Final Test Cartridge
18D3	5	BC's Quest for Tires II - Grog's Revenge; Cabbage Patch Kids - Adventures in the Park; Final Test Cartridge
18D4	3	Final Test Cartridge; Q-bert II; Super Action Soccer
18D5	3	Final Test Cartridge; Q-bert II; Super Action Soccer
18D6	3	Final Test Cartridge; Q-bert II; Super Action Soccer
18D7	2	Final Test Cartridge; Super Action Soccer
18D8	3	Final Test Cartridge; Q-bert II; Super Action Soccer
18D9	2	Final Test Cartridge; Super Action Soccer
18DA	2	Final Test Cartridge; Super Action Soccer
18DB	3	Final Test Cartridge; Q-bert II; Super Action Soccer
18DC	3	Final Test Cartridge; Q-bert II; Super Action Soccer
18DD	2	Final Test Cartridge; Super Action Soccer
18DE	3	Final Test Cartridge; Q-bert II; Super Action Soccer
18DF	2	Final Test Cartridge; Super Action Soccer
18E0	2	Final Test Cartridge; Super Action Soccer
18E1	2	Final Test Cartridge; Super Action Soccer
18E2	3	Final Test Cartridge; Q-bert II; Super Action Soccer
18E3	2	Final Test Cartridge; Super Action Soccer
18E4	2	Final Test Cartridge; Super Action Soccer
18E5	3	Final Test Cartridge; Q-bert II; Super Action Soccer
18E6	2	Final Test Cartridge; Super Action Soccer
18E7	3	Final Test Cartridge; Q-bert II; Super Action Soccer
18E8	3	Final Test Cartridge; Q-bert II; Super Action Soccer
18E9	3	Final Test Cartridge; Q-bert II; Super Action Soccer
18EA	2	Final Test Cartridge; Super Action Soccer
18EB	2	Final Test Cartridge; Super Action Soccer
18EC	3	Final Test Cartridge; Q-bert II; Super Action Soccer
18ED	3	Final Test Cartridge; Q-bert II; Super Action Soccer
18EE	2	Final Test Cartridge; Super Action Soccer
18EF	2	Final Test Cartridge; Super Action Soccer
18F0	2	Final Test Cartridge; Super Action Soccer
18F1	3	Final Test Cartridge; Q-bert II; Super Action Soccer
18F2	3	Final Test Cartridge; Q-bert II; Super Action Soccer
18F3	2	Final Test Cartridge; Super Action Soccer
18F4	2	Final Test Cartridge; Super Action Soccer
18F5	3	Final Test Cartridge; Q-bert II; Super Action Soccer
18F6	3	Final Test Cartridge; Q-bert II; Super Action Soccer
18F7	3	Final Test Cartridge; Q-bert II; Super Action Soccer
18F8	3	Final Test Cartridge; Q-bert II; Super Action Soccer
18F9	3	Final Test Cartridge; Q-bert II; Super Action Soccer
18FA	2	Final Test Cartridge; Super Action Soccer
18FB	2	Final Test Cartridge; Super Action Soccer
18FC	2	Final Test Cartridge; Super Action Soccer
18FD	2	Final Test Cartridge; Super Action Soccer
18FE	3	Final Test Cartridge; Q-bert II; Super Action Soccer
18FF	2	Final Test Cartridge; Super Action Soccer
1900	3	Final Test Cartridge; Q-bert II; Super Action Soccer
1901	3	Final Test Cartridge; Q-bert II; Super Action Soccer
1902	3	Final Test Cartridge; Q-bert II; Super Action Soccer
1903	3	Final Test Cartridge; Q-bert II; Super Action Soccer
1904	3	Final Test Cartridge; Q-bert II; Super Action Soccer
1905	3	Final Test Cartridge; Q-bert II; Super Action Soccer
1906	3	Final Test Cartridge; Q-bert II; Super Action Soccer
1907	3	Final Test Cartridge; Q-bert II; Super Action Soccer
1908	3	Final Test Cartridge; Q-bert II; Super Action Soccer
1909	3	Final Test Cartridge; Q-bert II; Super Action Soccer
190A	3	Final Test Cartridge; Q-bert II; Super Action Soccer
190B	3	Final Test Cartridge; Q-bert II; Super Action Soccer
190C	3	Final Test Cartridge; Q-bert II; Super Action Soccer
190D	3	Final Test Cartridge; Q-bert II; Super Action Soccer
190E	3	Final Test Cartridge; Q-bert II; Super Action Soccer
190F	3	Final Test Cartridge; Q-bert II; Super Action Soccer
1910	3	Final Test Cartridge; Q-bert II; Super Action Soccer
1911	3	Final Test Cartridge; Q-bert II; Super Action Soccer
1912	3	Final Test Cartridge; Q-bert II; Super Action Soccer
1913	3	Final Test Cartridge; Q-bert II; Super Action Soccer
1914	2	Final Test Cartridge; Super Action Soccer
1915	3	Final Test Cartridge; Q-bert II; Super Action Soccer
1916	3	Final Test Cartridge; Q-bert II; Super Action Soccer
1917	3	Final Test Cartridge; Q-bert II; Super Action Soccer
1918	2	Final Test Cartridge; Super Action Soccer
1919	3	Final Test Cartridge; Q-bert II; Super Action Soccer
191A	3	Final Test Cartridge; Q-bert II; Super Action Soccer
191B	3	Final Test Cartridge; Q-bert II; Super Action Soccer
191C	3	Final Test Cartridge; Q-bert II; Super Action Soccer
191D	3	Final Test Cartridge; Q-bert II; Super Action Soccer
191E	3	Final Test Cartridge; Q-bert II; Super Action Soccer
191F	3	Final Test Cartridge; Q-bert II; Super Action Soccer
1920	2	Final Test Cartridge; Super Action Soccer
1921	4	Final Test Cartridge; Monkey Academy; Q-bert II
1922	4	Final Test Cartridge; Monkey Academy; Q-bert II
1923	3	Final Test Cartridge; Q-bert II; Super Action Soccer
1924	3	Final Test Cartridge; Q-bert II; Super Action Soccer
1925	3	Final Test Cartridge; Q-bert II; Super Action Soccer
1926	4	Final Test Cartridge; H.E.R.O.; Q-bert II
1927	3	Final Test Cartridge; Q-bert II; Super Action Soccer
1928	3	Final Test Cartridge; Q-bert II; Super Action Soccer
1929	3	Final Test Cartridge; Q-bert II; Super Action Soccer
192A	3	Final Test Cartridge; Q-bert II; Super Action Soccer
192B	3	Final Test Cartridge; Q-bert II; Super Action Soccer
192C	3	Final Test Cartridge; Q-bert II; Super Action Soccer
192D	3	Final Test Cartridge; Q-bert II; Super Action Soccer
192E	3	Final Test Cartridge; Q-bert II; Super Action Soccer
192F	3	Final Test Cartridge; Q-bert II; Super Action Soccer
1930	2	Final Test Cartridge; Super Action Soccer
1931	3	Final Test Cartridge; Q-bert II; Super Action Soccer
1932	3	Final Test Cartridge; Q-bert II; Super Action Soccer
1933	3	Final Test Cartridge; Q-bert II; Super Action Soccer
1934	3	Final Test Cartridge; Q-bert II; Super Action Soccer
1935	3	Final Test Cartridge; Q-bert II; Super Action Soccer
1936	3	Final Test Cartridge; Q-bert II; Super Action Soccer
1937	3	Final Test Cartridge; Q-bert II; Super Action Soccer
1938	3	Final Test Cartridge; Q-bert II; Super Action Soccer
1939	3	Final Test Cartridge; Q-bert II; Super Action Soccer
193A	3	Final Test Cartridge; Q-bert II; Super Action Soccer
193B	3	Final Test Cartridge; Q-bert II; Super Action Soccer
193C	3	Final Test Cartridge; Q-bert II; Super Action Soccer
193D	3	Final Test Cartridge; Q-bert II; Super Action Soccer
193E	3	Final Test Cartridge; Q-bert II; Super Action Soccer
193F	3	Final Test Cartridge; Q-bert II; Super Action Soccer
1940	3	Final Test Cartridge; Q-bert II; Super Action Soccer
1941	2	Final Test Cartridge; Super Action Soccer
1942	3	Final Test Cartridge; Q-bert II; Super Action Soccer
1943	2	Final Test Cartridge; Super Action Soccer
1944	3	Final Test Cartridge; Q-bert II; Super Action Soccer
1945	2	Final Test Cartridge; Super Action Soccer
1946	2	Final Test Cartridge; Super Action Soccer
1947	2	Final Test Cartridge; Super Action Soccer
1948	3	Final Test Cartridge; Q-bert II; Super Action Soccer
1949	3	Final Test Cartridge; Q-bert II; Super Action Soccer
194A	3	Final Test Cartridge; Q-bert II; Super Action Soccer
194B	3	Final Test Cartridge; Q-bert II; Super Action Soccer
194C	3	Final Test Cartridge; Q-bert II; Super Action Soccer
194D	3	Final Test Cartridge; Q-bert II; Super Action Soccer
194E	3	Final Test Cartridge; Q-bert II; Super Action Soccer
194F	2	Final Test Cartridge; Super Action Soccer
1950	3	Final Test Cartridge; Q-bert II; Super Action Soccer
1951	3	Final Test Cartridge; Q-bert II; Super Action Soccer
1952	3	Final Test Cartridge; Q-bert II; Super Action Soccer
1953	2	Final Test Cartridge; Super Action Soccer
1954	3	Final Test Cartridge; Q-bert II; Super Action Soccer
1955	3	Final Test Cartridge; Q-bert II; Super Action Soccer
1956	3	Final Test Cartridge; Q-bert II; Super Action Soccer
1957	2	Final Test Cartridge; Super Action Soccer
1958	3	Final Test Cartridge; Q-bert II; Super Action Soccer
1959	3	Final Test Cartridge; Q-bert II; Super Action Soccer
195A	3	Final Test Cartridge; Pac-Man; Super Action Soccer
195B	3	Final Test Cartridge; Q-bert II; Super Action Soccer
195C	2	Final Test Cartridge; Super Action Soccer
195D	3	Final Test Cartridge; Q-bert II; Super Action Soccer
195E	2	Final Test Cartridge; Super Action Soccer
195F	2	Final Test Cartridge; Super Action Soccer
1960	2	Final Test Cartridge; Super Action Soccer
1961	3	Final Test Cartridge; Q-bert II; Super Action Soccer
1962	2	Final Test Cartridge; Super Action Soccer
1963	2	Final Test Cartridge; Super Action Soccer
1964	3	Final Test Cartridge; Q-bert II; Super Action Soccer
1965	2	Final Test Cartridge; Super Action Soccer
1966	2	Final Test Cartridge; Super Action Soccer
1967	3	Final Test Cartridge; Q-bert II; Super Action Soccer
1968	3	Final Test Cartridge; Q-bert II; Super Action Soccer
1969	3	Final Test Cartridge; Q-bert II; Super Action Soccer
196A	2	Final Test Cartridge; Super Action Soccer
196B	2	Final Test Cartridge; Super Action Soccer
196C	3	Final Test Cartridge; Q-bert II; Super Action Soccer
196D	3	Final Test Cartridge; Q-bert II; Super Action Soccer
196E	2	Final Test Cartridge; Super Action Soccer
196F	2	Final Test Cartridge; Super Action Soccer
1970	3	Final Test Cartridge; Q-bert II; Super Action Soccer
1971	3	Final Test Cartridge; Q-bert II; Super Action Soccer
1972	2	Final Test Cartridge; Super Action Soccer
1973	3	Final Test Cartridge; Q-bert II; Super Action Soccer
1974	3	Final Test Cartridge; Q-bert II; Super Action Soccer
1975	3	Final Test Cartridge; Q-bert II; Super Action Soccer
1976	2	Final Test Cartridge; Super Action Soccer
1977	3	Final Test Cartridge; Q-bert II; Super Action Soccer
1978	4	Final Test Cartridge; Monkey Academy; Q-bert II
1979	3	Final Test Cartridge; Monkey Academy; Super Action Soccer
197A	2	Final Test Cartridge; Super Action Soccer
197B	3	Final Test Cartridge; Q-bert II; Super Action Soccer
197C	2	Final Test Cartridge; Super Action Soccer
197D	3	Final Test Cartridge; Q-bert II; Super Action Soccer
197E	2	Final Test Cartridge; Super Action Soccer
197F	3	Final Test Cartridge; Q-bert II; Super Action Soccer
1980	3	Final Test Cartridge; Q-bert II; Super Action Soccer
1981	2	Final Test Cartridge; Super Action Soccer
1982	3	Final Test Cartridge; Q-bert II; Super Action Soccer
1983	2	Final Test Cartridge; Super Action Soccer
1984	3	Final Test Cartridge; Q-bert II; Super Action Soccer
1985	3	Final Test Cartridge; Q-bert II; Super Action Soccer
1986	2	Final Test Cartridge; Super Action Soccer
1987	2	Final Test Cartridge; Super Action Soccer
1988	2	Final Test Cartridge; Super Action Soccer
1989	2	Final Test Cartridge; Super Action Soccer
198A	3	Final Test Cartridge; Q-bert II; Super Action Soccer
198B	2	Final Test Cartridge; Super Action Soccer
198C	2	Final Test Cartridge; Super Action Soccer
198D	2	Final Test Cartridge; Super Action Soccer
198E	2	Final Test Cartridge; Super Action Soccer
198F	2	Final Test Cartridge; Super Action Soccer
1990	2	Final Test Cartridge; Super Action Soccer
1991	2	Final Test Cartridge; Super Action Soccer
1992	2	Final Test Cartridge; Super Action Soccer
1993	2	Final Test Cartridge; Super Action Soccer
1994	3	Final Test Cartridge; Q-bert II; Super Action Soccer
1995	3	Final Test Cartridge; Q-bert II; Super Action Soccer
1996	2	Final Test Cartridge; Super Action Soccer
1997	2	Final Test Cartridge; Super Action Soccer
1998	2	Final Test Cartridge; Super Action Soccer
1999	3	Final Test Cartridge; Q-bert II; Super Action Soccer
199A	3	Final Test Cartridge; Q-bert II; Super Action Soccer
199B	3	Final Test Cartridge; Q-bert II; Super Action Soccer
199C	2	Final Test Cartridge; Super Action Soccer
199D	2	Final Test Cartridge; Super Action Soccer
199E	3	Final Test Cartridge; Q-bert II; Super Action Soccer
199F	2	Final Test Cartridge; Super Action Soccer
19A0	2	Final Test Cartridge; Super Action Soccer
19A1	2	Final Test Cartridge; Super Action Soccer
19A2	2	Final Test Cartridge; Super Action Soccer
19A3	2	Final Test Cartridge; Super Action Soccer
19A4	2	Final Test Cartridge; Super Action Soccer
19A5	3	Final Test Cartridge; Q-bert II; Super Action Soccer
19A6	2	Final Test Cartridge; Super Action Soccer
19A7	2	Final Test Cartridge; Super Action Soccer
19A8	3	Final Test Cartridge; Q-bert II; Super Action Soccer
19A9	2	Final Test Cartridge; Super Action Soccer
19AA	2	Final Test Cartridge; Super Action Soccer
19AB	2	Final Test Cartridge; Super Action Soccer
19AC	2	Final Test Cartridge; Super Action Soccer
19AD	3	Final Test Cartridge; Q-bert II; Super Action Soccer
19AE	3	Final Test Cartridge; Q-bert II; Super Action Soccer
19AF	2	Final Test Cartridge; Super Action Soccer
19B0	2	Final Test Cartridge; Super Action Soccer
19B1	3	Final Test Cartridge; Q-bert II; Super Action Soccer
19B2	3	Final Test Cartridge; Q-bert II; Super Action Soccer
19B3	2	Final Test Cartridge; Super Action Soccer
19B4	2	Final Test Cartridge; Super Action Soccer
19B5	2	Final Test Cartridge; Super Action Soccer
19B6	2	Final Test Cartridge; Super Action Soccer
19B7	2	Final Test Cartridge; Super Action Soccer
19B8	2	Final Test Cartridge; Super Action Soccer
19B9	3	Final Test Cartridge; Q-bert II; Super Action Soccer
19BA	2	Final Test Cartridge; Super Action Soccer
19BB	2	Final Test Cartridge; Super Action Soccer
19BC	2	Final Test Cartridge; Super Action Soccer
19BD	2	Final Test Cartridge; Super Action Soccer
19BE	2	Final Test Cartridge; Super Action Soccer
19BF	2	Final Test Cartridge; Super Action Soccer
19C0	2	Final Test Cartridge; Super Action Soccer
19C1	2	Final Test Cartridge; Super Action Soccer
19C2	2	Final Test Cartridge; Super Action Soccer
19C3	2	Final Test Cartridge; Super Action Soccer
19C4	2	Final Test Cartridge; Super Action Soccer
19C5	2	Final Test Cartridge; Super Action Soccer
19C6	3	Final Test Cartridge; Q-bert II; Super Action Soccer
19C7	2	Final Test Cartridge; Super Action Soccer
19C8	2	Final Test Cartridge; Super Action Soccer
19C9	2	Final Test Cartridge; Super Action Soccer
19CA	2	Final Test Cartridge; Super Action Soccer
19CB	2	Final Test Cartridge; Super Action Soccer
19CC	2	Final Test Cartridge; Super Action Soccer
19CD	2	Final Test Cartridge; Super Action Soccer
19CE	2	Final Test Cartridge; Super Action Soccer
19CF	2	Final Test Cartridge; Super Action Soccer
19D0	2	Final Test Cartridge; Super Action Soccer
19D1	2	Final Test Cartridge; Super Action Soccer
19D2	2	Final Test Cartridge; Super Action Soccer
19D3	2	Final Test Cartridge; Super Action Soccer
19D4	2	Final Test Cartridge; Super Action Soccer
19D5	3	Final Test Cartridge; Q-bert II; Super Action Soccer
19D6	3	Final Test Cartridge; Q-bert II; Super Action Soccer
19D7	2	Final Test Cartridge; Super Action Soccer
19D8	2	Final Test Cartridge; Super Action Soccer
19D9	3	Final Test Cartridge; Q-bert II; Super Action Soccer
19DA	2	Final Test Cartridge; Super Action Soccer
19DB	2	Final Test Cartridge; Super Action Soccer
19DC	2	Final Test Cartridge; Super Action Soccer
19DD	3	Final Test Cartridge; Q-bert II; Super Action Soccer
19DE	3	Final Test Cartridge; Q-bert II; Super Action Soccer
19DF	2	Final Test Cartridge; Super Action Soccer
19E0	2	Final Test Cartridge; Super Action Soccer
19E1	2	Final Test Cartridge; Super Action Soccer
19E2	2	Final Test Cartridge; Super Action Soccer
19E3	2	Final Test Cartridge; Super Action Soccer
19E4	2	Final Test Cartridge; Super Action Soccer
19E5	2	Final Test Cartridge; Super Action Soccer
19E6	2	Final Test Cartridge; Super Action Soccer
19E7	2	Final Test Cartridge; Super Action Soccer
19E8	2	Final Test Cartridge; Super Action Soccer
19E9	2	Final Test Cartridge; Super Action Soccer
19EA	3	Final Test Cartridge; Q-bert II; Super Action Soccer
19EB	3	Final Test Cartridge; Q-bert II; Super Action Soccer
19EC	3	Final Test Cartridge; Q-bert II; Super Action Soccer
19ED	2	Final Test Cartridge; Super Action Soccer
19EE	3	Final Test Cartridge; Q-bert II; Super Action Soccer
19EF	2	Final Test Cartridge; Super Action Soccer
19F0	2	Final Test Cartridge; Super Action Soccer
19F1	2	Final Test Cartridge; Super Action Soccer
19F2	2	Final Test Cartridge; Super Action Soccer
19F3	3	Final Test Cartridge; Q-bert II; Super Action Soccer
19F4	2	Final Test Cartridge; Super Action Soccer
19F5	2	Final Test Cartridge; Super Action Soccer
19F6	2	Final Test Cartridge; Super Action Soccer
19F7	3	Final Test Cartridge; Q-bert II; Super Action Soccer
19F8	2	Final Test Cartridge; Super Action Soccer
19F9	2	Final Test Cartridge; Super Action Soccer
19FA	3	Final Test Cartridge; Q-bert II; Super Action Soccer
19FB	2	Final Test Cartridge; Super Action Soccer
19FC	2	Final Test Cartridge; Super Action Soccer
19FD	2	Final Test Cartridge; Super Action Soccer
19FE	2	Final Test Cartridge; Super Action Soccer
19FF	2	Final Test Cartridge; Super Action Soccer
1A00	2	Final Test Cartridge; Super Action Soccer
1A01	2	Final Test Cartridge; Super Action Soccer
1A02	3	Final Test Cartridge; Q-bert II; Super Action Soccer
1A03	3	Final Test Cartridge; Q-bert II; Super Action Soccer
1A04	2	Final Test Cartridge; Super Action Soccer
1A05	3	Final Test Cartridge; Q-bert II; Super Action Soccer
1A06	3	Final Test Cartridge; Q-bert II; Super Action Soccer
1A07	3	Final Test Cartridge; Q-bert II; Super Action Soccer
1A08	2	Final Test Cartridge; Super Action Soccer
1A09	3	Final Test Cartridge; Q-bert II; Super Action Soccer
1A0A	3	Final Test Cartridge; Q-bert II; Super Action Soccer
1A0B	3	Final Test Cartridge; Q-bert II; Super Action Soccer
1A0C	3	Final Test Cartridge; Q-bert II; Super Action Soccer
1A0D	3	Final Test Cartridge; Q-bert II; Super Action Soccer
1A0E	3	Final Test Cartridge; Q-bert II; Super Action Soccer
1A0F	3	Final Test Cartridge; Q-bert II; Super Action Soccer
1A10	2	Final Test Cartridge; Super Action Soccer
1A11	3	Final Test Cartridge; Q-bert II; Super Action Soccer
1A12	3	Final Test Cartridge; Q-bert II; Super Action Soccer
1A13	3	Final Test Cartridge; Q-bert II; Super Action Soccer
1A14	3	Final Test Cartridge; Q-bert II; Super Action Soccer
1A15	3	Final Test Cartridge; Q-bert II; Super Action Soccer
1A16	3	Final Test Cartridge; Q-bert II; Super Action Soccer
1A17	3	Final Test Cartridge; Q-bert II; Super Action Soccer
1A18	3	Final Test Cartridge; Q-bert II; Super Action Soccer
1A19	3	Final Test Cartridge; Q-bert II; Super Action Soccer
1A1A	3	Final Test Cartridge; Q-bert II; Super Action Soccer
1A1B	4	Final Test Cartridge; Monkey Academy; Q-bert II
1A1C	4	Final Test Cartridge; Monkey Academy; Q-bert II
1A1D	3	Final Test Cartridge; Q-bert II; Super Action Soccer
1A1E	3	Final Test Cartridge; Q-bert II; Super Action Soccer
1A1F	3	Final Test Cartridge; Q-bert II; Super Action Soccer
1A20	2	Final Test Cartridge; Super Action Soccer
1A21	3	Final Test Cartridge; Q-bert II; Super Action Soccer
1A22	3	Final Test Cartridge; Q-bert II; Super Action Soccer
1A23	3	Final Test Cartridge; Q-bert II; Super Action Soccer
1A24	3	Final Test Cartridge; Q-bert II; Super Action Soccer
1A25	3	Final Test Cartridge; Q-bert II; Super Action Soccer
1A26	3	Final Test Cartridge; Q-bert II; Super Action Soccer
1A27	2	Final Test Cartridge; Super Action Soccer
1A28	3	Final Test Cartridge; Q-bert II; Super Action Soccer
1A29	3	Final Test Cartridge; Q-bert II; Super Action Soccer
1A2A	3	Final Test Cartridge; Q-bert II; Super Action Soccer
1A2B	2	Final Test Cartridge; Super Action Soccer
1A2C	2	Final Test Cartridge; Super Action Soccer
1A2D	3	Final Test Cartridge; Q-bert II; Super Action Soccer
1A2E	3	Final Test Cartridge; Q-bert II; Super Action Soccer
1A2F	3	Final Test Cartridge; Q-bert II; Super Action Soccer
1A30	2	Final Test Cartridge; Super Action Soccer
1A31	3	Final Test Cartridge; Q-bert II; Super Action Soccer
1A32	3	Final Test Cartridge; Q-bert II; Super Action Soccer
1A33	3	Final Test Cartridge; Q-bert II; Super Action Soccer
1A34	3	Final Test Cartridge; Q-bert II; Super Action Soccer
1A35	3	Final Test Cartridge; Q-bert II; Super Action Soccer
1A36	3	Final Test Cartridge; Q-bert II; Super Action Soccer
1A37	3	Final Test Cartridge; Q-bert II; Super Action Soccer
1A38	2	Final Test Cartridge; Super Action Soccer
1A39	3	Final Test Cartridge; Q-bert II; Super Action Soccer
1A3A	3	Final Test Cartridge; Q-bert II; Super Action Soccer
1A3B	3	Final Test Cartridge; Q-bert II; Super Action Soccer
1A3C	2	Final Test Cartridge; Super Action Soccer
1A3D	3	Final Test Cartridge; Q-bert II; Super Action Soccer
1A3E	3	Final Test Cartridge; Q-bert II; Super Action Soccer
1A3F	3	Final Test Cartridge; Q-bert II; Super Action Soccer
1A40	3	Final Test Cartridge; Q-bert II; Super Action Soccer
1A41	3	Final Test Cartridge; Q-bert II; Super Action Soccer
1A42	3	Final Test Cartridge; Q-bert II; Super Action Soccer
1A43	3	Final Test Cartridge; Q-bert II; Super Action Soccer
1A44	2	Final Test Cartridge; Super Action Soccer
1A45	3	Final Test Cartridge; Q-bert II; Super Action Soccer
1A46	2	Final Test Cartridge; Super Action Soccer
1A47	2	Final Test Cartridge; Super Action Soccer
1A48	2	Final Test Cartridge; Super Action Soccer
1A49	2	Final Test Cartridge; Super Action Soccer
1A4A	3	Final Test Cartridge; Q-bert II; Super Action Soccer
1A4B	3	Final Test Cartridge; Q-bert II; Super Action Soccer
1A4C	2	Final Test Cartridge; Super Action Soccer
1A4D	2	Final Test Cartridge; Super Action Soccer
1A4E	2	Final Test Cartridge; Super Action Soccer
1A4F	3	Final Test Cartridge; Q-bert II; Super Action Soccer
1A50	2	Final Test Cartridge; Super Action Soccer
1A51	2	Final Test Cartridge; Super Action Soccer
1A52	2	Final Test Cartridge; Super Action Soccer
1A53	3	Final Test Cartridge; Q-bert II; Super Action Soccer
1A54	2	Final Test Cartridge; Super Action Soccer
1A55	2	Final Test Cartridge; Super Action Soccer
1A56	2	Final Test Cartridge; Super Action Soccer
1A57	3	Final Test Cartridge; Q-bert II; Super Action Soccer
1A58	2	Final Test Cartridge; Super Action Soccer
1A59	2	Final Test Cartridge; Super Action Soccer
1A5A	3	Final Test Cartridge; Q-bert II; Super Action Soccer
1A5B	3	Final Test Cartridge; Pac-Man; Super Action Soccer
1A5C	3	Final Test Cartridge; Q-bert II; Super Action Soccer
1A5D	3	Final Test Cartridge; Q-bert II; Super Action Soccer
1A5E	3	Final Test Cartridge; Q-bert II; Super Action Soccer
1A5F	2	Final Test Cartridge; Super Action Soccer
1A60	3	Final Test Cartridge; Q-bert II; Super Action Soccer
1A61	3	Final Test Cartridge; Q-bert II; Super Action Soccer
1A62	2	Final Test Cartridge; Super Action Soccer
1A63	2	Final Test Cartridge; Super Action Soccer
1A64	3	Final Test Cartridge; Q-bert II; Super Action Soccer
1A65	3	Final Test Cartridge; Q-bert II; Super Action Soccer
1A66	2	Final Test Cartridge; Super Action Soccer
1A67	2	Final Test Cartridge; Super Action Soccer
1A68	2	Final Test Cartridge; Super Action Soccer
1A69	2	Final Test Cartridge; Super Action Soccer
1A6A	2	Final Test Cartridge; Super Action Soccer
1A6B	4	Final Test Cartridge; Monkey Academy; Q-bert II
1A6C	3	Final Test Cartridge; Monkey Academy; Super Action Soccer
1A6D	2	Final Test Cartridge; Super Action Soccer
1A6E	3	Final Test Cartridge; Q-bert II; Super Action Soccer
1A6F	3	Final Test Cartridge; Q-bert II; Super Action Soccer
1A70	3	Final Test Cartridge; Q-bert II; Super Action Soccer
1A71	2	Final Test Cartridge; Super Action Soccer
1A72	3	Final Test Cartridge; Q-bert II; Super Action Soccer
1A73	3	Final Test Cartridge; Q-bert II; Super Action Soccer
1A74	3	Final Test Cartridge; Q-bert II; Super Action Soccer
1A75	3	Final Test Cartridge; Q-bert II; Super Action Soccer
1A76	2	Final Test Cartridge; Super Action Soccer
1A77	3	Final Test Cartridge; Q-bert II; Super Action Soccer
1A78	2	Final Test Cartridge; Super Action Soccer
1A79	2	Final Test Cartridge; Super Action Soccer
1A7A	2	Final Test Cartridge; Super Action Soccer
1A7B	3	Final Test Cartridge; Q-bert II; Super Action Soccer
1A7C	2	Final Test Cartridge; Super Action Soccer
1A7D	2	Final Test Cartridge; Super Action Soccer
1A7E	2	Final Test Cartridge; Super Action Soccer
1A7F	3	Final Test Cartridge; Q-bert II; Super Action Soccer
1A80	3	Final Test Cartridge; Q-bert II; Super Action Soccer
1A81	2	Final Test Cartridge; Super Action Soccer
1A82	2	Final Test Cartridge; Super Action Soccer
1A83	2	Final Test Cartridge; Super Action Soccer
1A84	3	Final Test Cartridge; Q-bert II; Super Action Soccer
1A85	2	Final Test Cartridge; Super Action Soccer
1A86	2	Final Test Cartridge; Super Action Soccer
1A87	3	Final Test Cartridge; Q-bert II; Super Action Soccer
1A88	2	Final Test Cartridge; Super Action Soccer
1A89	3	Final Test Cartridge; Q-bert II; Super Action Soccer
1A8A	2	Final Test Cartridge; Super Action Soccer
1A8B	2	Final Test Cartridge; Super Action Soccer
1A8C	2	Final Test Cartridge; Super Action Soccer
1A8D	2	Final Test Cartridge; Super Action Soccer
1A8E	2	Final Test Cartridge; Super Action Soccer
1A8F	3	Final Test Cartridge; Q-bert II; Super Action Soccer
1A90	2	Final Test Cartridge; Super Action Soccer
1A91	2	Final Test Cartridge; Super Action Soccer
1A92	3	Final Test Cartridge; Q-bert II; Super Action Soccer
1A93	2	Final Test Cartridge; Super Action Soccer
1A94	3	Final Test Cartridge; Q-bert II; Super Action Soccer
1A95	2	Final Test Cartridge; Super Action Soccer
1A96	3	Final Test Cartridge; Q-bert II; Super Action Soccer
1A97	3	Final Test Cartridge; Q-bert II; Super Action Soccer
1A98	2	Final Test Cartridge; Super Action Soccer
1A99	2	Final Test Cartridge; Super Action Soccer
1A9A	3	Final Test Cartridge; Q-bert II; Super Action Soccer
1A9B	3	Final Test Cartridge; Q-bert II; Super Action Soccer
1A9C	3	Final Test Cartridge; Q-bert II; Super Action Soccer
1A9D	2	Final Test Cartridge; Super Action Soccer
1A9E	2	Final Test Cartridge; Super Action Soccer
1A9F	2	Final Test Cartridge; Super Action Soccer
1AA0	3	Final Test Cartridge; Q-bert II; Super Action Soccer
1AA1	2	Final Test Cartridge; Super Action Soccer
1AA2	3	Final Test Cartridge; Q-bert II; Super Action Soccer
1AA3	2	Final Test Cartridge; Super Action Soccer
1AA4	2	Final Test Cartridge; Super Action Soccer
1AA5	2	Final Test Cartridge; Super Action Soccer
1AA6	2	Final Test Cartridge; Super Action Soccer
1AA7	2	Final Test Cartridge; Super Action Soccer
1AA8	3	Final Test Cartridge; Q-bert II; Super Action Soccer
1AA9	2	Final Test Cartridge; Super Action Soccer
1AAA	2	Final Test Cartridge; Super Action Soccer
1AAB	2	Final Test Cartridge; Super Action Soccer
1AAC	2	Final Test Cartridge; Super Action Soccer
1AAD	2	Final Test Cartridge; Super Action Soccer
1AAE	2	Final Test Cartridge; Super Action Soccer
1AAF	2	Final Test Cartridge; Super Action Soccer
1AB0	2	Final Test Cartridge; Super Action Soccer
1AB1	3	Final Test Cartridge; Q-bert II; Super Action Soccer
1AB2	2	Final Test Cartridge; Super Action Soccer
1AB3	3	Final Test Cartridge; Q-bert II; Super Action Soccer
1AB4	2	Final Test Cartridge; Super Action Soccer
1AB5	2	Final Test Cartridge; Super Action Soccer
1AB6	2	Final Test Cartridge; Super Action Soccer
1AB7	2	Final Test Cartridge; Super Action Soccer
1AB8	2	Final Test Cartridge; Super Action Soccer
1AB9	3	Final Test Cartridge; Q-bert II; Super Action Soccer
1ABA	3	Final Test Cartridge; Q-bert II; Super Action Soccer
1ABB	3	Final Test Cartridge; Q-bert II; Super Action Soccer
1ABC	2	Final Test Cartridge; Super Action Soccer
1ABD	2	Final Test Cartridge; Super Action Soccer
1ABE	3	Final Test Cartridge; Q-bert II; Super Action Soccer
1ABF	2	Final Test Cartridge; Super Action Soccer
1AC0	3	Final Test Cartridge; Q-bert II; Super Action Soccer
1AC1	2	Final Test Cartridge; Super Action Soccer
1AC2	2	Final Test Cartridge; Super Action Soccer
1AC3	2	Final Test Cartridge; Super Action Soccer
1AC4	2	Final Test Cartridge; Super Action Soccer
1AC5	2	Final Test Cartridge; Super Action Soccer
1AC6	2	Final Test Cartridge; Super Action Soccer
1AC7	2	Final Test Cartridge; Super Action Soccer
1AC8	2	Final Test Cartridge; Super Action Soccer
1AC9	3	Final Test Cartridge; Q-bert II; Super Action Soccer
1ACA	2	Final Test Cartridge; Super Action Soccer
1ACB	2	Final Test Cartridge; Super Action Soccer
1ACC	2	Final Test Cartridge; Super Action Soccer
1ACD	2	Final Test Cartridge; Super Action Soccer
1ACE	3	Final Test Cartridge; Q-bert II; Super Action Soccer
1ACF	2	Final Test Cartridge; Super Action Soccer
1AD0	2	Final Test Cartridge; Super Action Soccer
1AD1	3	Final Test Cartridge; Q-bert II; Super Action Soccer
1AD2	2	Final Test Cartridge; Super Action Soccer
1AD3	2	Final Test Cartridge; Super Action Soccer
1AD4	2	Final Test Cartridge; Super Action Soccer
1AD5	2	Final Test Cartridge; Super Action Soccer
1AD6	3	Final Test Cartridge; Q-bert II; Super Action Soccer
1AD7	2	Final Test Cartridge; Super Action Soccer
1AD8	2	Final Test Cartridge; Super Action Soccer
1AD9	3	Final Test Cartridge; Q-bert II; Super Action Soccer
1ADA	2	Final Test Cartridge; Super Action Soccer
1ADB	2	Final Test Cartridge; Super Action Soccer
1ADC	2	Final Test Cartridge; Super Action Soccer
1ADD	2	Final Test Cartridge; Super Action Soccer
1ADE	3	Final Test Cartridge; Q-bert II; Super Action Soccer
1ADF	2	Final Test Cartridge; Super Action Soccer
1AE0	3	Final Test Cartridge; H.E.R.O.; Super Action Soccer
1AE1	4	Final Test Cartridge; H.E.R.O.; Q-bert II
1AE2	3	Final Test Cartridge; H.E.R.O.; Super Action Soccer
1AE3	3	Final Test Cartridge; H.E.R.O.; Super Action Soccer
1AE4	3	Final Test Cartridge; H.E.R.O.; Super Action Soccer
1AE5	3	Final Test Cartridge; H.E.R.O.; Super Action Soccer
1AE6	4	Final Test Cartridge; H.E.R.O.; Q-bert II
1AE7	4	Final Test Cartridge; H.E.R.O.; Q-bert II
1AE8	3	Final Test Cartridge; H.E.R.O.; Super Action Soccer
1AE9	4	Final Test Cartridge; H.E.R.O.; Q-bert II
1AEA	3	Final Test Cartridge; H.E.R.O.; Super Action Soccer
1AEB	3	Final Test Cartridge; H.E.R.O.; Super Action Soccer
1AEC	4	Final Test Cartridge; H.E.R.O.; Q-bert II
1AED	3	Final Test Cartridge; H.E.R.O.; Super Action Soccer
1AEE	3	Final Test Cartridge; H.E.R.O.; Super Action Soccer
1AEF	3	Final Test Cartridge; H.E.R.O.; Super Action Soccer
1AF0	3	Final Test Cartridge; H.E.R.O.; Super Action Soccer
1AF1	3	Final Test Cartridge; H.E.R.O.; Super Action Soccer
1AF2	3	Final Test Cartridge; H.E.R.O.; Super Action Soccer
1AF3	3	Final Test Cartridge; H.E.R.O.; Super Action Soccer
1AF4	3	Final Test Cartridge; H.E.R.O.; Super Action Soccer
1AF5	3	Final Test Cartridge; H.E.R.O.; Super Action Soccer
1AF6	3	Final Test Cartridge; H.E.R.O.; Super Action Soccer
1AF7	4	Final Test Cartridge; H.E.R.O.; Q-bert II
1AF8	3	Final Test Cartridge; H.E.R.O.; Super Action Soccer
1AF9	4	Final Test Cartridge; H.E.R.O.; Q-bert II
1AFA	3	Final Test Cartridge; H.E.R.O.; Super Action Soccer
1AFB	3	Final Test Cartridge; H.E.R.O.; Super Action Soccer
1AFC	3	Final Test Cartridge; H.E.R.O.; Super Action Soccer
1AFD	3	Final Test Cartridge; H.E.R.O.; Super Action Soccer
1AFE	3	Final Test Cartridge; H.E.R.O.; Super Action Soccer
1AFF	3	Final Test Cartridge; H.E.R.O.; Super Action Soccer
1B00	3	Final Test Cartridge; Q-bert II; Super Action Soccer
1B01	3	Final Test Cartridge; Q-bert II; Super Action Soccer
1B02	3	Final Test Cartridge; Q-bert II; Super Action Soccer
1B03	3	Final Test Cartridge; Q-bert II; Super Action Soccer
1B04	3	Final Test Cartridge; Q-bert II; Super Action Soccer
1B05	3	Final Test Cartridge; Q-bert II; Super Action Soccer
1B06	3	Final Test Cartridge; Q-bert II; Super Action Soccer
1B07	3	Final Test Cartridge; Q-bert II; Super Action Soccer
1B08	2	Final Test Cartridge; Super Action Soccer
1B09	3	Final Test Cartridge; Q-bert II; Super Action Soccer
1B0A	3	Final Test Cartridge; Q-bert II; Super Action Soccer
1B0B	3	Final Test Cartridge; Q-bert II; Super Action Soccer
1B0C	3	Final Test Cartridge; Q-bert II; Super Action Soccer
1B0D	3	Final Test Cartridge; Q-bert II; Super Action Soccer
1B0E	3	Final Test Cartridge; Q-bert II; Super Action Soccer
1B0F	3	Final Test Cartridge; Q-bert II; Super Action Soccer
1B10	2	Final Test Cartridge; Super Action Soccer
1B11	3	Final Test Cartridge; Q-bert II; Super Action Soccer
1B12	3	Final Test Cartridge; Q-bert II; Super Action Soccer
1B13	3	Final Test Cartridge; Q-bert II; Super Action Soccer
1B14	2	Final Test Cartridge; Super Action Soccer
1B15	2	Final Test Cartridge; Super Action Soccer
1B16	3	Final Test Cartridge; Q-bert II; Super Action Soccer
1B17	3	Final Test Cartridge; Q-bert II; Super Action Soccer
1B18	3	Final Test Cartridge; Q-bert II; Super Action Soccer
1B19	3	Final Test Cartridge; Q-bert II; Super Action Soccer
1B1A	3	Final Test Cartridge; Q-bert II; Super Action Soccer
1B1B	3	Final Test Cartridge; Q-bert II; Super Action Soccer
1B1C	3	Final Test Cartridge; Q-bert II; Super Action Soccer
1B1D	3	Final Test Cartridge; Q-bert II; Super Action Soccer
1B1E	3	Final Test Cartridge; Q-bert II; Super Action Soccer
1B1F	3	Final Test Cartridge; Q-bert II; Super Action Soccer
1B20	3	Final Test Cartridge; Q-bert II; Super Action Soccer
1B21	3	Final Test Cartridge; Q-bert II; Super Action Soccer
1B22	3	Final Test Cartridge; Q-bert II; Super Action Soccer
1B23	3	Final Test Cartridge; Q-bert II; Super Action Soccer
1B24	3	Final Test Cartridge; Q-bert II; Super Action Soccer
1B25	3	Final Test Cartridge; Q-bert II; Super Action Soccer
1B26	3	Final Test Cartridge; Q-bert II; Super Action Soccer
1B27	3	Final Test Cartridge; Q-bert II; Super Action Soccer
1B28	2	Final Test Cartridge; Super Action Soccer
1B29	3	Final Test Cartridge; Q-bert II; Super Action Soccer
1B2A	3	Final Test Cartridge; Q-bert II; Super Action Soccer
1B2B	3	Final Test Cartridge; Q-bert II; Super Action Soccer
1B2C	3	Final Test Cartridge; Q-bert II; Super Action Soccer
1B2D	4	Final Test Cartridge; Monkey Academy; Q-bert II
1B2E	4	Final Test Cartridge; Monkey Academy; Q-bert II
1B2F	3	Final Test Cartridge; Q-bert II; Super Action Soccer
1B30	3	Final Test Cartridge; Q-bert II; Super Action Soccer
1B31	3	Final Test Cartridge; Q-bert II; Super Action Soccer
1B32	3	Final Test Cartridge; Q-bert II; Super Action Soccer
1B33	3	Final Test Cartridge; Q-bert II; Super Action Soccer
1B34	2	Final Test Cartridge; Super Action Soccer
1B35	3	Final Test Cartridge; Q-bert II; Super Action Soccer
1B36	3	Final Test Cartridge; Q-bert II; Super Action Soccer
1B37	3	Final Test Cartridge; Q-bert II; Super Action Soccer
1B38	2	Final Test Cartridge; Super Action Soccer
1B39	3	Final Test Cartridge; Q-bert II; Super Action Soccer
1B3A	3	Final Test Cartridge; Q-bert II; Super Action Soccer
1B3B	3	Final Test Cartridge; Q-bert II; Super Action Soccer
1B3C	3	Final Test Cartridge; Q-bert II; Super Action Soccer
1B3D	3	Final Test Cartridge; Q-bert II; Super Action Soccer
1B3E	3	Final Test Cartridge; Q-bert II; Super Action Soccer
1B3F	3	Final Test Cartridge; Q-bert II; Super Action Soccer
1B40	3	Final Test Cartridge; Q-bert II; Super Action Soccer
1B41	2	Final Test Cartridge; Super Action Soccer
1B42	3	Final Test Cartridge; Q-bert II; Super Action Soccer
1B43	2	Final Test Cartridge; Super Action Soccer
1B44	3	Final Test Cartridge; Q-bert II; Super Action Soccer
1B45	2	Final Test Cartridge; Super Action Soccer
1B46	3	Final Test Cartridge; Q-bert II; Super Action Soccer
1B47	3	Final Test Cartridge; Q-bert II; Super Action Soccer
1B48	2	Final Test Cartridge; Super Action Soccer
1B49	2	Final Test Cartridge; Super Action Soccer
1B4A	2	Final Test Cartridge; Super Action Soccer
1B4B	3	Final Test Cartridge; Q-bert II; Super Action Soccer
1B4C	2	Final Test Cartridge; Super Action Soccer
1B4D	2	Final Test Cartridge; Super Action Soccer
1B4E	3	Final Test Cartridge; Q-bert II; Super Action Soccer
1B4F	3	Final Test Cartridge; Q-bert II; Super Action Soccer
1B50	2	Final Test Cartridge; Super Action Soccer
1B51	2	Final Test Cartridge; Super Action Soccer
1B52	3	Final Test Cartridge; Q-bert II; Super Action Soccer
1B53	3	Final Test Cartridge; Q-bert II; Super Action Soccer
1B54	3	Final Test Cartridge; Q-bert II; Super Action Soccer
1B55	3	Final Test Cartridge; Q-bert II; Super Action Soccer
1B56	2	Final Test Cartridge; Super Action Soccer
1B57	2	Final Test Cartridge; Super Action Soccer
1B58	3	Final Test Cartridge; Q-bert II; Super Action Soccer
1B59	2	Final Test Cartridge; Super Action Soccer
1B5A	2	Final Test Cartridge; Super Action Soccer
1B5B	2	Final Test Cartridge; Super Action Soccer
1B5C	3	Final Test Cartridge; Pac-Man; Super Action Soccer
1B5D	3	Final Test Cartridge; Q-bert II; Super Action Soccer
1B5E	3	Final Test Cartridge; Q-bert II; Super Action Soccer
1B5F	2	Final Test Cartridge; Super Action Soccer
1B60	3	Final Test Cartridge; Q-bert II; Super Action Soccer
1B61	2	Final Test Cartridge; Super Action Soccer
1B62	3	Final Test Cartridge; Q-bert II; Super Action Soccer
1B63	2	Final Test Cartridge; Super Action Soccer
1B64	3	Final Test Cartridge; Q-bert II; Super Action Soccer
1B65	2	Final Test Cartridge; Super Action Soccer
1B66	3	Final Test Cartridge; Monkey Academy; Super Action Soccer
1B67	3	Final Test Cartridge; Monkey Academy; Super Action Soccer
1B68	3	Final Test Cartridge; Q-bert II; Super Action Soccer
1B69	2	Final Test Cartridge; Super Action Soccer
1B6A	2	Final Test Cartridge; Super Action Soccer
1B6B	3	Final Test Cartridge; Q-bert II; Super Action Soccer
1B6C	2	Final Test Cartridge; Super Action Soccer
1B6D	3	Final Test Cartridge; Q-bert II; Super Action Soccer
1B6E	3	Final Test Cartridge; Q-bert II; Super Action Soccer
1B6F	2	Final Test Cartridge; Super Action Soccer
1B70	3	Final Test Cartridge; Q-bert II; Super Action Soccer
1B71	2	Final Test Cartridge; Super Action Soccer
1B72	3	Final Test Cartridge; Q-bert II; Super Action Soccer
1B73	3	Final Test Cartridge; Q-bert II; Super Action Soccer
1B74	2	Final Test Cartridge; Super Action Soccer
1B75	3	Final Test Cartridge; Q-bert II; Super Action Soccer
1B76	3	Final Test Cartridge; Q-bert II; Super Action Soccer
1B77	2	Final Test Cartridge; Super Action Soccer
1B78	2	Final Test Cartridge; Super Action Soccer
1B79	2	Final Test Cartridge; Super Action Soccer
1B7A	3	Final Test Cartridge; Q-bert II; Super Action Soccer
1B7B	3	Final Test Cartridge; Q-bert II; Super Action Soccer
1B7C	2	Final Test Cartridge; Super Action Soccer
1B7D	3	Final Test Cartridge; Q-bert II; Super Action Soccer
1B7E	3	Final Test Cartridge; Q-bert II; Super Action Soccer
1B7F	3	Final Test Cartridge; Q-bert II; Super Action Soccer
1B80	4	Final Test Cartridge; Monkey Academy; Q-bert II
1B81	3	Final Test Cartridge; Monkey Academy; Super Action Soccer
1B82	2	Final Test Cartridge; Super Action Soccer
1B83	3	Final Test Cartridge; Q-bert II; Super Action Soccer
1B84	3	Final Test Cartridge; Q-bert II; Super Action Soccer
1B85	2	Final Test Cartridge; Super Action Soccer
1B86	2	Final Test Cartridge; Super Action Soccer
1B87	2	Final Test Cartridge; Super Action Soccer
1B88	3	Final Test Cartridge; Q-bert II; Super Action Soccer
1B89	3	Final Test Cartridge; Q-bert II; Super Action Soccer
1B8A	3	Final Test Cartridge; Q-bert II; Super Action Soccer
1B8B	2	Final Test Cartridge; Super Action Soccer
1B8C	2	Final Test Cartridge; Super Action Soccer
1B8D	2	Final Test Cartridge; Super Action Soccer
1B8E	3	Final Test Cartridge; Q-bert II; Super Action Soccer
1B8F	2	Final Test Cartridge; Super Action Soccer
1B90	2	Final Test Cartridge; Super Action Soccer
1B91	2	Final Test Cartridge; Super Action Soccer
1B92	2	Final Test Cartridge; Super Action Soccer
1B93	3	Final Test Cartridge; Q-bert II; Super Action Soccer
1B94	2	Final Test Cartridge; Super Action Soccer
1B95	2	Final Test Cartridge; Super Action Soccer
1B96	2	Final Test Cartridge; Super Action Soccer
1B97	3	Final Test Cartridge; Q-bert II; Super Action Soccer
1B98	2	Final Test Cartridge; Super Action Soccer
1B99	3	Final Test Cartridge; Q-bert II; Super Action Soccer
1B9A	3	Final Test Cartridge; Q-bert II; Super Action Soccer
1B9B	2	Final Test Cartridge; Super Action Soccer
1B9C	3	Final Test Cartridge; Q-bert II; Super Action Soccer
1B9D	2	Final Test Cartridge; Super Action Soccer
1B9E	3	Brain Strainers; Final Test Cartridge; Super Action Soccer
1B9F	2	Final Test Cartridge; Super Action Soccer
1BA0	2	Final Test Cartridge; Super Action Soccer
1BA1	2	Final Test Cartridge; Super Action Soccer
1BA2	2	Final Test Cartridge; Super Action Soccer
1BA3	2	Final Test Cartridge; Super Action Soccer
1BA4	2	Final Test Cartridge; Super Action Soccer
1BA5	2	Final Test Cartridge; Super Action Soccer
1BA6	2	Final Test Cartridge; Super Action Soccer
1BA7	2	Final Test Cartridge; Super Action Soccer
1BA8	2	Final Test Cartridge; Super Action Soccer
1BA9	2	Final Test Cartridge; Super Action Soccer
1BAA	3	Final Test Cartridge; Q-bert II; Super Action Soccer
1BAB	3	Final Test Cartridge; Q-bert II; Super Action Soccer
1BAC	2	Final Test Cartridge; Super Action Soccer
1BAD	2	Final Test Cartridge; Super Action Soccer
1BAE	3	Final Test Cartridge; Q-bert II; Super Action Soccer
1BAF	2	Final Test Cartridge; Super Action Soccer
1BB0	2	Final Test Cartridge; Super Action Soccer
1BB1	2	Final Test Cartridge; Super Action Soccer
1BB2	2	Final Test Cartridge; Super Action Soccer
1BB3	3	Final Test Cartridge; Q-bert II; Super Action Soccer
1BB4	2	Final Test Cartridge; Super Action Soccer
1BB5	2	Final Test Cartridge; Super Action Soccer
1BB6	2	Final Test Cartridge; Super Action Soccer
1BB7	2	Final Test Cartridge; Super Action Soccer
1BB8	2	Final Test Cartridge; Super Action Soccer
1BB9	2	Final Test Cartridge; Super Action Soccer
1BBA	2	Final Test Cartridge; Super Action Soccer
1BBB	3	Final Test Cartridge; Q-bert II; Super Action Soccer
1BBC	2	Final Test Cartridge; Super Action Soccer
1BBD	2	Final Test Cartridge; Super Action Soccer
1BBE	2	Final Test Cartridge; Super Action Soccer
1BBF	2	Final Test Cartridge; Super Action Soccer
1BC0	3	Final Test Cartridge; Q-bert II; Super Action Soccer
1BC1	2	Final Test Cartridge; Super Action Soccer
1BC2	2	Final Test Cartridge; Super Action Soccer
1BC3	2	Final Test Cartridge; Super Action Soccer
1BC4	2	Final Test Cartridge; Super Action Soccer
1BC5	3	Final Test Cartridge; Q-bert II; Super Action Soccer
1BC6	2	Final Test Cartridge; Super Action Soccer
1BC7	2	Final Test Cartridge; Super Action Soccer
1BC8	2	Final Test Cartridge; Super Action Soccer
1BC9	3	Final Test Cartridge; Q-bert II; Super Action Soccer
1BCA	2	Final Test Cartridge; Super Action Soccer
1BCB	2	Final Test Cartridge; Super Action Soccer
1BCC	2	Final Test Cartridge; Super Action Soccer
1BCD	2	Final Test Cartridge; Super Action Soccer
1BCE	3	Final Test Cartridge; Q-bert II; Super Action Soccer
1BCF	3	Final Test Cartridge; Q-bert II; Super Action Soccer
1BD0	3	Final Test Cartridge; Q-bert II; Super Action Soccer
1BD1	2	Final Test Cartridge; Super Action Soccer
1BD2	2	Final Test Cartridge; Super Action Soccer
1BD3	2	Final Test Cartridge; Super Action Soccer
1BD4	2	Final Test Cartridge; Super Action Soccer
1BD5	2	Final Test Cartridge; Super Action Soccer
1BD6	2	Final Test Cartridge; Super Action Soccer
1BD7	2	Final Test Cartridge; Super Action Soccer
1BD8	2	Final Test Cartridge; Super Action Soccer
1BD9	3	Final Test Cartridge; Q-bert II; Super Action Soccer
1BDA	2	Final Test Cartridge; Super Action Soccer
1BDB	2	Final Test Cartridge; Super Action Soccer
1BDC	3	Final Test Cartridge; Q-bert II; Super Action Soccer
1BDD	2	Final Test Cartridge; Super Action Soccer
1BDE	2	Final Test Cartridge; Super Action Soccer
1BDF	3	Final Test Cartridge; Q-bert II; Super Action Soccer
1BE0	2	Final Test Cartridge; Super Action Soccer
1BE1	2	Final Test Cartridge; Super Action Soccer
1BE2	2	Final Test Cartridge; Super Action Soccer
1BE3	3	Final Test Cartridge; Q-bert II; Super Action Soccer
1BE4	2	Final Test Cartridge; Super Action Soccer
1BE5	2	Final Test Cartridge; Super Action Soccer
1BE6	2	Final Test Cartridge; Super Action Soccer
1BE7	2	Final Test Cartridge; Super Action Soccer
1BE8	2	Final Test Cartridge; Super Action Soccer
1BE9	2	Final Test Cartridge; Super Action Soccer
1BEA	3	Final Test Cartridge; Q-bert II; Super Action Soccer
1BEB	2	Final Test Cartridge; Super Action Soccer
1BEC	2	Final Test Cartridge; Super Action Soccer
1BED	2	Final Test Cartridge; Super Action Soccer
1BEE	2	Final Test Cartridge; Super Action Soccer
1BEF	3	Final Test Cartridge; Q-bert II; Super Action Soccer
1BF0	3	Final Test Cartridge; Q-bert II; Super Action Soccer
1BF1	2	Final Test Cartridge; Super Action Soccer
1BF2	3	Final Test Cartridge; Q-bert II; Super Action Soccer
1BF3	3	Final Test Cartridge; Q-bert II; Super Action Soccer
1BF4	2	Final Test Cartridge; Super Action Soccer
1BF5	2	Final Test Cartridge; Super Action Soccer
1BF6	2	Final Test Cartridge; Super Action Soccer
1BF7	3	Final Test Cartridge; Q-bert II; Super Action Soccer
1BF8	2	Final Test Cartridge; Super Action Soccer
1BF9	2	Final Test Cartridge; Super Action Soccer
1BFA	2	Final Test Cartridge; Super Action Soccer
1BFB	2	Final Test Cartridge; Super Action Soccer
1BFC	2	Final Test Cartridge; Super Action Soccer
1BFD	2	Final Test Cartridge; Super Action Soccer
1BFE	3	Final Test Cartridge; Q-bert II; Super Action Soccer
1BFF	3	Final Test Cartridge; Q-bert II; Super Action Soccer
1C00	3	Final Test Cartridge; Q-bert II; Super Action Soccer
1C01	3	Final Test Cartridge; Q-bert II; Super Action Soccer
1C02	3	Final Test Cartridge; Q-bert II; Super Action Soccer
1C03	3	Final Test Cartridge; Q-bert II; Super Action Soccer
1C04	3	Final Test Cartridge; Q-bert II; Super Action Soccer
1C05	3	Final Test Cartridge; Q-bert II; Super Action Soccer
1C06	3	Final Test Cartridge; Q-bert II; Super Action Soccer
1C07	3	Final Test Cartridge; Q-bert II; Super Action Soccer
1C08	2	Final Test Cartridge; Super Action Soccer
1C09	3	Final Test Cartridge; Q-bert II; Super Action Soccer
1C0A	3	Final Test Cartridge; Q-bert II; Super Action Soccer
1C0B	3	Final Test Cartridge; Q-bert II; Super Action Soccer
1C0C	3	Final Test Cartridge; Q-bert II; Super Action Soccer
1C0D	3	Final Test Cartridge; Q-bert II; Super Action Soccer
1C0E	3	Final Test Cartridge; Q-bert II; Super Action Soccer
1C0F	3	Final Test Cartridge; Q-bert II; Super Action Soccer
1C10	2	Final Test Cartridge; Super Action Soccer
1C11	3	Final Test Cartridge; Q-bert II; Super Action Soccer
1C12	3	Final Test Cartridge; Q-bert II; Super Action Soccer
1C13	2	Final Test Cartridge; Super Action Soccer
1C14	3	Final Test Cartridge; Q-bert II; Super Action Soccer
1C15	3	Final Test Cartridge; Q-bert II; Super Action Soccer
1C16	3	Final Test Cartridge; Q-bert II; Super Action Soccer
1C17	3	Final Test Cartridge; Q-bert II; Super Action Soccer
1C18	2	Final Test Cartridge; Super Action Soccer
1C19	3	Final Test Cartridge; Q-bert II; Super Action Soccer
1C1A	3	Final Test Cartridge; Q-bert II; Super Action Soccer
1C1B	3	Final Test Cartridge; Q-bert II; Super Action Soccer
1C1C	3	Final Test Cartridge; Monkey Academy; Super Action Soccer
1C1D	3	Final Test Cartridge; Monkey Academy; Super Action Soccer
1C1E	3	Final Test Cartridge; Q-bert II; Super Action Soccer
1C1F	2	Final Test Cartridge; Super Action Soccer
1C20	2	Final Test Cartridge; Super Action Soccer
1C21	3	Final Test Cartridge; Q-bert II; Super Action Soccer
1C22	3	Final Test Cartridge; Q-bert II; Super Action Soccer
1C23	3	Final Test Cartridge; Q-bert II; Super Action Soccer
1C24	3	Final Test Cartridge; Q-bert II; Super Action Soccer
1C25	3	Final Test Cartridge; Q-bert II; Super Action Soccer
1C26	3	Final Test Cartridge; Q-bert II; Super Action Soccer
1C27	3	Final Test Cartridge; Q-bert II; Super Action Soccer
1C28	2	Final Test Cartridge; Super Action Soccer
1C29	3	Final Test Cartridge; Q-bert II; Super Action Soccer
1C2A	3	Final Test Cartridge; Q-bert II; Super Action Soccer
1C2B	3	Final Test Cartridge; Q-bert II; Super Action Soccer
1C2C	2	Final Test Cartridge; Super Action Soccer
1C2D	3	Final Test Cartridge; Q-bert II; Super Action Soccer
1C2E	3	Final Test Cartridge; Q-bert II; Super Action Soccer
1C2F	3	Final Test Cartridge; Q-bert II; Super Action Soccer
1C30	2	Final Test Cartridge; Super Action Soccer
1C31	3	Final Test Cartridge; Q-bert II; Super Action Soccer
1C32	3	Final Test Cartridge; Q-bert II; Super Action Soccer
1C33	3	Final Test Cartridge; Q-bert II; Super Action Soccer
1C34	3	Final Test Cartridge; Q-bert II; Super Action Soccer
1C35	3	Final Test Cartridge; Q-bert II; Super Action Soccer
1C36	2	Final Test Cartridge; Super Action Soccer
1C37	3	Final Test Cartridge; Q-bert II; Super Action Soccer
1C38	3	Final Test Cartridge; Q-bert II; Super Action Soccer
1C39	3	Final Test Cartridge; Q-bert II; Super Action Soccer
1C3A	3	Final Test Cartridge; Q-bert II; Super Action Soccer
1C3B	3	Final Test Cartridge; Q-bert II; Super Action Soccer
1C3C	2	Final Test Cartridge; Super Action Soccer
1C3D	3	Final Test Cartridge; Q-bert II; Super Action Soccer
1C3E	3	Final Test Cartridge; Q-bert II; Super Action Soccer
1C3F	3	Final Test Cartridge; Q-bert II; Super Action Soccer
1C40	2	Final Test Cartridge; Super Action Soccer
1C41	2	Final Test Cartridge; Super Action Soccer
1C42	3	Final Test Cartridge; Q-bert II; Super Action Soccer
1C43	3	Final Test Cartridge; Q-bert II; Super Action Soccer
1C44	2	Final Test Cartridge; Super Action Soccer
1C45	2	Final Test Cartridge; Super Action Soccer
1C46	3	Final Test Cartridge; Q-bert II; Super Action Soccer
1C47	3	Final Test Cartridge; Q-bert II; Super Action Soccer
1C48	2	Final Test Cartridge; Super Action Soccer
1C49	2	Final Test Cartridge; Super Action Soccer
1C4A	2	Final Test Cartridge; Super Action Soccer
1C4B	2	Final Test Cartridge; Super Action Soccer
1C4C	2	Final Test Cartridge; Super Action Soccer
1C4D	2	Final Test Cartridge; Super Action Soccer
1C4E	2	Final Test Cartridge; Super Action Soccer
1C4F	2	Final Test Cartridge; Super Action Soccer
1C50	2	Final Test Cartridge; Super Action Soccer
1C51	2	Final Test Cartridge; Super Action Soccer
1C52	2	Final Test Cartridge; Super Action Soccer
1C53	2	Final Test Cartridge; Super Action Soccer
1C54	3	Final Test Cartridge; Q-bert II; Super Action Soccer
1C55	3	Final Test Cartridge; Q-bert II; Super Action Soccer
1C56	3	Final Test Cartridge; Q-bert II; Super Action Soccer
1C57	2	Final Test Cartridge; Super Action Soccer
1C58	3	Final Test Cartridge; Q-bert II; Super Action Soccer
1C59	3	Final Test Cartridge; Q-bert II; Super Action Soccer
1C5A	2	Final Test Cartridge; Super Action Soccer
1C5B	3	Final Test Cartridge; Q-bert II; Super Action Soccer
1C5C	2	Final Test Cartridge; Super Action Soccer
1C5D	4	Final Test Cartridge; Pac-Man; Q-bert II
1C5E	3	Final Test Cartridge; Q-bert II; Super Action Soccer
1C5F	2	Final Test Cartridge; Super Action Soccer
1C60	2	Final Test Cartridge; Super Action Soccer
1C61	2	Final Test Cartridge; Super Action Soccer
1C62	2	Final Test Cartridge; Super Action Soccer
1C63	3	Final Test Cartridge; Q-bert II; Super Action Soccer
1C64	3	Final Test Cartridge; Q-bert II; Super Action Soccer
1C65	3	Final Test Cartridge; Q-bert II; Super Action Soccer
1C66	3	Final Test Cartridge; Q-bert II; Super Action Soccer
1C67	2	Final Test Cartridge; Super Action Soccer
1C68	3	Final Test Cartridge; Q-bert II; Super Action Soccer
1C69	2	Final Test Cartridge; Super Action Soccer
1C6A	2	Final Test Cartridge; Super Action Soccer
1C6B	2	Final Test Cartridge; Super Action Soccer
1C6C	2	Final Test Cartridge; Super Action Soccer
1C6D	2	Final Test Cartridge; Super Action Soccer
1C6E	3	Final Test Cartridge; Q-bert II; Super Action Soccer
1C6F	3	Final Test Cartridge; Q-bert II; Super Action Soccer
1C70	2	Final Test Cartridge; Super Action Soccer
1C71	2	Final Test Cartridge; Super Action Soccer
1C72	2	Final Test Cartridge; Super Action Soccer
1C73	2	Final Test Cartridge; Super Action Soccer
1C74	2	Final Test Cartridge; Super Action Soccer
1C75	2	Final Test Cartridge; Super Action Soccer
1C76	2	Final Test Cartridge; Super Action Soccer
1C77	3	Final Test Cartridge; Q-bert II; Super Action Soccer
1C78	3	Final Test Cartridge; Q-bert II; Super Action Soccer
1C79	2	Final Test Cartridge; Super Action Soccer
1C7A	2	Final Test Cartridge; Super Action Soccer
1C7B	3	Final Test Cartridge; Q-bert II; Super Action Soccer
1C7C	3	Final Test Cartridge; Q-bert II; Super Action Soccer
1C7D	3	Final Test Cartridge; Q-bert II; Super Action Soccer
1C7E	2	Final Test Cartridge; Super Action Soccer
1C7F	2	Final Test Cartridge; Super Action Soccer
1C80	3	Final Test Cartridge; Q-bert II; Super Action Soccer
1C81	3	Final Test Cartridge; Q-bert II; Super Action Soccer
1C82	2	Final Test Cartridge; Super Action Soccer
1C83	2	Final Test Cartridge; Super Action Soccer
1C84	3	Final Test Cartridge; Q-bert II; Super Action Soccer
1C85	3	Final Test Cartridge; Q-bert II; Super Action Soccer
1C86	3	Final Test Cartridge; Q-bert II; Super Action Soccer
1C87	2	Final Test Cartridge; Super Action Soccer
1C88	2	Final Test Cartridge; Super Action Soccer
1C89	2	Final Test Cartridge; Super Action Soccer
1C8A	2	Final Test Cartridge; Super Action Soccer
1C8B	2	Final Test Cartridge; Super Action Soccer
1C8C	2	Final Test Cartridge; Super Action Soccer
1C8D	2	Final Test Cartridge; Super Action Soccer
1C8E	2	Final Test Cartridge; Super Action Soccer
1C8F	2	Final Test Cartridge; Super Action Soccer
1C90	2	Final Test Cartridge; Super Action Soccer
1C91	2	Final Test Cartridge; Super Action Soccer
1C92	2	Final Test Cartridge; Super Action Soccer
1C93	2	Final Test Cartridge; Super Action Soccer
1C94	2	Final Test Cartridge; Super Action Soccer
1C95	2	Final Test Cartridge; Super Action Soccer
1C96	2	Final Test Cartridge; Super Action Soccer
1C97	3	Final Test Cartridge; Q-bert II; Super Action Soccer
1C98	3	Final Test Cartridge; Q-bert II; Super Action Soccer
1C99	2	Final Test Cartridge; Super Action Soccer
1C9A	2	Final Test Cartridge; Super Action Soccer
1C9B	2	Final Test Cartridge; Super Action Soccer
1C9C	2	Final Test Cartridge; Super Action Soccer
1C9D	2	Final Test Cartridge; Super Action Soccer
1C9E	3	Final Test Cartridge; Q-bert II; Super Action Soccer
1C9F	2	Final Test Cartridge; Super Action Soccer
1CA0	3	Final Test Cartridge; Q-bert II; Super Action Soccer
1CA1	2	Final Test Cartridge; Super Action Soccer
1CA2	3	Final Test Cartridge; Q-bert II; Super Action Soccer
1CA3	2	Final Test Cartridge; Super Action Soccer
1CA4	2	Final Test Cartridge; Super Action Soccer
1CA5	3	Final Test Cartridge; Q-bert II; Super Action Soccer
1CA6	2	Final Test Cartridge; Super Action Soccer
1CA7	2	Final Test Cartridge; Super Action Soccer
1CA8	2	Final Test Cartridge; Super Action Soccer
1CA9	3	Final Test Cartridge; Q-bert II; Super Action Soccer
1CAA	2	Final Test Cartridge; Super Action Soccer
1CAB	2	Final Test Cartridge; Super Action Soccer
1CAC	2	Final Test Cartridge; Super Action Soccer
1CAD	2	Final Test Cartridge; Super Action Soccer
1CAE	3	Final Test Cartridge; Q-bert II; Super Action Soccer
1CAF	2	Final Test Cartridge; Super Action Soccer
1CB0	2	Final Test Cartridge; Super Action Soccer
1CB1	2	Final Test Cartridge; Super Action Soccer
1CB2	2	Final Test Cartridge; Super Action Soccer
1CB3	3	Final Test Cartridge; Q-bert II; Super Action Soccer
1CB4	3	Final Test Cartridge; Q-bert II; Super Action Soccer
1CB5	3	Final Test Cartridge; Q-bert II; Super Action Soccer
1CB6	3	Final Test Cartridge; Q-bert II; Super Action Soccer
1CB7	2	Final Test Cartridge; Super Action Soccer
1CB8	2	Final Test Cartridge; Super Action Soccer
1CB9	3	Final Test Cartridge; Q-bert II; Super Action Soccer
1CBA	3	Final Test Cartridge; Q-bert II; Super Action Soccer
1CBB	2	Final Test Cartridge; Super Action Soccer
1CBC	3	Final Test Cartridge; Q-bert II; Super Action Soccer
1CBD	2	Final Test Cartridge; Super Action Soccer
1CBE	2	Final Test Cartridge; Super Action Soccer
1CBF	2	Final Test Cartridge; Super Action Soccer
1CC0	2	Final Test Cartridge; Super Action Soccer
1CC1	2	Final Test Cartridge; Super Action Soccer
1CC2	3	Final Test Cartridge; Q-bert II; Super Action Soccer
1CC3	2	Final Test Cartridge; Super Action Soccer
1CC4	3	Final Test Cartridge; Q-bert II; Super Action Soccer
1CC5	2	Final Test Cartridge; Super Action Soccer
1CC6	2	Final Test Cartridge; Super Action Soccer
1CC7	2	Final Test Cartridge; Super Action Soccer
1CC8	2	Final Test Cartridge; Super Action Soccer
1CC9	3	Final Test Cartridge; Q-bert II; Super Action Soccer
1CCA	2	Final Test Cartridge; Super Action Soccer
1CCB	3	Final Test Cartridge; Q-bert II; Super Action Soccer
1CCC	2	Final Test Cartridge; Super Action Soccer
1CCD	2	Final Test Cartridge; Super Action Soccer
1CCE	2	Final Test Cartridge; Super Action Soccer
1CCF	2	Final Test Cartridge; Super Action Soccer
1CD0	2	Final Test Cartridge; Super Action Soccer
1CD1	3	Final Test Cartridge; Q-bert II; Super Action Soccer
1CD2	2	Final Test Cartridge; Super Action Soccer
1CD3	3	Final Test Cartridge; Q-bert II; Super Action Soccer
1CD4	2	Final Test Cartridge; Super Action Soccer
1CD5	2	Final Test Cartridge; Super Action Soccer
1CD6	2	Final Test Cartridge; Super Action Soccer
1CD7	2	Final Test Cartridge; Super Action Soccer
1CD8	2	Final Test Cartridge; Super Action Soccer
1CD9	2	Final Test Cartridge; Super Action Soccer
1CDA	2	Final Test Cartridge; Super Action Soccer
1CDB	2	Final Test Cartridge; Super Action Soccer
1CDC	3	Final Test Cartridge; Q-bert II; Super Action Soccer
1CDD	2	Final Test Cartridge; Super Action Soccer
1CDE	3	Final Test Cartridge; Q-bert II; Super Action Soccer
1CDF	3	Final Test Cartridge; Q-bert II; Super Action Soccer
1CE0	3	Final Test Cartridge; Q-bert II; Super Action Soccer
1CE1	2	Final Test Cartridge; Super Action Soccer
1CE2	2	Final Test Cartridge; Super Action Soccer
1CE3	2	Final Test Cartridge; Super Action Soccer
1CE4	2	Final Test Cartridge; Super Action Soccer
1CE5	3	Final Test Cartridge; Q-bert II; Super Action Soccer
1CE6	2	Final Test Cartridge; Super Action Soccer
1CE7	3	Final Test Cartridge; Q-bert II; Super Action Soccer
1CE8	2	Final Test Cartridge; Super Action Soccer
1CE9	3	Final Test Cartridge; Q-bert II; Super Action Soccer
1CEA	2	Final Test Cartridge; Super Action Soccer
1CEB	2	Final Test Cartridge; Super Action Soccer
1CEC	2	Final Test Cartridge; Super Action Soccer
1CED	3	Final Test Cartridge; Q-bert II; Super Action Soccer
1CEE	2	Final Test Cartridge; Super Action Soccer
1CEF	2	Final Test Cartridge; Super Action Soccer
1CF0	2	Final Test Cartridge; Super Action Soccer
1CF1	2	Final Test Cartridge; Super Action Soccer
1CF2	2	Final Test Cartridge; Super Action Soccer
1CF3	3	Final Test Cartridge; Q-bert II; Super Action Soccer
1CF4	2	Final Test Cartridge; Super Action Soccer
1CF5	2	Final Test Cartridge; Super Action Soccer
1CF6	2	Final Test Cartridge; Super Action Soccer
1CF7	2	Final Test Cartridge; Super Action Soccer
1CF8	2	Final Test Cartridge; Super Action Soccer
1CF9	3	Final Test Cartridge; Q-bert II; Super Action Soccer
1CFA	3	Final Test Cartridge; Q-bert II; Super Action Soccer
1CFB	3	Final Test Cartridge; Q-bert II; Super Action Soccer
1CFC	2	Final Test Cartridge; Super Action Soccer
1CFD	2	Final Test Cartridge; Super Action Soccer
1CFE	2	Final Test Cartridge; Super Action Soccer
1CFF	2	Final Test Cartridge; Super Action Soccer
1D00	3	Final Test Cartridge; Q-bert II; Super Action Soccer
1D01	2	Final Test Cartridge; Super Action Soccer
1D02	3	Final Test Cartridge; Q-bert II; Super Action Soccer
1D03	3	Final Test Cartridge; Q-bert II; Super Action Soccer
1D04	3	Final Test Cartridge; Q-bert II; Super Action Soccer
1D05	3	Final Test Cartridge; Q-bert II; Super Action Soccer
1D06	3	Final Test Cartridge; Q-bert II; Super Action Soccer
1D07	3	Final Test Cartridge; Q-bert II; Super Action Soccer
1D08	2	Final Test Cartridge; Super Action Soccer
1D09	3	Final Test Cartridge; Q-bert II; Super Action Soccer
1D0A	2	Final Test Cartridge; Super Action Soccer
1D0B	3	Final Test Cartridge; Q-bert II; Super Action Soccer
1D0C	2	Final Test Cartridge; Super Action Soccer
1D0D	3	Final Test Cartridge; Q-bert II; Super Action Soccer
1D0E	3	Final Test Cartridge; Q-bert II; Super Action Soccer
1D0F	3	Final Test Cartridge; Q-bert II; Super Action Soccer
1D10	2	Final Test Cartridge; Super Action Soccer
1D11	3	Final Test Cartridge; Q-bert II; Super Action Soccer
1D12	3	Final Test Cartridge; Q-bert II; Super Action Soccer
1D13	3	Final Test Cartridge; Q-bert II; Super Action Soccer
1D14	3	Final Test Cartridge; Q-bert II; Super Action Soccer
1D15	3	Final Test Cartridge; Q-bert II; Super Action Soccer
1D16	3	Final Test Cartridge; Q-bert II; Super Action Soccer
1D17	3	Final Test Cartridge; Q-bert II; Super Action Soccer
1D18	2	Final Test Cartridge; Super Action Soccer
1D19	3	Final Test Cartridge; Q-bert II; Super Action Soccer
1D1A	3	Final Test Cartridge; Q-bert II; Super Action Soccer
1D1B	3	Final Test Cartridge; Q-bert II; Super Action Soccer
1D1C	3	Final Test Cartridge; Q-bert II; Super Action Soccer
1D1D	3	Final Test Cartridge; Q-bert II; Super Action Soccer
1D1E	3	Final Test Cartridge; Q-bert II; Super Action Soccer
1D1F	3	Final Test Cartridge; Q-bert II; Super Action Soccer
1D20	2	Final Test Cartridge; Super Action Soccer
1D21	3	Final Test Cartridge; Q-bert II; Super Action Soccer
1D22	3	Final Test Cartridge; Q-bert II; Super Action Soccer
1D23	3	Final Test Cartridge; Q-bert II; Super Action Soccer
1D24	3	Final Test Cartridge; Q-bert II; Super Action Soccer
1D25	2	Final Test Cartridge; Super Action Soccer
1D26	3	Final Test Cartridge; Q-bert II; Super Action Soccer
1D27	3	Final Test Cartridge; Q-bert II; Super Action Soccer
1D28	2	Final Test Cartridge; Super Action Soccer
1D29	3	Final Test Cartridge; Q-bert II; Super Action Soccer
1D2A	2	Final Test Cartridge; Super Action Soccer
1D2B	3	Final Test Cartridge; Q-bert II; Super Action Soccer
1D2C	3	Final Test Cartridge; Q-bert II; Super Action Soccer
1D2D	3	Final Test Cartridge; Q-bert II; Super Action Soccer
1D2E	3	Final Test Cartridge; Q-bert II; Super Action Soccer
1D2F	3	Final Test Cartridge; Q-bert II; Super Action Soccer
1D30	3	Final Test Cartridge; Q-bert II; Super Action Soccer
1D31	2	Final Test Cartridge; Super Action Soccer
1D32	3	Final Test Cartridge; Q-bert II; Super Action Soccer
1D33	3	Final Test Cartridge; Q-bert II; Super Action Soccer
1D34	3	Final Test Cartridge; Q-bert II; Super Action Soccer
1D35	3	Final Test Cartridge; Q-bert II; Super Action Soccer
1D36	3	Final Test Cartridge; Q-bert II; Super Action Soccer
1D37	3	Final Test Cartridge; Q-bert II; Super Action Soccer
1D38	2	Final Test Cartridge; Super Action Soccer
1D39	3	Final Test Cartridge; Q-bert II; Super Action Soccer
1D3A	3	Final Test Cartridge; Q-bert II; Super Action Soccer
1D3B	3	Final Test Cartridge; Q-bert II; Super Action Soccer
1D3C	3	Final Test Cartridge; Q-bert II; Super Action Soccer
1D3D	3	Final Test Cartridge; Q-bert II; Super Action Soccer
1D3E	3	Final Test Cartridge; Q-bert II; Super Action Soccer
1D3F	3	Final Test Cartridge; Q-bert II; Super Action Soccer
1D40	2	Final Test Cartridge; Super Action Soccer
1D41	3	Final Test Cartridge; Q-bert II; Super Action Soccer
1D42	2	Final Test Cartridge; Super Action Soccer
1D43	41	Buck Rogers - Planet of Zoom; Final Test Cartridge; Ms. Space Fury
1D44	4	Final Test Cartridge; Q-bert II; Super Action Soccer
1D45	2	Final Test Cartridge; Super Action Soccer
1D46	2	Final Test Cartridge; Super Action Soccer
1D47	41	Buck Rogers - Planet of Zoom; Final Test Cartridge; Ms. Space Fury
1D48	4	Final Test Cartridge; Q-bert II; Super Action Soccer
1D49	3	Final Test Cartridge; Q-bert II; Super Action Soccer
1D4A	2	Final Test Cartridge; Super Action Soccer
1D4B	3	Final Test Cartridge; Q-bert II; Super Action Soccer
1D4C	3	Final Test Cartridge; Q-bert II; Super Action Soccer
1D4D	2	Final Test Cartridge; Super Action Soccer
1D4E	2	Final Test Cartridge; Super Action Soccer
1D4F	3	Final Test Cartridge; Q-bert II; Super Action Soccer
1D50	3	Final Test Cartridge; Q-bert II; Super Action Soccer
1D51	2	Final Test Cartridge; Super Action Soccer
1D52	2	Final Test Cartridge; Super Action Soccer
1D53	3	Final Test Cartridge; Q-bert II; Super Action Soccer
1D54	2	Final Test Cartridge; Super Action Soccer
1D55	3	Final Test Cartridge; Q-bert II; Super Action Soccer
1D56	3	Final Test Cartridge; Q-bert II; Super Action Soccer
1D57	3	Final Test Cartridge; Q-bert II; Super Action Soccer
1D58	3	Final Test Cartridge; Q-bert II; Super Action Soccer
1D59	3	Final Test Cartridge; Q-bert II; Super Action Soccer
1D5A	3	Final Test Cartridge; Q-bert II; Super Action Soccer
1D5B	3	Final Test Cartridge; Q-bert II; Super Action Soccer
1D5C	3	Final Test Cartridge; Q-bert II; Super Action Soccer
1D5D	2	Final Test Cartridge; Super Action Soccer
1D5E	3	Final Test Cartridge; Pac-Man; Super Action Soccer
1D5F	3	Final Test Cartridge; Q-bert II; Super Action Soccer
1D60	3	Final Test Cartridge; Q-bert II; Super Action Soccer
1D61	3	Final Test Cartridge; Q-bert II; Super Action Soccer
1D62	2	Final Test Cartridge; Super Action Soccer
1D63	3	Final Test Cartridge; Q-bert II; Super Action Soccer
1D64	2	Final Test Cartridge; Super Action Soccer
1D65	2	Final Test Cartridge; Super Action Soccer
1D66	3	Final Test Cartridge; Q-bert II; Super Action Soccer
1D67	3	Final Test Cartridge; Q-bert II; Super Action Soccer
1D68	3	Final Test Cartridge; Q-bert II; Super Action Soccer
1D69	3	Final Test Cartridge; Q-bert II; Super Action Soccer
1D6A	3	Final Test Cartridge; Q-bert II; Super Action Soccer
1D6B	2	Final Test Cartridge; Super Action Soccer
1D6C	3	Final Test Cartridge; Q-bert II; Super Action Soccer
1D6D	2	Final Test Cartridge; Super Action Soccer
1D6E	3	Final Test Cartridge; Q-bert II; Super Action Soccer
1D6F	2	Final Test Cartridge; Super Action Soccer
1D70	3	Final Test Cartridge; Q-bert II; Super Action Soccer
1D71	3	Final Test Cartridge; Q-bert II; Super Action Soccer
1D72	2	Final Test Cartridge; Super Action Soccer
1D73	2	Final Test Cartridge; Super Action Soccer
1D74	3	Final Test Cartridge; Q-bert II; Super Action Soccer
1D75	2	Final Test Cartridge; Super Action Soccer
1D76	2	Final Test Cartridge; Super Action Soccer
1D77	2	Final Test Cartridge; Super Action Soccer
1D78	3	Final Test Cartridge; Q-bert II; Super Action Soccer
1D79	3	Final Test Cartridge; Q-bert II; Super Action Soccer
1D7A	3	Final Test Cartridge; Q-bert II; Super Action Soccer
1D7B	2	Final Test Cartridge; Super Action Soccer
1D7C	2	Final Test Cartridge; Super Action Soccer
1D7D	3	Final Test Cartridge; Q-bert II; Super Action Soccer
1D7E	2	Final Test Cartridge; Super Action Soccer
1D7F	3	Final Test Cartridge; Q-bert II; Super Action Soccer
1D80	2	Final Test Cartridge; Super Action Soccer
1D81	2	Final Test Cartridge; Super Action Soccer
1D82	2	Final Test Cartridge; Super Action Soccer
1D83	2	Final Test Cartridge; Super Action Soccer
1D84	2	Final Test Cartridge; Super Action Soccer
1D85	2	Final Test Cartridge; Super Action Soccer
1D86	3	Final Test Cartridge; Q-bert II; Super Action Soccer
1D87	2	Final Test Cartridge; Super Action Soccer
1D88	2	Final Test Cartridge; Super Action Soccer
1D89	2	Final Test Cartridge; Super Action Soccer
1D8A	3	Final Test Cartridge; Q-bert II; Super Action Soccer
1D8B	2	Final Test Cartridge; Super Action Soccer
1D8C	3	Final Test Cartridge; Q-bert II; Super Action Soccer
1D8D	3	Final Test Cartridge; Q-bert II; Super Action Soccer
1D8E	2	Final Test Cartridge; Super Action Soccer
1D8F	2	Final Test Cartridge; Super Action Soccer
1D90	2	Final Test Cartridge; Super Action Soccer
1D91	2	Final Test Cartridge; Super Action Soccer
1D92	2	Final Test Cartridge; Super Action Soccer
1D93	2	Final Test Cartridge; Super Action Soccer
1D94	2	Final Test Cartridge; Super Action Soccer
1D95	3	Final Test Cartridge; Q-bert II; Super Action Soccer
1D96	2	Final Test Cartridge; Super Action Soccer
1D97	3	Final Test Cartridge; Q-bert II; Super Action Soccer
1D98	2	Final Test Cartridge; Super Action Soccer
1D99	2	Final Test Cartridge; Super Action Soccer
1D9A	2	Final Test Cartridge; Super Action Soccer
1D9B	3	Final Test Cartridge; Q-bert II; Super Action Soccer
1D9C	2	Final Test Cartridge; Super Action Soccer
1D9D	2	Final Test Cartridge; Super Action Soccer
1D9E	3	Final Test Cartridge; Q-bert II; Super Action Soccer
1D9F	2	Final Test Cartridge; Super Action Soccer
1DA0	2	Final Test Cartridge; Super Action Soccer
1DA1	2	Final Test Cartridge; Super Action Soccer
1DA2	2	Final Test Cartridge; Super Action Soccer
1DA3	1	Final Test Cartridge
1DA4	1	Final Test Cartridge
1DA5	1	Final Test Cartridge
1DA6	2	Final Test Cartridge; Q-bert II
1DA7	1	Final Test Cartridge
1DA8	1	Final Test Cartridge
1DA9	1	Final Test Cartridge
1DAA	2	Final Test Cartridge; Q-bert II
1DAB	1	Final Test Cartridge
1DAC	1	Final Test Cartridge
1DAD	1	Final Test Cartridge
1DAE	2	Final Test Cartridge; Q-bert II
1DAF	1	Final Test Cartridge
1DB0	2	Final Test Cartridge; Q-bert II
1DB1	2	Final Test Cartridge; Q-bert II
1DB2	1	Final Test Cartridge
1DB3	1	Final Test Cartridge
1DB4	1	Final Test Cartridge
1DB5	1	Final Test Cartridge
1DB6	2	Final Test Cartridge; Q-bert II
1DB7	1	Final Test Cartridge
1DB8	1	Final Test Cartridge
1DB9	2	Final Test Cartridge; Q-bert II
1DBA	1	Final Test Cartridge
1DBB	1	Final Test Cartridge
1DBC	1	Final Test Cartridge
1DBD	1	Final Test Cartridge
1DBE	1	Final Test Cartridge
1DBF	2	Final Test Cartridge; Q-bert II
1DC0	1	Final Test Cartridge
1DC1	1	Final Test Cartridge
1DC2	1	Final Test Cartridge
1DC3	1	Final Test Cartridge
1DC4	1	Final Test Cartridge
1DC5	1	Final Test Cartridge
1DC6	1	Final Test Cartridge
1DC7	1	Final Test Cartridge
1DC8	2	Final Test Cartridge; Q-bert II
1DC9	1	Final Test Cartridge
1DCA	2	Final Test Cartridge; Q-bert II
1DCB	1	Final Test Cartridge
1DCC	1	Final Test Cartridge
1DCD	2	Final Test Cartridge; Q-bert II
1DCE	2	Final Test Cartridge; Q-bert II
1DCF	1	Final Test Cartridge
1DD0	1	Final Test Cartridge
1DD1	1	Final Test Cartridge
1DD2	1	Final Test Cartridge
1DD3	1	Final Test Cartridge
1DD4	1	Final Test Cartridge
1DD5	1	Final Test Cartridge
1DD6	1	Final Test Cartridge
1DD7	1	Final Test Cartridge
1DD8	2	Final Test Cartridge; Q-bert II
1DD9	1	Final Test Cartridge
1DDA	1	Final Test Cartridge
1DDB	1	Final Test Cartridge
1DDC	1	Final Test Cartridge
1DDD	1	Final Test Cartridge
1DDE	1	Final Test Cartridge
1DDF	1	Final Test Cartridge
1DE0	1	Final Test Cartridge
1DE1	1	Final Test Cartridge
1DE2	2	Final Test Cartridge; Q-bert II
1DE3	1	Final Test Cartridge
1DE4	1	Final Test Cartridge
1DE5	2	Final Test Cartridge; Q-bert II
1DE6	2	Final Test Cartridge; Q-bert II
1DE7	1	Final Test Cartridge
1DE8	1	Final Test Cartridge
1DE9	1	Final Test Cartridge
1DEA	1	Final Test Cartridge
1DEB	1	Final Test Cartridge
1DEC	2	Final Test Cartridge; Q-bert II
1DED	1	Final Test Cartridge
1DEE	1	Final Test Cartridge
1DEF	1	Final Test Cartridge
1DF0	1	Final Test Cartridge
1DF1	2	Final Test Cartridge; Q-bert II
1DF2	1	Final Test Cartridge
1DF3	1	Final Test Cartridge
1DF4	1	Final Test Cartridge
1DF5	1	Final Test Cartridge
1DF6	2	Final Test Cartridge; Q-bert II
1DF7	2	Final Test Cartridge; Q-bert II
1DF8	1	Final Test Cartridge
1DF9	2	Final Test Cartridge; Q-bert II
1DFA	1	Final Test Cartridge
1DFB	1	Final Test Cartridge
1DFC	1	Final Test Cartridge
1DFD	2	Final Test Cartridge; Q-bert II
1DFE	2	Final Test Cartridge; Q-bert II
1DFF	2	Final Test Cartridge; Q-bert II
1E00	1	Final Test Cartridge
1E01	2	Final Test Cartridge; Q-bert II
1E02	1	Final Test Cartridge
1E03	2	Final Test Cartridge; Q-bert II
1E04	2	Final Test Cartridge; Q-bert II
1E05	2	Final Test Cartridge; Q-bert II
1E06	2	Final Test Cartridge; Q-bert II
1E07	2	Final Test Cartridge; Q-bert II
1E08	1	Final Test Cartridge
1E09	2	Final Test Cartridge; Q-bert II
1E0A	2	Final Test Cartridge; Q-bert II
1E0B	2	Final Test Cartridge; Q-bert II
1E0C	2	Final Test Cartridge; Q-bert II
1E0D	2	Final Test Cartridge; Q-bert II
1E0E	2	Final Test Cartridge; Q-bert II
1E0F	2	Final Test Cartridge; Q-bert II
1E10	1	Final Test Cartridge
1E11	2	Final Test Cartridge; Q-bert II
1E12	2	Final Test Cartridge; Q-bert II
1E13	2	Final Test Cartridge; Q-bert II
1E14	2	Final Test Cartridge; Q-bert II
1E15	2	Final Test Cartridge; Q-bert II
1E16	2	Final Test Cartridge; Q-bert II
1E17	2	Final Test Cartridge; Q-bert II
1E18	2	Final Test Cartridge; Q-bert II
1E19	2	Final Test Cartridge; Q-bert II
1E1A	2	Final Test Cartridge; Q-bert II
1E1B	2	Final Test Cartridge; Q-bert II
1E1C	2	Final Test Cartridge; Q-bert II
1E1D	2	Final Test Cartridge; Q-bert II
1E1E	1	Final Test Cartridge
1E1F	2	Final Test Cartridge; Q-bert II
1E20	1	Final Test Cartridge
1E21	2	Final Test Cartridge; Q-bert II
1E22	2	Final Test Cartridge; Q-bert II
1E23	2	Final Test Cartridge; Q-bert II
1E24	1	Final Test Cartridge
1E25	2	Final Test Cartridge; Q-bert II
1E26	2	Final Test Cartridge; Q-bert II
1E27	2	Final Test Cartridge; Q-bert II
1E28	2	Final Test Cartridge; Q-bert II
1E29	2	Final Test Cartridge; Q-bert II
1E2A	2	Final Test Cartridge; Q-bert II
1E2B	2	Final Test Cartridge; Q-bert II
1E2C	2	Final Test Cartridge; Q-bert II
1E2D	2	Final Test Cartridge; Q-bert II
1E2E	2	Final Test Cartridge; Q-bert II
1E2F	2	Final Test Cartridge; Q-bert II
1E30	1	Final Test Cartridge
1E31	2	Final Test Cartridge; Q-bert II
1E32	2	Final Test Cartridge; Q-bert II
1E33	2	Final Test Cartridge; Q-bert II
1E34	2	Final Test Cartridge; Q-bert II
1E35	1	Final Test Cartridge
1E36	2	Final Test Cartridge; Q-bert II
1E37	2	Final Test Cartridge; Q-bert II
1E38	2	Final Test Cartridge; Q-bert II
1E39	2	Final Test Cartridge; Q-bert II
1E3A	2	Final Test Cartridge; Q-bert II
1E3B	2	Final Test Cartridge; Q-bert II
1E3C	1	Final Test Cartridge
1E3D	2	Final Test Cartridge; Q-bert II
1E3E	2	Final Test Cartridge; Q-bert II
1E3F	2	Final Test Cartridge; Q-bert II
1E40	1	Final Test Cartridge
1E41	1	Final Test Cartridge
1E42	1	Final Test Cartridge
1E43	2	Final Test Cartridge; Q-bert II
1E44	1	Final Test Cartridge
1E45	1	Final Test Cartridge
1E46	2	Final Test Cartridge; Q-bert II
1E47	1	Final Test Cartridge
1E48	2	Final Test Cartridge; Q-bert II
1E49	2	Final Test Cartridge; Q-bert II
1E4A	2	Final Test Cartridge; Q-bert II
1E4B	2	Final Test Cartridge; Q-bert II
1E4C	2	Final Test Cartridge; Q-bert II
1E4D	2	Final Test Cartridge; Q-bert II
1E4E	1	Final Test Cartridge
1E4F	1	Final Test Cartridge
1E50	1	Final Test Cartridge
1E51	1	Final Test Cartridge
1E52	1	Final Test Cartridge
1E53	1	Final Test Cartridge
1E54	2	Final Test Cartridge; Q-bert II
1E55	1	Final Test Cartridge
1E56	2	Final Test Cartridge; Q-bert II
1E57	1	Final Test Cartridge
1E58	2	Final Test Cartridge; Q-bert II
1E59	1	Final Test Cartridge
1E5A	2	Final Test Cartridge; Q-bert II
1E5B	1	Final Test Cartridge
1E5C	1	Final Test Cartridge
1E5D	1	Final Test Cartridge
1E5E	1	Final Test Cartridge
1E5F	2	Final Test Cartridge; Pac-Man
1E60	1	Final Test Cartridge
1E61	1	Final Test Cartridge
1E62	1	Final Test Cartridge
1E63	1	Final Test Cartridge
1E64	1	Final Test Cartridge
1E65	1	Final Test Cartridge
1E66	2	Final Test Cartridge; Q-bert II
1E67	1	Final Test Cartridge
1E68	1	Final Test Cartridge
1E69	1	Final Test Cartridge
1E6A	2	Final Test Cartridge; Q-bert II
1E6B	2	Final Test Cartridge; Q-bert II
1E6C	2	Final Test Cartridge; Q-bert II
1E6D	2	Final Test Cartridge; Q-bert II
1E6E	2	Final Test Cartridge; Q-bert II
1E6F	1	Final Test Cartridge
1E70	1	Final Test Cartridge
1E71	2	Final Test Cartridge; Q-bert II
1E72	1	Final Test Cartridge
1E73	1	Final Test Cartridge
1E74	1	Final Test Cartridge
1E75	1	Final Test Cartridge
1E76	1	Final Test Cartridge
1E77	1	Final Test Cartridge
1E78	2	Final Test Cartridge; Q-bert II
1E79	2	Final Test Cartridge; Q-bert II
1E7A	1	Final Test Cartridge
1E7B	1	Final Test Cartridge
1E7C	1	Final Test Cartridge
1E7D	1	Final Test Cartridge
1E7E	2	Final Test Cartridge; Q-bert II
1E7F	1	Final Test Cartridge
1E80	1	Final Test Cartridge
1E81	2	Final Test Cartridge; Q-bert II
1E82	1	Final Test Cartridge
1E83	1	Final Test Cartridge
1E84	1	Final Test Cartridge
1E85	2	Final Test Cartridge; Q-bert II
1E86	2	Final Test Cartridge; Q-bert II
1E87	1	Final Test Cartridge
1E88	1	Final Test Cartridge
1E89	2	Final Test Cartridge; Q-bert II
1E8A	2	Final Test Cartridge; Q-bert II
1E8B	1	Final Test Cartridge
1E8C	2	Final Test Cartridge; Q-bert II
1E8D	1	Final Test Cartridge
1E8E	1	Final Test Cartridge
1E8F	1	Final Test Cartridge
1E90	1	Final Test Cartridge
1E91	1	Final Test Cartridge
1E92	1	Final Test Cartridge
1E93	2	Final Test Cartridge; Q-bert II
1E94	1	Final Test Cartridge
1E95	2	Final Test Cartridge; Q-bert II
1E96	2	Final Test Cartridge; Q-bert II
1E97	2	Final Test Cartridge; Q-bert II
1E98	2	Final Test Cartridge; Q-bert II
1E99	1	Final Test Cartridge
1E9A	2	Final Test Cartridge; Q-bert II
1E9B	1	Final Test Cartridge
1E9C	1	Final Test Cartridge
1E9D	2	Final Test Cartridge; Q-bert II
1E9E	1	Final Test Cartridge
1E9F	1	Final Test Cartridge
1EA0	2	Final Test Cartridge; Q-bert II
1EA1	1	Final Test Cartridge
1EA2	1	Final Test Cartridge
1EA3	1	Final Test Cartridge
1EA4	1	Final Test Cartridge
1EA5	1	Final Test Cartridge
1EA6	1	Final Test Cartridge
1EA7	2	Final Test Cartridge; Q-bert II
1EA8	2	Final Test Cartridge; Q-bert II
1EA9	1	Final Test Cartridge
1EAA	1	Final Test Cartridge
1EAB	1	Final Test Cartridge
1EAC	2	Final Test Cartridge; Q-bert II
1EAD	2	Final Test Cartridge; Q-bert II
1EAE	1	Final Test Cartridge
1EAF	2	Final Test Cartridge; Q-bert II
1EB0	1	Final Test Cartridge
1EB1	1	Final Test Cartridge
1EB2	1	Final Test Cartridge
1EB3	2	Final Test Cartridge; Q-bert II
1EB4	1	Final Test Cartridge
1EB5	1	Final Test Cartridge
1EB6	1	Final Test Cartridge
1EB7	1	Final Test Cartridge
1EB8	2	Final Test Cartridge; Q-bert II
1EB9	1	Final Test Cartridge
1EBA	1	Final Test Cartridge
1EBB	1	Final Test Cartridge
1EBC	1	Final Test Cartridge
1EBD	1	Final Test Cartridge
1EBE	1	Final Test Cartridge
1EBF	1	Final Test Cartridge
1EC0	1	Final Test Cartridge
1EC1	1	Final Test Cartridge
1EC2	2	Final Test Cartridge; Q-bert II
1EC3	2	Final Test Cartridge; Q-bert II
1EC4	2	Final Test Cartridge; Q-bert II
1EC5	2	Final Test Cartridge; Q-bert II
1EC6	1	Final Test Cartridge
1EC7	2	Final Test Cartridge; Q-bert II
1EC8	2	Final Test Cartridge; Q-bert II
1EC9	1	Final Test Cartridge
1ECA	1	Final Test Cartridge
1ECB	1	Final Test Cartridge
1ECC	1	Final Test Cartridge
1ECD	2	Final Test Cartridge; Q-bert II
1ECE	1	Final Test Cartridge
1ECF	2	Final Test Cartridge; Q-bert II
1ED0	2	Final Test Cartridge; Q-bert II
1ED1	2	Final Test Cartridge; Q-bert II
1ED2	1	Final Test Cartridge
1ED3	1	Final Test Cartridge
1ED4	1	Final Test Cartridge
1ED5	1	Final Test Cartridge
1ED6	2	Final Test Cartridge; Q-bert II
1ED7	1	Final Test Cartridge
1ED8	1	Final Test Cartridge
1ED9	1	Final Test Cartridge
1EDA	1	Final Test Cartridge
1EDB	1	Final Test Cartridge
1EDC	2	Final Test Cartridge; Q-bert II
1EDD	1	Final Test Cartridge
1EDE	2	Final Test Cartridge; Q-bert II
1EDF	1	Final Test Cartridge
1EE0	1	Final Test Cartridge
1EE1	1	Final Test Cartridge
1EE2	2	Final Test Cartridge; Q-bert II
1EE3	1	Final Test Cartridge
1EE4	2	Final Test Cartridge; Q-bert II
1EE5	2	Final Test Cartridge; Q-bert II
1EE6	2	Final Test Cartridge; Q-bert II
1EE7	2	Final Test Cartridge; Q-bert II
1EE8	2	Final Test Cartridge; Q-bert II
1EE9	2	Final Test Cartridge; Q-bert II
1EEA	1	Final Test Cartridge
1EEB	2	Final Test Cartridge; Q-bert II
1EEC	2	Final Test Cartridge; Q-bert II
1EED	2	Final Test Cartridge; Q-bert II
1EEE	1	Final Test Cartridge
1EEF	1	Final Test Cartridge
1EF0	2	Final Test Cartridge; Q-bert II
1EF1	2	Final Test Cartridge; Q-bert II
1EF2	2	Final Test Cartridge; Q-bert II
1EF3	1	Final Test Cartridge
1EF4	2	Final Test Cartridge; Q-bert II
1EF5	2	Final Test Cartridge; Q-bert II
1EF6	2	Final Test Cartridge; Q-bert II
1EF7	1	Final Test Cartridge
1EF8	2	Final Test Cartridge; Q-bert II
1EF9	2	Final Test Cartridge; Q-bert II
1EFA	1	Final Test Cartridge
1EFB	2	Final Test Cartridge; Q-bert II
1EFC	2	Final Test Cartridge; Q-bert II
1EFD	1	Final Test Cartridge
1EFE	2	Final Test Cartridge; Q-bert II
1EFF	1	Final Test Cartridge
1F00	1	Final Test Cartridge
1F01	2	Final Test Cartridge; Q-bert II
1F02	2	Final Test Cartridge; Q-bert II
1F03	1	Final Test Cartridge
1F04	2	Final Test Cartridge; Q-bert II
1F05	2	Final Test Cartridge; Q-bert II
1F06	1	Final Test Cartridge
1F07	2	Final Test Cartridge; Q-bert II
1F08	2	Final Test Cartridge; Q-bert II
1F09	2	Final Test Cartridge; Q-bert II
1F0A	2	Final Test Cartridge; Q-bert II
1F0B	2	Final Test Cartridge; Q-bert II
1F0C	2	Final Test Cartridge; Q-bert II
1F0D	2	Final Test Cartridge; Q-bert II
1F0E	2	Final Test Cartridge; Q-bert II
1F0F	2	Final Test Cartridge; Q-bert II
1F10	1	Final Test Cartridge
1F11	2	Final Test Cartridge; Q-bert II
1F12	2	Final Test Cartridge; Q-bert II
1F13	2	Final Test Cartridge; Q-bert II
1F14	2	Final Test Cartridge; Q-bert II
1F15	2	Final Test Cartridge; Q-bert II
1F16	2	Final Test Cartridge; Q-bert II
1F17	2	Final Test Cartridge; Q-bert II
1F18	1	Final Test Cartridge
1F19	2	Final Test Cartridge; Q-bert II
1F1A	2	Final Test Cartridge; Q-bert II
1F1B	2	Final Test Cartridge; Q-bert II
1F1C	2	Final Test Cartridge; Q-bert II
1F1D	2	Final Test Cartridge; Q-bert II
1F1E	2	Final Test Cartridge; Q-bert II
1F1F	2	Final Test Cartridge; Q-bert II
1F20	2	Final Test Cartridge; Q-bert II
1F21	2	Final Test Cartridge; Q-bert II
1F22	2	Final Test Cartridge; Q-bert II
1F23	2	Final Test Cartridge; Q-bert II
1F24	1	Final Test Cartridge
1F25	2	Final Test Cartridge; Q-bert II
1F26	2	Final Test Cartridge; Q-bert II
1F27	2	Final Test Cartridge; Q-bert II
1F28	1	Final Test Cartridge
1F29	2	Final Test Cartridge; Q-bert II
1F2A	1	Final Test Cartridge
1F2B	2	Final Test Cartridge; Q-bert II
1F2C	2	Final Test Cartridge; Q-bert II
1F2D	2	Final Test Cartridge; Q-bert II
1F2E	2	Final Test Cartridge; Q-bert II
1F2F	2	Final Test Cartridge; Q-bert II
1F30	2	Final Test Cartridge; Q-bert II
1F31	2	Final Test Cartridge; Q-bert II
1F32	2	Final Test Cartridge; Q-bert II
1F33	2	Final Test Cartridge; Q-bert II
1F34	2	Final Test Cartridge; Q-bert II
1F35	2	Final Test Cartridge; Q-bert II
1F36	2	Final Test Cartridge; Q-bert II
1F37	2	Final Test Cartridge; Q-bert II
1F38	2	Final Test Cartridge; Q-bert II
1F39	2	Final Test Cartridge; Q-bert II
1F3A	2	Final Test Cartridge; Q-bert II
1F3B	2	Final Test Cartridge; Q-bert II
1F3C	2	Final Test Cartridge; Q-bert II
1F3D	1	Final Test Cartridge
1F3E	2	Final Test Cartridge; Q-bert II
1F3F	2	Final Test Cartridge; Q-bert II
1F40	1	Final Test Cartridge
1F41	2	Final Test Cartridge; Q-bert II
1F42	1	Final Test Cartridge
1F43	2	Final Test Cartridge; Q-bert II
1F44	2	Final Test Cartridge; Q-bert II
1F45	1	Final Test Cartridge
1F46	1	Final Test Cartridge
1F47	2	Final Test Cartridge; Q-bert II
1F48	2	Final Test Cartridge; Q-bert II
1F49	1	Final Test Cartridge
1F4A	1	Final Test Cartridge
1F4B	1	Final Test Cartridge
1F4C	1	Final Test Cartridge
1F4D	2	Final Test Cartridge; Q-bert II
1F4E	2	Final Test Cartridge; Q-bert II
1F4F	2	Final Test Cartridge; Q-bert II
1F50	1	Final Test Cartridge
1F51	1	Final Test Cartridge
1F52	1	Final Test Cartridge
1F53	2	Final Test Cartridge; Q-bert II
1F54	1	Final Test Cartridge
1F55	2	Final Test Cartridge; Q-bert II
1F56	2	Final Test Cartridge; Q-bert II
1F57	2	Final Test Cartridge; Q-bert II
1F58	1	Final Test Cartridge
1F59	2	Final Test Cartridge; Q-bert II
1F5A	2	Final Test Cartridge; Q-bert II
1F5B	2	Final Test Cartridge; Q-bert II
1F5C	1	Final Test Cartridge
1F5D	1	Final Test Cartridge
1F5E	1	Final Test Cartridge
1F5F	1	Final Test Cartridge
1F60	2	Final Test Cartridge; Pac-Man
1F61	2	Final Test Cartridge; Q-bert II
1F62	1	Final Test Cartridge
1F63	1	Final Test Cartridge
1F64	1	Final Test Cartridge
1F65	1	Final Test Cartridge
1F66	1	Final Test Cartridge
1F67	1	Final Test Cartridge
1F68	1	Final Test Cartridge
1F69	2	Final Test Cartridge; Q-bert II
1F6A	1	Final Test Cartridge
1F6B	2	Final Test Cartridge; Q-bert II
1F6C	1	Final Test Cartridge
1F6D	2	Final Test Cartridge; Q-bert II
1F6E	1	Final Test Cartridge
1F6F	1	Final Test Cartridge
1F70	1	Final Test Cartridge
1F71	1	Final Test Cartridge
1F72	2	Final Test Cartridge; Q-bert II
1F73	1	Final Test Cartridge
1F74	2	Final Test Cartridge; Q-bert II
1F75	1	Final Test Cartridge
1F76	1	Final Test Cartridge
1F77	2	Final Test Cartridge; Q-bert II
1F78	1	Final Test Cartridge
1F79	1	Final Test Cartridge
1F7A	1	Final Test Cartridge
1F7B	1	Final Test Cartridge
1F7C	1	Final Test Cartridge
1F7D	1	Final Test Cartridge
1F7E	1	Final Test Cartridge
1F7F	1	Final Test Cartridge
1F80	1	Final Test Cartridge
1F81	2	Final Test Cartridge; Q-bert II
1F82	1	Final Test Cartridge
1F83	1	Final Test Cartridge
1F84	1	Final Test Cartridge
1F85	2	Final Test Cartridge; Q-bert II
1F86	1	Final Test Cartridge
1F87	1	Final Test Cartridge
1F88	1	Final Test Cartridge
1F89	1	Final Test Cartridge
1F8A	1	Final Test Cartridge
1F8B	1	Final Test Cartridge
1F8C	2	Final Test Cartridge; Q-bert II
1F8D	2	Final Test Cartridge; Q-bert II
1F8E	1	Final Test Cartridge
1F8F	1	Final Test Cartridge
1F90	2	Final Test Cartridge; Q-bert II
1F91	1	Final Test Cartridge
1F92	2	Final Test Cartridge; Q-bert II
1F93	2	Final Test Cartridge; Q-bert II
1F94	2	Final Test Cartridge; Q-bert II
1F95	2	Final Test Cartridge; Q-bert II
1F96	2	Final Test Cartridge; Q-bert II
1F97	2	Final Test Cartridge; Q-bert II
1F98	2	Final Test Cartridge; Q-bert II
1F99	1	Final Test Cartridge
1F9A	1	Final Test Cartridge
1F9B	2	Final Test Cartridge; Q-bert II
1F9C	1	Final Test Cartridge
1F9D	1	Final Test Cartridge
1F9E	2	Final Test Cartridge; Q-bert II
1F9F	2	Final Test Cartridge; Q-bert II
1FA0	1	Final Test Cartridge
1FA1	1	Final Test Cartridge
1FA2	2	Final Test Cartridge; Q-bert II
1FA3	1	Final Test Cartridge
1FA4	2	Final Test Cartridge; Q-bert II
1FA5	2	Final Test Cartridge; Q-bert II
1FA6	2	Final Test Cartridge; Q-bert II
1FA7	1	Final Test Cartridge
1FA8	1	Final Test Cartridge
1FA9	2	Final Test Cartridge; Q-bert II
1FAA	1	Final Test Cartridge
1FAB	1	Final Test Cartridge
1FAC	2	Final Test Cartridge; Q-bert II
1FAD	2	Final Test Cartridge; Q-bert II
1FAE	2	Final Test Cartridge; Q-bert II
1FAF	1	Final Test Cartridge
1FB0	1	Final Test Cartridge
1FB1	1	Final Test Cartridge
1FB2	1	Final Test Cartridge
1FB3	2	Final Test Cartridge; Q-bert II
1FB4	1	Final Test Cartridge
1FB5	2	Final Test Cartridge; Q-bert II
1FB6	1	Final Test Cartridge
1FB7	1	Final Test Cartridge
1FB8	1	Final Test Cartridge
1FB9	1	Final Test Cartridge
1FBA	1	Final Test Cartridge
1FBB	2	Final Test Cartridge; Q-bert II
1FBC	1	Final Test Cartridge
1FBD	1	Final Test Cartridge
1FBE	1	Final Test Cartridge
1FBF	1	Final Test Cartridge
1FC0	1	Final Test Cartridge
1FC1	2	Final Test Cartridge; Q-bert II
1FC2	2	Final Test Cartridge; Q-bert II
1FC3	1	Final Test Cartridge
1FC4	1	Final Test Cartridge
1FC5	1	Final Test Cartridge
1FC6	2	Final Test Cartridge; Q-bert II
1FC7	1	Final Test Cartridge
1FC8	1	Final Test Cartridge
1FC9	2	Final Test Cartridge; Q-bert II
1FCA	1	Final Test Cartridge
1FCB	1	Final Test Cartridge
1FCC	1	Final Test Cartridge
1FCD	1	Final Test Cartridge
1FCE	2	Final Test Cartridge; Q-bert II
1FCF	2	Final Test Cartridge; Q-bert II
1FD0	1	Final Test Cartridge
1FD1	2	Final Test Cartridge; Q-bert II
1FD2	1	Final Test Cartridge
1FD3	1	Final Test Cartridge
1FD4	1	Final Test Cartridge
1FD5	2	Final Test Cartridge; Q-bert II
1FD6	1	Final Test Cartridge
1FD7	2	Final Test Cartridge; Q-bert II
1FD8	1	Final Test Cartridge
1FD9	1	Final Test Cartridge
1FDA	2	Final Test Cartridge; Q-bert II
1FDB	1	Final Test Cartridge
1FDC	1	Final Test Cartridge
1FDD	2	Final Test Cartridge; Q-bert II
1FDE	1	Final Test Cartridge
1FDF	2	Final Test Cartridge; Q-bert II
1FE0	1	Final Test Cartridge
1FE1	1	Final Test Cartridge
1FE2	2	Final Test Cartridge; Q-bert II
1FE3	2	Final Test Cartridge; Q-bert II
1FE4	2	Final Test Cartridge; Q-bert II
1FE5	2	Final Test Cartridge; Q-bert II
1FE6	2	Final Test Cartridge; Q-bert II
1FE7	2	Final Test Cartridge; Q-bert II
1FE8	2	Final Test Cartridge; Q-bert II
1FE9	2	Final Test Cartridge; Q-bert II
1FEA	1	Final Test Cartridge
1FEB	1	Final Test Cartridge
1FEC	1	Final Test Cartridge
1FED	1	Final Test Cartridge
1FEE	1	Final Test Cartridge
1FEF	1	Final Test Cartridge
1FF0	1	Final Test Cartridge
1FF1	2	Final Test Cartridge; Q-bert II
1FF2	1	Final Test Cartridge
1FF3	1	Final Test Cartridge
1FF4	2	Final Test Cartridge; Q-bert II
1FF5	1	Final Test Cartridge
1FF6	2	Final Test Cartridge; Q-bert II
1FF7	2	Final Test Cartridge; Q-bert II
1FF8	1	Final Test Cartridge
1FF9	2	Final Test Cartridge; Q-bert II
1FFA	1	Final Test Cartridge
1FFB	1	Final Test Cartridge
1FFC	1	Final Test Cartridge
1FFD	2	Final Test Cartridge; Q-bert II
1FFE	1	Final Test Cartridge
1FFF	2	Final Test Cartridge; Q-bert II
